sleeve,symbol,direction,signal_date,entry_date,exit_date,metric,hour,earnings_date,source,stock_return_in_direction,status,contract,strike,expiration,entry_premium,exit_premium,entry_volume,exit_volume,ret_cost_0,ret_cost_5,ret_cost_10,ret_cost_20
earnings_reversal,AAOI,bearish,2026-02-25,2026-02-26,2026-02-27,0.29124877920501113,amc,2026-02-26,edgar,-0.4445206654090208,no_option_trade_on_entry_or_exit,AAOI260306P00058000,,,,,,,,,,
earnings_reversal,AAOI,bearish,2026-05-06,2026-05-07,2026-05-08,0.13623350681199797,amc,2026-05-07,edgar,0.13707995365005787,priced,AAOI260515P00172500,172.5,2026-05-15,22.824464,16.663488,224.0,43.0,-0.26992861694364423,-0.30554185514151533,-0.33945922485377344,-0.4026688684084362
earnings_reversal,AAOI,bearish,2026-08-05,2026-08-06,2026-08-07,0.5095825466271632,amc,2026-08-06,edgar,-0.11739990113692533,priced,AAOI260814P00121000,121.0,2026-08-14,10.3875,3.094624,8.0,93.0,-0.702081925391095,-0.7166145143964074,-0.7304550753538479,-0.7562488480472596
earnings_reversal,AAON,bullish,2025-02-25,2025-02-26,2025-02-28,-0.1031679936404214,bmo,2025-02-27,edgar,-0.24831163746696683,no_option_trade_on_entry_or_exit,AAON250321C00100000,,,,,,,,,,
earnings_reversal,AAON,bullish,2025-11-04,2025-11-05,2025-11-07,-0.11884742961210981,bmo,2025-11-06,edgar,0.17021512530494554,no_option_trade_on_entry_or_exit,AAON251121C00090000,,,,,,,,,,
earnings_reversal,ABCL,bullish,2024-08-05,2024-08-06,2024-08-07,-0.10183181727898716,amc,2024-08-06,edgar,-0.07719298245614037,priced,ABCL240816C00003000,3.0,2024-08-16,0.18,0.055814,109.0,43.0,-0.6899222222222222,-0.7050479674796748,-0.7194534391534391,-0.7463
earnings_reversal,ABCL,bullish,2025-02-26,2025-02-27,2025-02-28,-0.13444604899177248,amc,2025-02-27,edgar,-0.12668918918918914,priced,ABCL250321C00003000,3.0,2025-03-21,0.329355,0.09,31.0,21.0,-0.7267386254952863,-0.7400684486418576,-0.752763518305259,-0.7764225117688706
earnings_reversal,ABCL,bullish,2025-05-07,2025-05-08,2025-05-09,-0.26434725784046853,amc,2025-05-08,edgar,-0.009756097560975618,priced,ABCL250516C00002000,2.0,2025-05-16,0.152576,0.182857,330.0,70.0,0.19846502726510074,0.14000331861802273,0.08432550085890056,-0.01943770496491759
earnings_reversal,ABCL,bullish,2025-11-05,2025-11-06,2025-11-07,-0.159089539554912,amc,2025-11-06,edgar,-0.1698513800424628,priced,ABCL251121C00005000,5.0,2025-11-21,0.260223,0.060758,719.0,409.0,-0.766515642352905,-0.7779051232137388,-0.7887522478431046,-0.8089673437432859
earnings_reversal,ABCL,bearish,2026-05-08,2026-05-11,2026-05-12,0.1529508722204499,amc,2026-05-11,edgar,0.09628655931646402,no_contract,,,,,,,,,,,
earnings_reversal,ABCL,bearish,2026-08-04,2026-08-05,2026-08-06,0.10283972752511217,amc,2026-08-05,edgar,-0.07933884297520666,priced,ABCL260821P00006000,6.0,2026-08-21,0.585484,0.395388,31.0,1056.0,-0.32468180172301886,-0.35762415285848137,-0.38899782060654087,-0.44746692868247007
earnings_reversal,ABSI,bullish,2025-11-11,2025-11-12,2025-11-13,-0.13872370868566353,amc,2025-11-12,edgar,-0.23699421965317913,no_contract,,,,,,,,,,,
earnings_reversal,ABSI,bearish,2026-03-23,2026-03-24,2026-03-25,0.20402895797912157,amc,2026-03-24,edgar,-0.006896551724137945,priced,ABSI260417P00003000,3.0,2026-04-17,0.375294,0.342,34.0,65.0,-0.08871444787286764,-0.13316740163516672,-0.17550354807545177,-0.2544027300778009
earnings_reversal,ABSI,bearish,2026-05-06,2026-05-07,2026-05-08,0.21533412926959128,amc,2026-05-07,edgar,-0.015490533562822817,priced,ABSI260515P00006000,6.0,2026-05-15,0.546154,0.7275,13.0,4.0,0.33204187829806253,0.267064225698157,0.20518074703158007,0.08985244588023278
earnings_reversal,ABSI,bearish,2026-08-10,2026-08-11,2026-08-12,0.11262787156760601,amc,2026-08-11,edgar,-0.052048726467331274,priced,ABSI260821P00009000,9.0,2026-08-21,0.763333,0.587826,18.0,23.0,-0.22992193446372688,-0.2674867181484233,-0.30326270261003874,-0.3699361281975948
earnings_reversal,ACHC,bearish,2025-01-08,2025-01-10,2025-01-14,0.12733695059928807,bmo,2025-01-13,edgar,0.014875666074600447,no_contract,,,,,,,,,,,
earnings_reversal,ACLS,bullish,2024-07-30,2024-07-31,2024-08-01,-0.12335618866914555,amc,2024-07-31,edgar,-0.07736342819757935,priced,ACLS240816C00120000,120.0,2024-08-16,9.125385,2.92,13.0,49.0,-0.6800135008002401,-0.6956225983221797,-0.7104884054859316,-0.7381928642911055
earnings_reversal,ACLS,bearish,2026-02-13,2026-02-17,2026-02-18,0.10904602988253753,amc,2026-02-17,edgar,0.11569980590899276,no_contract,,,,,,,,,,,
earnings_reversal,ACLS,bearish,2026-05-06,2026-05-07,2026-05-08,0.23869890113549241,amc,2026-05-07,edgar,0.032635139144366,priced,ACLS260515P00170000,170.0,2026-05-15,15.0,17.6,5.0,1.0,0.17333333333333334,0.11609756097560986,0.06158730158730141,-0.039999999999999925
earnings_reversal,ACLS,bearish,2026-08-04,2026-08-05,2026-08-07,0.12251667530282417,bmo,2026-08-06,edgar,-0.029126925898752765,priced,ACLS260821P00135000,135.0,2026-08-21,11.612667,6.6,15.0,5.0,-0.4316551055842728,-0.45937924677528386,-0.48578319076672305,-0.5349905409325868
earnings_reversal,ACMR,bullish,2024-08-05,2024-08-06,2024-08-08,-0.14236136765003438,bmo,2024-08-07,edgar,0.2713633398564905,priced,ACMR240816C00015000,15.0,2024-08-16,1.41375,4.564,8.0,10.0,2.2282935455349246,2.070815811606392,1.9208370173887412,1.6413310827103933
earnings_reversal,ACMR,bearish,2026-04-23,2026-04-24,2026-04-28,0.1143515528826925,bmo,2026-04-27,edgar,0.11236559139784941,no_option_trade_on_entry_or_exit,ACMR260508P00056000,,,,,,,,,,
earnings_reversal,ACMR,bearish,2026-08-05,2026-08-06,2026-08-10,0.16765684639656964,bmo,2026-08-07,edgar,-0.022468293311015186,no_option_trade_on_entry_or_exit,ACMR260821P00078000,,,,,,,,,,
earnings_reversal,ADBE,bullish,2026-09-09,2026-09-10,2026-09-11,-0.11296492355109689,amc,2026-09-10,edgar,0.0016679242285850826,priced,ADBE260918C00252500,252.5,2026-09-18,11.572633,5.524114,300.0,440.0,-0.5226571170104504,-0.5459421356928675,-0.5681183439618361,-0.6094467320994594
earnings_reversal,ADMA,bearish,2024-11-06,2024-11-07,2024-11-08,0.1464034343229138,amc,2024-11-07,edgar,-0.14242424242424234,priced,ADMA241115P00020000,20.0,2024-11-15,1.978,0.125081,10.0,124.0,-0.9367639029322548,-0.9398485905940961,-0.9427863883672781,-0.9482613751263903
earnings_reversal,ADPT,bearish,2024-05-06,2024-05-07,2024-05-08,0.1518760151747448,amc,2024-05-07,edgar,0.030487804878048697,no_contract,,,,,,,,,,,
earnings_reversal,ADPT,bearish,2024-11-06,2024-11-07,2024-11-08,0.11609454690234877,amc,2024-11-07,edgar,-0.005181347150259086,no_contract,,,,,,,,,,,
earnings_reversal,AEHR,bearish,2024-07-08,2024-07-09,2024-07-10,0.12561516306108156,amc,2024-07-09,edgar,-0.2137223974763407,priced,AEHR240719P00012500,12.5,2024-07-19,1.170485,0.207356,227.0,779.0,-0.8228460851698227,-0.8314877395517826,-0.8397178865822206,-0.8550558878662187
earnings_reversal,AEHR,bearish,2024-07-15,2024-07-16,2024-07-17,0.2656944118094484,amc,2024-07-16,edgar,-0.2475786924939467,no_contract,,,,,,,,,,,
earnings_reversal,AEHR,bearish,2025-04-07,2025-04-08,2025-04-09,0.10420107531678746,amc,2025-04-08,edgar,-0.1648936170212767,priced,AEHR250417P00007500,7.5,2025-04-17,1.14949,0.491839,98.0,1104.0,-0.5721241594098252,-0.5929961516337361,-0.6128742394660324,-0.6499197667898571
earnings_reversal,AEHR,bearish,2025-07-07,2025-07-08,2025-07-09,0.16794127933028435,amc,2025-07-08,edgar,0.1268068331143234,priced,AEHR250718P00015000,15.0,2025-07-18,1.471273,2.076351,1492.0,1181.0,0.4112615401764321,0.34241951382636215,0.2768556792072481,0.15466853287162619
earnings_reversal,AEHR,bearish,2026-01-07,2026-01-08,2026-01-09,0.1769566711244479,amc,2026-01-08,edgar,-0.1026392961876832,priced,AEHR260116P00025000,25.0,2026-01-16,3.450625,1.818003,80.0,671.0,-0.4731380547002355,-0.4988386373977849,-0.5233153828240227,-0.568931135663829
earnings_reversal,AEHR,bearish,2026-04-06,2026-04-07,2026-04-08,0.4824877444704694,amc,2026-04-07,edgar,-0.2780250910562525,priced,AEHR260417P00050000,50.0,2026-04-17,5.455885,1.179945,384.0,1095.0,-0.7837298623413067,-0.7942796251539259,-0.8043270183088013,-0.8230517055519783
earnings_reversal,AEO,bearish,2025-12-01,2025-12-02,2025-12-03,0.10614365635051903,amc,2025-12-02,edgar,-0.12535211267605617,priced,AEO251212P00021500,21.5,2025-12-12,1.928571,0.272258,14.0,31.0,-0.858829153813886,-0.865715536554672,-0.8722739963078017,-0.8844965803931795
earnings_reversal,AEO,bearish,2026-05-27,2026-05-28,2026-05-29,0.1144169876084693,amc,2026-05-28,edgar,0.09143185738930415,priced,AEO260605P00017500,17.5,2026-06-05,0.818611,2.132308,72.0,13.0,1.6047878662759238,1.4777250435307567,1.3567128313925023,1.1311900724075739
earnings_reversal,AESI,bearish,2025-10-31,2025-11-03,2025-11-04,0.17025122582909724,amc,2025-11-03,edgar,0.1384615384615384,priced,AESI251121P00012500,12.5,2025-11-21,0.991176,1.804444,34.0,27.0,0.8205081640394845,0.7317028877448755,0.6471264341309617,0.4895066796686689
earnings_reversal,AESI,bullish,2026-07-31,2026-08-03,2026-08-04,-0.10837660514011949,amc,2026-08-03,edgar,0.046934865900383205,priced,AESI260821C00010000,10.0,2026-08-21,1.365205,0.982685,219.0,216.0,-0.280192352064342,-0.3153049202563253,-0.3487454613915475,-0.4110664698708253
earnings_reversal,AEVA,bullish,2024-08-06,2024-08-07,2024-08-08,-0.14429832004560372,amc,2024-08-07,edgar,-0.03367003367003374,no_contract,,,,,,,,,,,
earnings_reversal,AEVA,bearish,2025-05-13,2025-05-14,2025-05-15,0.3609017129773602,amc,2025-05-14,edgar,-0.22254127781765987,no_contract,,,,,,,,,,,
earnings_reversal,AEVA,bullish,2025-07-30,2025-07-31,2025-08-01,-0.2395975314614558,amc,2025-07-31,edgar,-0.20854145854145845,priced,AEVA250815C00020000,20.0,2025-08-15,1.928211,0.457324,95.0,71.0,-0.7628247116109181,-0.7743942378738001,-0.7854128343146402,-0.8059474913180239
earnings_reversal,AEVA,bullish,2025-11-04,2025-11-05,2025-11-06,-0.12723528817709373,amc,2025-11-05,edgar,-0.0704022988505747,priced,AEVA251121C00015000,15.0,2025-11-21,1.031915,0.528415,355.0,183.0,-0.4879277847497129,-0.5129069172009464,-0.5366965671545021,-0.5810318238861287
earnings_reversal,AEVA,bearish,2026-08-04,2026-08-05,2026-08-06,0.3123427557041677,amc,2026-08-05,edgar,-0.24433497536945814,priced,AEVA260821P00020000,20.0,2026-08-21,2.278428,0.406227,159.0,2497.0,-0.821707335057329,-0.8304045382252642,-0.8386875888613929,-0.8541241832287237
earnings_reversal,AFRM,bearish,2024-08-27,2024-08-28,2024-08-29,0.10073982952298932,amc,2024-08-28,edgar,-0.2925845485572449,priced,AFRM240906P00032000,32.0,2024-09-06,3.07745,0.034404,200.0,981.0,-0.9888206144697721,-0.9893659503492954,-0.9898853178536033,-0.9908532300207226
earnings_reversal,AGCO,bearish,2026-07-28,2026-07-29,2026-07-31,0.11336326232396443,bmo,2026-07-30,edgar,0.13977770293027958,no_option_trade_on_entry_or_exit,AGCO260821P00120000,,,,,,,,,,
earnings_reversal,AGIO,bullish,2026-04-27,2026-04-28,2026-04-30,-0.10977300975340887,bmo,2026-04-29,edgar,0.140529531568228,no_option_trade_on_entry_or_exit,AGIO260515C00025000,,,,,,,,,,
earnings_reversal,AGYS,bullish,2024-10-25,2024-10-28,2024-10-29,-0.10361954445698807,amc,2024-10-28,edgar,-0.08268456375838917,priced,AGYS241115C00110000,110.0,2024-11-15,9.5,1.82,2.0,2.0,-0.8084210526315789,-0.8177663671373556,-0.8266666666666667,-0.8432535885167465
earnings_reversal,AI,bullish,2025-02-25,2025-02-26,2025-02-27,-0.15574832459961252,amc,2025-02-26,edgar,-0.10427606901725439,priced,AI250307C00026500,26.5,2025-03-07,2.211929,0.482057,1203.0,20983.0,-0.7820648854461423,-0.7926958666438914,-0.8028206106417477,-0.8216894517286619
earnings_reversal,AI,bearish,2026-06-02,2026-06-03,2026-06-04,0.150076523786138,amc,2026-06-03,edgar,0.04079782411604704,priced,AI260612P00011000,11.0,2026-06-12,1.12131,0.82056,145.0,482.0,-0.26821307221018276,-0.30390999551700315,-0.3379070653330226,-0.40126524089924054
earnings_reversal,AJG,bullish,2025-10-29,2025-10-30,2025-10-31,-0.10507712471048614,amc,2025-10-30,edgar,-0.056748582230623734,priced,AJG251121C00260000,260.0,2025-11-21,10.374444,2.899,9.0,10.0,-0.7205633381413019,-0.734194394817336,-0.747176353556416,-0.7713700039337924
earnings_reversal,AJG,bearish,2026-07-29,2026-07-30,2026-07-31,0.12916523401097801,amc,2026-07-30,edgar,0.07618800696322092,priced,AJG260821P00270000,270.0,2026-08-21,18.57,18.69,3.0,3.0,0.00646203554119551,-0.04263367350959446,-0.08939149165320404,-0.17653106182993106
earnings_reversal,AKAM,bearish,2026-02-18,2026-02-19,2026-02-20,0.16271502860535247,amc,2026-02-19,edgar,0.13002910065130036,no_contract,,,,,,,,,,,
earnings_reversal,AKAM,bearish,2026-05-06,2026-05-07,2026-05-08,0.1772126272698783,amc,2026-05-07,edgar,-0.2719913885898817,priced,AKAM260515P00115000,115.0,2026-05-15,8.841971,0.132491,1040.0,1080.0,-0.9850156712796276,-0.985746614144036,-0.9864427502053773,-0.9877400946833317
earnings_reversal,ALAB,bearish,2025-08-04,2025-08-05,2025-08-06,0.12362360911130033,amc,2025-08-05,edgar,-0.25586922079792584,no_option_trade_on_entry_or_exit,ALAB250815P00139000,,,,,,,,,,
earnings_reversal,ALAB,bearish,2025-11-03,2025-11-04,2025-11-05,0.12643129620800686,amc,2025-11-04,edgar,-0.0031427468710369943,priced,ALAB251114P00182500,182.5,2025-11-14,14.735667,11.3735,30.0,180.0,-0.2281652401618467,-0.26581571625151257,-0.3016733125273853,-0.36849883285969287
earnings_reversal,ALAB,bearish,2026-02-09,2026-02-10,2026-02-11,0.2356834787726767,amc,2026-02-10,edgar,0.24996738080947778,no_option_trade_on_entry_or_exit,ALAB260220P00192500,,,,,,,,,,
earnings_reversal,ALAB,bearish,2026-08-03,2026-08-04,2026-08-05,0.12564314568746549,amc,2026-08-04,edgar,0.07973527541760583,priced,ALAB260814P00345000,345.0,2026-08-14,33.0075,31.689394,4.0,33.0,-0.03993353025827462,-0.08676604097738316,-0.13136843213843907,-0.21449107021131564
earnings_reversal,ALB,bullish,2025-07-29,2025-07-30,2025-07-31,-0.14996518442707518,amc,2025-07-30,edgar,-0.05455305511042996,priced,ALB250808C00072000,72.0,2025-08-08,2.225833,0.911364,12.0,44.0,-0.5905514924075617,-0.6105245903389,-0.6295465883687463,-0.6649966756061868
earnings_reversal,ALGM,bullish,2024-07-30,2024-07-31,2024-08-02,-0.18037512863773575,bmo,2024-08-01,edgar,-0.004803493449781593,priced,ALGM240816C00022500,22.5,2024-08-16,2.003846,1.298148,26.0,27.0,-0.3521717736792148,-0.3837731505729116,-0.41386969999548007,-0.46995872391935745
earnings_reversal,ALGM,bearish,2024-10-29,2024-10-30,2024-11-01,0.17157560146775452,bmo,2024-10-31,edgar,0.09090909090909083,priced,ALGM241115P00022500,22.5,2024-11-15,1.182041,1.964,49.0,5.0,0.6615328909910909,0.5804825060646963,0.5032916632776534,0.3594360017199836
earnings_reversal,ALGM,bullish,2025-01-28,2025-01-29,2025-01-31,-0.11942700486615598,bmo,2025-01-30,edgar,0.06357615894039736,priced,ALGM250221C00022500,22.5,2025-02-21,1.667195,2.449412,82.0,17.0,0.4691814694741767,0.39751408071933914,0.3292594247623504,0.2020575659334174
earnings_reversal,ALGM,bearish,2026-05-05,2026-05-06,2026-05-08,0.17948735172926167,bmo,2026-05-07,edgar,0.025870646766169125,priced,ALGM260515P00050000,50.0,2026-05-15,2.772957,2.960667,115.0,30.0,0.06769307998645502,0.015610490718822811,-0.03399197525035025,-0.12643293455653692
earnings_reversal,ALGN,bullish,2026-04-28,2026-04-29,2026-04-30,-0.10556747649048848,amc,2026-04-29,edgar,-0.00716380866426003,no_option_trade_on_entry_or_exit,ALGN260508C00177500,,,,,,,,,,
earnings_reversal,ALGT,bearish,2024-07-30,2024-07-31,2024-08-01,0.13442900546687664,amc,2024-07-31,edgar,0.09234972677595632,priced,ALGT240816P00055000,55.0,2024-08-16,2.4015,5.223529,20.0,17.0,1.1751109723089734,1.0690079980499991,0.9679575463747854,0.7796362500709784
earnings_reversal,ALK,bearish,2026-04-17,2026-04-20,2026-04-21,0.1025356757663829,amc,2026-04-20,edgar,0.07457021656619778,priced,ALK260515P00045000,45.0,2026-05-15,3.337754,4.35596,325.0,151.0,0.30505723309746613,0.24139590465368732,0.1807660680405645,0.06777409980701754
earnings_reversal,ALKS,bullish,2025-07-25,2025-07-28,2025-07-30,-0.12226652635512225,bmo,2025-07-29,edgar,0.06847742922723787,priced,ALKS250815C00026000,26.0,2025-08-15,1.564936,2.391667,235.0,12.0,0.5282842237637833,0.45373377382408653,0.3827333453100894,0.2504143648976409
earnings_reversal,AMAT,bearish,2026-02-11,2026-02-12,2026-02-13,0.12704979605398248,amc,2026-02-12,edgar,-0.0442214899376252,priced,AMAT260220P00340000,340.0,2026-02-20,14.708612,3.607646,1059.0,650.0,-0.7547255988532433,-0.7666902037872314,-0.7780850656291249,-0.7993209445162899
earnings_reversal,AMBA,bearish,2024-11-25,2024-11-26,2024-11-27,0.14578932966527147,amc,2024-11-26,edgar,-0.06435498089920655,priced,AMBA241206P00068000,68.0,2024-12-06,4.417333,0.324153,30.0,118.0,-0.9266179389237805,-0.9301975516592058,-0.9336067066453252,-0.9399601318467294
earnings_reversal,AMBA,bearish,2026-05-27,2026-05-28,2026-05-29,0.15091511040649186,amc,2026-05-28,edgar,0.2045842746156813,priced,AMBA260605P00091000,91.0,2026-06-05,8.032143,12.32,14.0,1.0,0.5338372337245492,0.45901590525018077,0.3877574971793538,0.2549577366837219
earnings_reversal,AMKR,bearish,2026-04-24,2026-04-27,2026-04-28,0.14574016964576542,amc,2026-04-27,edgar,0.09933106146661619,priced,AMKR260515P00080000,80.0,2026-05-15,9.886063,10.806786,127.0,28.0,0.09313343441165611,0.039809852245234145,-0.010974511722787406,-0.10561809911773601
earnings_reversal,AMLX,bearish,2024-11-05,2024-11-06,2024-11-08,0.14696663049828962,bmo,2024-11-07,edgar,-0.14922813036020588,priced,AMLX241115P00006000,6.0,2024-11-15,0.325556,0.09,9.0,50.0,-0.7235498654609345,-0.7370352378774743,-0.7498784497027503,-0.7738135262862191
earnings_reversal,AMPL,bullish,2026-02-17,2026-02-18,2026-02-19,-0.11138609201994087,amc,2026-02-18,edgar,0.12578616352201255,no_contract,,,,,,,,,,,
earnings_reversal,AMPL,bearish,2026-05-05,2026-05-06,2026-05-07,0.10686322053868946,amc,2026-05-06,edgar,0.23840206185567003,priced,AMPL260515P00008000,8.0,2026-05-15,0.849867,2.2025,75.0,28.0,1.591581976944628,1.465163343922939,1.3447646458070444,1.1203852538637862
earnings_reversal,AMRX,bearish,2025-02-26,2025-02-27,2025-03-03,0.10363498999782106,bmo,2025-02-28,edgar,-0.049101796407185594,no_contract,,,,,,,,,,,
earnings_reversal,AMSC,bearish,2024-05-28,2024-05-29,2024-05-30,0.11102940852227006,amc,2024-05-29,edgar,-0.12443584784010331,priced,AMSC240621P00016000,16.0,2024-06-21,1.608869,0.307857,168.0,28.0,-0.8086500516822688,-0.8179841955026459,-0.8268738562839575,-0.8434409513764017
earnings_reversal,AMSC,bullish,2024-08-05,2024-08-06,2024-08-07,-0.12501509409854183,amc,2024-08-06,edgar,-0.13419713095788977,priced,AMSC240816C00022000,22.0,2024-08-16,1.423778,0.135246,45.0,61.0,-0.9050090674248373,-0.909642771452894,-0.9140558229081861,-0.9222801460748669
earnings_reversal,AMSC,bearish,2026-08-04,2026-08-05,2026-08-06,0.12306137359211677,amc,2026-08-05,edgar,0.010526315789473717,priced,AMSC260821P00033000,33.0,2026-08-21,3.533636,2.879123,11.0,57.0,-0.18522366197310647,-0.22496884919393045,-0.2628214084518584,-0.33336481434163256
earnings_reversal,AMTM,bearish,2025-11-21,2025-11-24,2025-11-25,0.12839838684829097,amc,2025-11-24,edgar,-0.21703853955375263,priced,AMTM251219P00025000,25.0,2025-12-19,1.536747,0.242938,83.0,2158.0,-0.8419141211923629,-0.8496256274756622,-0.8569699191740426,-0.870657008248297
earnings_reversal,AN,bearish,2026-07-29,2026-07-30,2026-08-03,0.13632366987469202,bmo,2026-07-31,edgar,0.029638304580874686,no_option_trade_on_entry_or_exit,AN260821P00220000,,,,,,,,,,
earnings_reversal,ANAB,bullish,2024-11-04,2024-11-05,2024-11-06,-0.3535033194624917,amc,2024-11-05,edgar,0.1308553971486761,priced,ANAB241115C00020000,20.0,2024-11-15,0.79995,2.6,600.0,1.0,2.250203137696106,2.091656643174345,1.9406599817250476,1.6592571126604505
earnings_reversal,ANAB,bullish,2025-02-26,2025-02-27,2025-02-28,-0.10869675519270239,amc,2025-02-27,edgar,-0.014645577035735213,priced,ANAB250321C00017500,17.5,2025-03-21,1.2,1.02,17.0,1.0,-0.1499999999999999,-0.19146341463414618,-0.23095238095238102,-0.30454545454545456
earnings_reversal,ANAB,bullish,2026-01-08,2026-01-09,2026-01-12,-0.1080077074730299,amc,2026-01-09,edgar,0.14690058479532175,no_contract,,,,,,,,,,,
earnings_reversal,ANDE,bullish,2026-07-31,2026-08-03,2026-08-04,-0.1024810701981047,amc,2026-08-03,edgar,0.07088425593098502,priced,ANDE260821C00070000,70.0,2026-08-21,3.825,5.16,2.0,1.0,0.3490196078431371,0.2832137733142037,0.22054154995331454,0.1037433155080214
earnings_reversal,ANET,bullish,2025-02-14,2025-02-18,2025-02-19,-0.11503943851801957,amc,2025-02-18,edgar,-0.04747937671860669,priced,ANET250228C00109000,109.0,2025-02-28,6.816236,1.342418,178.0,455.0,-0.8030558214240235,-0.8126628545252906,-0.8218124098598307,-0.8388638538923828
earnings_reversal,ANET,bearish,2025-05-05,2025-05-06,2025-05-07,0.12396044891855185,amc,2025-05-06,edgar,0.011095859071150738,priced,ANET250516P00087000,87.0,2025-05-16,2.985439,4.003043,228.0,276.0,0.34085573344489695,0.2754481366914876,0.2131551874025257,0.0970637819094613
earnings_reversal,ANF,bearish,2024-05-29,2024-05-30,2024-05-31,0.3077228247116749,amc,2024-05-30,edgar,0.08086984262016172,priced,ANF240607P00187500,187.5,2024-06-07,8.67931,15.83,29.0,2.0,0.8238777045640726,0.7349080604389961,0.6501750660341608,0.492263576461514
earnings_reversal,ANF,bullish,2024-08-28,2024-08-29,2024-08-30,-0.18973708092393382,amc,2024-08-29,edgar,0.06548736462093863,priced,ANF240906C00138000,138.0,2024-09-06,6.244565,8.583333,92.0,6.0,0.3745285700445107,0.3074783958959981,0.24362108718312858,0.12461428458187229
earnings_reversal,ANF,bullish,2025-03-05,2025-03-06,2025-03-07,-0.1506867516240319,amc,2025-03-06,edgar,0.0015133876600696983,priced,ANF250314C00086000,86.0,2025-03-14,2.772581,2.261795,31.0,39.0,-0.18422762040135165,-0.2240213950159199,-0.2619202279821754,-0.3325498712374695
earnings_reversal,ANF,bearish,2025-05-28,2025-05-29,2025-05-30,0.1671997503929351,amc,2025-05-29,edgar,0.11290687160940338,priced,ANF250606P00088000,88.0,2025-06-06,6.054151,7.974737,53.0,38.0,0.3172345717838885,0.2529792268188207,0.1917836601854228,0.07773737691409033
earnings_reversal,ANF,bearish,2025-11-25,2025-11-26,2025-11-28,0.29756665080337497,amc,2025-11-26,edgar,-0.07928981032201143,priced,ANF251205P00091000,91.0,2025-12-05,1.5425,0.478182,44.0,11.0,-0.6899954619124797,-0.7051176345021148,-0.7195197036351008,-0.746359923382938
earnings_reversal,ANIP,bullish,2025-05-16,2025-05-19,2025-05-21,-0.14977233114572353,bmo,2025-05-20,edgar,-0.007725898555592914,no_contract,,,,,,,,,,,
earnings_reversal,APA,bullish,2026-04-13,2026-04-14,2026-04-15,-0.12096694948050435,amc,2026-04-14,edgar,-0.057187017001545604,priced,APA260424C00039000,39.0,2026-04-24,0.754167,0.336667,36.0,3.0,-0.5535909155399268,-0.5753669684404181,-0.5961060664408863,-0.6347562036235765
earnings_reversal,APLD,bearish,2024-08-27,2024-08-28,2024-08-29,0.16580345703602606,amc,2024-08-28,edgar,0.19747899159663862,no_option_trade_on_entry_or_exit,APLD240906P00005000,,,,,,,,,,
earnings_reversal,APLD,bullish,2025-01-13,2025-01-14,2025-01-15,-0.13225635257909074,amc,2025-01-14,edgar,-0.12172088142707238,priced,APLD250124C00009500,9.5,2025-01-24,0.87252,0.222071,619.0,840.0,-0.7454831980928804,-0.7578986518444473,-0.7697228935126061,-0.7917589802578113
earnings_reversal,APLD,bearish,2025-10-08,2025-10-09,2025-10-10,0.10721294630585587,amc,2025-10-09,edgar,-0.20617459190915555,priced,APLD251017P00028000,28.0,2025-10-17,2.616434,0.468832,802.0,1293.0,-0.8208126021906151,-0.8295534508642437,-0.8378780686486518,-0.8533921290650488
earnings_reversal,APLD,bearish,2026-01-06,2026-01-07,2026-01-08,0.20578715600409292,amc,2026-01-07,edgar,-0.030322580645161246,priced,APLD260116P00031000,31.0,2026-01-16,3.072987,1.109393,77.0,527.0,-0.6389854561701693,-0.6565959217228439,-0.6733677936777722,-0.7046244641392294
earnings_reversal,APLD,bearish,2026-04-07,2026-04-08,2026-04-09,0.17254760036832573,amc,2026-04-08,edgar,0.10107224468272102,priced,APLD260417P00028500,28.5,2026-04-17,2.444248,3.109,113.0,10.0,0.2719658561651681,0.2099187412302821,0.15082625081610446,0.04069933686241045
earnings_reversal,APO,bullish,2026-06-30,2026-07-01,2026-07-02,-0.11367507792219944,amc,2026-07-01,edgar,0.0025357112670103543,no_option_trade_on_entry_or_exit,APO260710C00118000,,,,,,,,,,
earnings_reversal,APPN,bearish,2024-11-05,2024-11-06,2024-11-08,0.12922041340359425,bmo,2024-11-07,edgar,-0.04216713519039095,priced,APPN241115P00040000,40.0,2024-11-15,2.090411,0.572632,73.0,19.0,-0.7260672661978912,-0.7394298385784819,-0.7521560979885682,-0.7758732177982747
earnings_reversal,APPS,bullish,2024-05-24,2024-05-28,2024-05-29,-0.1478221440996791,amc,2024-05-28,edgar,-0.13888888888888895,no_contract,,,,,,,,,,,
earnings_reversal,APPS,bullish,2024-08-06,2024-08-07,2024-08-08,-0.21208477981616625,amc,2024-08-07,edgar,0.5911602209944751,no_contract,,,,,,,,,,,
earnings_reversal,APPS,bullish,2024-11-05,2024-11-06,2024-11-07,-0.1142670937258693,amc,2024-11-06,edgar,-0.46726190476190477,priced,APPS241115C00003500,3.5,2024-11-15,0.27855,0.014395,200.0,157.0,-0.9483216657691618,-0.9508425601218855,-0.9532434118863844,-0.957717726538405
earnings_reversal,APPS,bullish,2025-06-13,2025-06-16,2025-06-17,-0.17037441919860308,amc,2025-06-16,edgar,0.5387755102040814,no_contract,,,,,,,,,,,
earnings_reversal,ARES,bullish,2026-02-03,2026-02-04,2026-02-05,-0.1122393274728335,amc,2026-02-04,edgar,-0.06405038015513409,priced,ARES260220C00130000,130.0,2026-02-20,8.123125,4.296364,16.0,22.0,-0.47109468338847427,-0.49689494273537793,-0.5214666183038577,-0.5672592864087518
earnings_reversal,ARQT,bullish,2026-08-04,2026-08-05,2026-08-06,-0.12704204101163497,amc,2026-08-05,edgar,0.013808975834292303,no_option_trade_on_entry_or_exit,ARQT260821C00025000,,,,,,,,,,
earnings_reversal,ARXS,bearish,2026-05-26,2026-05-27,2026-05-29,0.14166789679991576,dmh,2026-05-28,edgar,-0.12917818547373705,priced,ARXS260618P00040000,40.0,2026-06-18,3.5,1.1,9.0,3.0,-0.6857142857142857,-0.7010452961672473,-0.7156462585034014,-0.7428571428571429
earnings_reversal,ASST,bullish,2025-09-30,2025-10-01,2025-10-03,-0.27553041143688184,bmo,2025-10-02,edgar,-0.02621722846441943,no_contract,,,,,,,,,,,
earnings_reversal,ASST,bullish,2025-11-13,2025-11-14,2025-11-17,-0.22240758392781035,amc,2025-11-14,edgar,-0.01886792452830177,no_contract,,,,,,,,,,,
earnings_reversal,ASST,bearish,2026-03-17,2026-03-18,2026-03-20,0.23472939714594265,bmo,2026-03-19,edgar,0.05738476011288818,priced,ASST260327P00010500,10.5,2026-03-27,1.005641,0.918027,39.0,147.0,-0.08712254174203315,-0.13165314946193396,-0.17406325205231588,-0.25310026142529995
earnings_reversal,ASTS,bearish,2024-11-13,2024-11-14,2024-11-15,0.22264999714276412,amc,2024-11-14,edgar,0.16448275862068962,priced,ASTS241122P00029000,29.0,2024-11-22,4.575,5.727213,24.0,122.0,0.25184983606557365,0.19078399040383842,0.13262604215456664,0.024240774962742018
earnings_reversal,ASTS,bearish,2025-07-23,2025-07-24,2025-07-25,0.10174617522989737,amc,2025-07-24,edgar,0.0778173794976239,priced,ASTS250801P00059000,59.0,2025-08-01,2.719219,5.223492,64.0,63.0,0.9209530383540276,0.8272480120928556,0.738005129939358,0.5716888495623862
earnings_reversal,ASTS,bullish,2025-08-08,2025-08-11,2025-08-12,-0.13842955679581792,amc,2025-08-11,edgar,0.07589189189189183,priced,ASTS250822C00046000,46.0,2025-08-22,3.83993,7.31424,143.0,125.0,0.9047847226381731,0.8118683947046039,0.7233766538154898,0.5584602276130508
earnings_reversal,ASTS,bullish,2025-11-07,2025-11-10,2025-11-11,-0.12044987866246748,amc,2025-11-10,edgar,-0.0479596129575095,no_option_trade_on_entry_or_exit,ASTS251121C00071000,,,,,,,,,,
earnings_reversal,ASTS,bullish,2026-02-10,2026-02-11,2026-02-12,-0.1714815731129653,amc,2026-02-11,edgar,-0.18400158793171895,priced,ASTS260220C00101000,101.0,2026-02-20,5.934684,0.951111,190.0,72.0,-0.8397368756280874,-0.847554589012083,-0.8550000303301742,-0.8688756255138896
earnings_reversal,ASTS,bearish,2026-08-07,2026-08-10,2026-08-11,0.1747041095673184,amc,2026-08-10,edgar,-0.0002792906018711516,priced,ASTS260821P00072000,72.0,2026-08-21,7.162,6.0575,5.0,4.0,-0.15421669924602066,-0.1954744212340196,-0.23476748979401874,-0.3079954812012896
earnings_reversal,ATEC,bearish,2026-08-03,2026-08-04,2026-08-05,0.13788289288136746,amc,2026-08-04,edgar,0.03915662650602414,priced,ATEC260821P00010000,10.0,2026-08-21,0.856757,0.665122,37.0,41.0,-0.22367485763174388,-0.26154437677165876,-0.2976105854763398,-0.36482488351688136
earnings_reversal,ATI,bearish,2025-04-29,2025-04-30,2025-05-02,0.12028961970185204,bmo,2025-05-01,edgar,-0.2740669856459328,priced,ATI250516P00052500,52.5,2025-05-16,2.002778,0.11,18.0,18.0,-0.945076289034531,-0.9477554944474808,-0.95030711865029,-0.9550624183009799
earnings_reversal,ATKR,bullish,2024-08-02,2024-08-05,2024-08-06,-0.10667018129266748,amc,2024-08-05,edgar,-0.11359649122807025,no_option_trade_on_entry_or_exit,ATKR240816C00115000,,,,,,,,,,
earnings_reversal,ATRC,bearish,2025-07-28,2025-07-29,2025-07-30,0.11845766203688901,amc,2025-07-29,edgar,-0.055906221821460766,no_option_trade_on_entry_or_exit,ATRC250815P00035000,,,,,,,,,,
earnings_reversal,ATRC,bullish,2026-02-13,2026-02-17,2026-02-18,-0.10456787821652258,amc,2026-02-17,edgar,-0.011944869831546745,no_contract,,,,,,,,,,,
earnings_reversal,ATRO,bearish,2026-01-13,2026-01-14,2026-01-15,0.13005819205008318,amc,2026-01-14,edgar,-0.06282107735212095,no_contract,,,,,,,,,,,
earnings_reversal,AVAH,bearish,2024-03-12,2024-03-13,2024-03-15,0.10405009996558456,bmo,2024-03-14,edgar,-0.010204081632652962,no_contract,,,,,,,,,,,
earnings_reversal,AVAH,bearish,2025-10-20,2025-10-21,2025-10-22,0.14366393854998782,amc,2025-10-21,edgar,0.07380254154447707,no_contract,,,,,,,,,,,
earnings_reversal,AVAV,bullish,2024-06-25,2024-06-26,2024-06-27,-0.10034810834626662,amc,2024-06-26,edgar,-0.09011404899503916,priced,AVAV240719C00195000,195.0,2024-07-19,14.545385,0.926932,169.0,88.0,-0.9362731203058565,-0.9393817485836196,-0.9423423469433939,-0.9478598257047917
earnings_reversal,AVAV,bearish,2024-09-03,2024-09-04,2024-09-05,0.10262484260228844,amc,2024-09-04,edgar,0.04167535989985405,priced,AVAV240920P00190000,190.0,2024-09-20,9.130374,6.192544,107.0,114.0,-0.3217644753654122,-0.35484913510368465,-0.3863583348544206,-0.4450800252989736
earnings_reversal,AVAV,bearish,2026-03-09,2026-03-10,2026-03-11,0.10445153818620923,amc,2026-03-10,edgar,0.0754406266690405,priced,AVAV260320P00225000,225.0,2026-03-20,16.848983,23.609091,59.0,11.0,0.4012175690366593,0.3328654924982857,0.2677682767474536,0.14645073830272115
earnings_reversal,AVAV,bullish,2026-06-26,2026-06-29,2026-06-30,-0.1744021014798891,amc,2026-06-29,edgar,0.14951253481894144,no_option_trade_on_entry_or_exit,AVAV260710C00144000,,,,,,,,,,
earnings_reversal,AVGO,bearish,2026-06-02,2026-06-03,2026-06-04,0.12275220253231645,amc,2026-06-03,edgar,0.15333232277297748,no_option_trade_on_entry_or_exit,AVGO260610P00495000,,,,,,,,,,
earnings_reversal,AVTR,bearish,2026-07-27,2026-07-28,2026-07-30,0.10368653072753653,bmo,2026-07-29,edgar,-0.1676495366470092,priced,AVTR260821P00012000,12.0,2026-08-21,0.680784,0.110769,51.0,13.0,-0.8372920045124445,-0.8452289799020813,-0.8527880040826878,-0.8668752764192728
earnings_reversal,AWK,bearish,2026-02-17,2026-02-18,2026-02-19,0.10007311965966947,amc,2026-02-18,edgar,0.007630127672433207,no_contract,,,,,,,,,,,
earnings_reversal,AXGN,bullish,2025-01-07,2025-01-08,2025-01-13,-0.11060673186376158,bmo,2025-01-10,edgar,0.2517146776406036,no_contract,,,,,,,,,,,
earnings_reversal,AXON,bullish,2025-02-24,2025-02-25,2025-02-26,-0.27078540927126804,amc,2025-02-25,edgar,0.14731261462603107,priced,AXON250321C00500000,500.0,2025-03-21,39.572576,84.601545,427.0,123.0,1.1378831896109065,1.0335962047518379,0.9342752667908198,0.7491771551361959
earnings_reversal,AXSM,bearish,2025-02-13,2025-02-14,2025-02-19,0.1980599811721817,bmo,2025-02-18,edgar,0.03533166172783242,no_contract,,,,,,,,,,,
earnings_reversal,AXSM,bearish,2026-04-30,2026-05-01,2026-05-05,0.12197483077840243,bmo,2026-05-04,edgar,-0.07638855378082332,priced,AXSM260515P00210000,210.0,2026-05-15,12.260667,0.69,30.0,8.0,-0.9437224744787539,-0.9464677196261317,-0.9490822388141107,-0.9539547518462532
earnings_reversal,AXSM,bullish,2026-08-06,2026-08-07,2026-08-11,-0.14293891470727482,bmo,2026-08-10,edgar,0.026840527292628424,no_option_trade_on_entry_or_exit,AXSM260821C00210000,,,,,,,,,,
earnings_reversal,AXTI,bullish,2024-04-04,2024-04-05,2024-04-09,-0.3134999365189649,dmh,2024-04-08,edgar,0.07042253521126751,no_contract,,,,,,,,,,,
earnings_reversal,AXTI,bearish,2025-02-19,2025-02-20,2025-02-21,0.15388554106795327,amc,2025-02-20,edgar,0.33333333333333337,no_contract,,,,,,,,,,,
earnings_reversal,AXTI,bearish,2025-07-08,2025-07-09,2025-07-10,0.12619750492730875,amc,2025-07-09,edgar,0.06611570247933896,no_option_trade_on_entry_or_exit,AXTI250718P00002500,,,,,,,,,,
earnings_reversal,AXTI,bullish,2025-07-30,2025-07-31,2025-08-01,-0.1657833490000885,amc,2025-07-31,edgar,-0.11111111111111116,no_contract,,,,,,,,,,,
earnings_reversal,AXTI,bearish,2025-10-29,2025-10-30,2025-10-31,0.34833079332761696,amc,2025-10-30,edgar,-0.14884393063583823,priced,AXTI251121P00007500,7.5,2025-11-21,1.19,0.551488,4.0,121.0,-0.5365647058823529,-0.5591713055954088,-0.5807014005602241,-0.6208256684491978
earnings_reversal,AXTI,bearish,2026-01-07,2026-01-08,2026-01-12,0.45600624184088645,bmo,2026-01-09,edgar,0.08740254411161275,no_contract,,,,,,,,,,,
earnings_reversal,AXTI,bearish,2026-04-17,2026-04-20,2026-04-21,0.2479116916796078,amc,2026-04-20,edgar,0.08235207716223159,no_option_trade_on_entry_or_exit,AXTI260501P00082000,,,,,,,,,,
earnings_reversal,AXTI,bullish,2026-04-29,2026-04-30,2026-05-01,-0.18807030141852032,amc,2026-04-30,edgar,0.2866045701266502,priced,AXTI260508C00075000,75.0,2026-05-08,10.327,17.611176,40.0,17.0,0.7053525709305704,0.6221646406412742,0.542938040365754,0.3952884671250121
earnings_reversal,AXTI,bullish,2026-07-29,2026-07-30,2026-07-31,-0.31310218134068113,amc,2026-07-30,edgar,0.46550260700860924,no_option_trade_on_entry_or_exit,AXTI260807C00041000,,,,,,,,,,
earnings_reversal,BAH,bullish,2025-01-29,2025-01-30,2025-02-03,-0.10832119669225249,bmo,2025-01-31,edgar,0.015219267278575366,priced,BAH250221C00125000,125.0,2025-02-21,7.553871,8.752632,62.0,19.0,0.1586949260849173,0.10217322237345816,0.04834302836254434,-0.0519768786577951
earnings_reversal,BAND,bullish,2026-07-27,2026-07-28,2026-07-30,-0.1717512368330697,bmo,2026-07-29,edgar,-0.3243431355489821,priced,BAND260821C00055000,55.0,2026-08-21,6.089851,0.3602,67.0,250.0,-0.9408524116599897,-0.9437376598716976,-0.9464855153114192,-0.9516065186309006
earnings_reversal,BANR,bearish,2024-07-16,2024-07-17,2024-07-18,0.17021936747463384,amc,2024-07-17,edgar,-0.009318377911993192,no_contract,,,,,,,,,,,
earnings_reversal,BAX,bearish,2026-07-28,2026-07-29,2026-07-31,0.10528474995355908,bmo,2026-07-30,edgar,-0.0721311475409836,priced,BAX260807P00024500,24.5,2026-08-07,1.21,0.100198,6.0,101.0,-0.9171917355371901,-0.9212311630719613,-0.9250782369146006,-0.9322477836213373
earnings_reversal,BBIO,bearish,2025-02-18,2025-02-19,2025-02-21,0.10606561204323506,bmo,2025-02-20,edgar,-0.0406664783959334,no_contract,,,,,,,,,,,
earnings_reversal,BBIO,bearish,2025-10-28,2025-10-29,2025-10-30,0.16129451149965846,amc,2025-10-29,edgar,0.08649272019605025,priced,BBIO251121P00070000,70.0,2025-11-21,6.6,6.88,1.0,1.0,0.042424242424242475,-0.008425720620842347,-0.056854256854256824,-0.14710743801652892
earnings_reversal,BBIO,bullish,2026-02-23,2026-02-24,2026-02-25,-0.10165071935476144,amc,2026-02-24,edgar,-0.020173759387424384,priced,BBIO260320C00067500,67.5,2026-03-20,4.15,2.725682,2.0,44.0,-0.3432091566265061,-0.3752477343520424,-0.40576066551921985,-0.4626256736035049
earnings_reversal,BBNX,bullish,2025-03-24,2025-03-25,2025-03-26,-0.12239424137101962,amc,2025-03-25,edgar,-0.10726408689748812,no_contract,,,,,,,,,,,
earnings_reversal,BBNX,bearish,2025-10-27,2025-10-28,2025-10-29,0.15089484485938276,amc,2025-10-28,edgar,-0.12563025210084033,no_option_trade_on_entry_or_exit,BBNX251121P00025000,,,,,,,,,,
earnings_reversal,BBNX,bearish,2026-04-20,2026-04-21,2026-04-22,0.17661532582757689,amc,2026-04-21,edgar,0.06369915579432084,priced,BBNX260515P00012500,12.5,2026-05-15,1.523077,1.0,13.0,10.0,-0.3434343765942234,-0.3754619679798711,-0.40596443596620224,-0.46280994448618284
earnings_reversal,BBT,bearish,2024-07-16,2024-07-17,2024-07-19,0.15273910451004313,dmh,2024-07-18,edgar,-0.05356454720616566,no_contract,,,,,,,,,,,
earnings_reversal,BDC,bearish,2026-02-10,2026-02-11,2026-02-13,0.12124892210725213,bmo,2026-02-12,edgar,-0.04468649629939958,priced,BDC260220P00145000,145.0,2026-02-20,6.37,1.75,2.0,2.0,-0.7252747252747254,-0.7386759581881532,-0.7514390371533228,-0.7752247752247753
earnings_reversal,BE,bullish,2024-08-07,2024-08-08,2024-08-09,-0.24308802844310673,amc,2024-08-08,edgar,0.12536728697355537,priced,BE240816C00010000,10.0,2024-08-16,1.107042,1.705833,71.0,12.0,0.5408927574563565,0.46572725709263163,0.39414106627003664,0.2607304379188371
earnings_reversal,BE,bearish,2025-07-30,2025-07-31,2025-08-01,0.3623038455591514,amc,2025-07-31,edgar,0.007567567567567601,priced,BE250808P00037000,37.0,2025-08-08,2.124483,1.710194,58.0,103.0,-0.19500697346130802,-0.23427492597539068,-0.2716729759888026,-0.3413693419228885
earnings_reversal,BEAM,bullish,2024-08-02,2024-08-05,2024-08-07,-0.1617095883956522,bmo,2024-08-06,edgar,-0.011717171717171682,priced,BEAM240816C00025000,25.0,2024-08-16,2.212308,1.425,65.0,2.0,-0.35587630655406033,-0.38729697452703293,-0.4172214202155784,-0.472989705362413
earnings_reversal,BEAM,bullish,2025-08-01,2025-08-04,2025-08-06,-0.11533832442985337,bmo,2025-08-05,edgar,-0.03785488958990535,priced,BEAM250815C00019000,19.0,2025-08-15,1.18,0.85,4.0,3.0,-0.2796610169491526,-0.31479950392724254,-0.3482647296206618,-0.4106317411402157
earnings_reversal,BEAM,bullish,2025-10-31,2025-11-03,2025-11-05,-0.11355824602404463,bmo,2025-11-04,edgar,-0.0648561005269559,priced,BEAM251121C00025000,25.0,2025-11-21,1.565,0.9,4.0,21.0,-0.4249201277955271,-0.45297280448842825,-0.4796896394340484,-0.5294801045599767
earnings_reversal,BELFB,bullish,2026-07-28,2026-07-29,2026-07-30,-0.10105014234071485,amc,2026-07-29,edgar,0.013072679299592327,no_option_trade_on_entry_or_exit,BELFB260821C00250000,,,,,,,,,,
earnings_reversal,BETA,bearish,2026-05-08,2026-05-11,2026-05-13,0.1190108427173906,bmo,2026-05-12,edgar,0.004862236628849215,no_contract,,,,,,,,,,,
earnings_reversal,BETA,bearish,2026-08-10,2026-08-11,2026-08-13,0.19199220464787237,bmo,2026-08-12,edgar,-0.11754684838160134,priced,BETA260821P00022500,22.5,2026-08-21,0.67383,0.4,94.0,2.0,-0.40637846341065254,-0.4353356115369622,-0.46291384784773326,-0.514309651881443
earnings_reversal,BFAM,bullish,2025-10-29,2025-10-30,2025-10-31,-0.12757554912999092,amc,2025-10-30,edgar,0.17401117798796206,priced,BFAM251121C00095000,95.0,2025-11-21,4.5,12.0,1.0,2.0,1.6666666666666665,1.5365853658536586,1.4126984126984121,1.181818181818182
earnings_reversal,BFAM,bearish,2026-07-29,2026-07-30,2026-07-31,0.16385871146919517,amc,2026-07-30,edgar,0.07484175251334224,no_option_trade_on_entry_or_exit,BFAM260821P00080000,,,,,,,,,,
earnings_reversal,BHE,bullish,2025-01-28,2025-01-29,2025-01-30,-0.10815812894107735,amc,2025-01-29,edgar,-0.03408316291751878,priced,BHE250221C00045000,45.0,2025-02-21,1.716667,1.82,6.0,3.0,0.060193968894375116,0.008477189923917772,-0.04077688528604184,-0.13256857090460228
earnings_reversal,BHF,bullish,2024-08-06,2024-08-07,2024-08-08,-0.10165755982046532,amc,2024-08-07,edgar,-0.055978504254366346,priced,BHF240816C00045000,45.0,2024-08-16,1.404545,0.495,11.0,40.0,-0.6475727014798387,-0.6647642770174075,-0.6811372061008064,-0.711650392119868
earnings_reversal,BHF,bearish,2025-11-05,2025-11-06,2025-11-07,0.1565777827520648,amc,2025-11-06,edgar,-0.006250000000000089,priced,BHF251121P00065000,65.0,2025-11-21,0.107761,0.098438,2425.0,192.0,-0.08651552973710341,-0.131075747798708,-0.1735140507145222,-0.2526036152394483
earnings_reversal,BHVN,bullish,2025-05-09,2025-05-12,2025-05-13,-0.1020417210320882,amc,2025-05-12,edgar,-0.09255813953488368,no_contract,,,,,,,,,,,
earnings_reversal,BHVN,bullish,2025-11-06,2025-11-07,2025-11-11,-0.5735679808870157,bmo,2025-11-10,edgar,0.020359281437125842,no_contract,,,,,,,,,,,
earnings_reversal,BILL,bearish,2024-11-06,2024-11-07,2024-11-08,0.10819002117946674,amc,2024-11-07,edgar,-0.19453028430160701,no_option_trade_on_entry_or_exit,BILL241115P00065000,,,,,,,,,,
earnings_reversal,BILL,bullish,2026-02-04,2026-02-05,2026-02-06,-0.2005216985981283,amc,2026-02-05,edgar,0.34266117969821663,priced,BILL260213C00036500,36.5,2026-02-13,4.3,7.1,3.0,2.0,0.6511627906976745,0.570618264322178,0.49390919158361,0.3509513742071879
earnings_reversal,BIO,bullish,2025-02-12,2025-02-13,2025-02-14,-0.11318347369245574,amc,2025-02-13,edgar,-0.11912026442918877,priced,BIO250221C00310000,310.0,2025-02-21,10.97,1.5,4.0,1.0,-0.8632634457611668,-0.8699335215776953,-0.8762859747362938,-0.8881246374409547
earnings_reversal,BJRI,bullish,2025-07-30,2025-07-31,2025-08-01,-0.1009697018632364,amc,2025-07-31,edgar,-0.06664845670581798,priced,BJRI250815C00037500,37.5,2025-08-15,1.283368,0.392614,190.0,88.0,-0.6940752769275843,-0.708998434150629,-0.7232109648392429,-0.7496979538498417
earnings_reversal,BJRI,bullish,2025-10-29,2025-10-30,2025-10-31,-0.10448102046228669,amc,2025-10-30,edgar,0.14652261985145176,priced,BJRI251121C00030000,30.0,2025-11-21,1.40963,3.0,27.0,20.0,1.128218043032569,1.0244025287382974,0.9255306103628,0.7412693079357382
earnings_reversal,BKD,bullish,2024-10-07,2024-10-08,2024-10-09,-0.11921738453564346,amc,2024-10-08,edgar,-0.04492512479201327,no_option_trade_on_entry_or_exit,BKD241018C00006000,,,,,,,,,,
earnings_reversal,BKD,bearish,2025-02-14,2025-02-18,2025-02-19,0.1446969580058065,amc,2025-02-18,edgar,-0.03619047619047633,no_contract,,,,,,,,,,,
earnings_reversal,BKSY,bullish,2025-03-04,2025-03-05,2025-03-07,-0.11482372863933099,bmo,2025-03-06,edgar,-0.2332814930015552,priced,BKSY250321C00012500,12.5,2025-03-21,1.58964,0.17136,222.0,272.0,-0.8922020080018117,-0.8974604466358697,-0.9024684834302106,-0.9118016429105732
earnings_reversal,BKSY,bearish,2025-07-16,2025-07-17,2025-07-18,0.1579938224036418,amc,2025-07-17,edgar,0.10396975425330812,no_option_trade_on_entry_or_exit,BKSY250801P00026500,,,,,,,,,,
earnings_reversal,BKSY,bullish,2025-11-04,2025-11-05,2025-11-07,-0.11284816835363454,bmo,2025-11-06,edgar,-0.13980681240467718,no_option_trade_on_entry_or_exit,BKSY251114C00019500,,,,,,,,,,
earnings_reversal,BKSY,bearish,2026-05-05,2026-05-06,2026-05-08,0.13155697733250904,bmo,2026-05-07,edgar,-0.09583333333333344,priced,BKSY260515P00035000,35.0,2026-05-15,1.854352,1.378284,108.0,134.0,-0.2567301138079501,-0.2929871814270745,-0.3275177220167168,-0.3918700931155956
earnings_reversal,BKSY,bearish,2026-08-04,2026-08-05,2026-08-07,0.11418950586283139,bmo,2026-08-06,edgar,-0.16082802547770703,priced,BKSY260821P00025000,25.0,2026-08-21,2.51,0.763,7.0,10.0,-0.69601593625498,-0.7108444271693712,-0.7249667994687915,-0.751285766026802
earnings_reversal,BKU,bearish,2024-07-16,2024-07-17,2024-07-19,0.13462438079547334,bmo,2024-07-18,edgar,-0.0898876404494382,no_contract,,,,,,,,,,,
earnings_reversal,BKV,bearish,2025-11-06,2025-11-07,2025-11-11,0.10045898552567134,bmo,2025-11-10,edgar,-0.09894991922455576,no_option_trade_on_entry_or_exit,BKV251121P00025000,,,,,,,,,,
earnings_reversal,BLBD,bearish,2024-11-22,2024-11-25,2024-11-26,0.10967858951077769,amc,2024-11-25,edgar,0.038516068052930064,priced,BLBD241220P00040000,40.0,2024-12-20,1.898908,2.178226,293.0,186.0,0.14709401403332856,0.09113820847072729,0.03784696507777352,-0.06146853397273111
earnings_reversal,BLFS,bullish,2025-05-07,2025-05-08,2025-05-09,-0.1275928964519749,amc,2025-05-08,edgar,0.07974038015762619,priced,BLFS250516C00022500,22.5,2025-05-16,1.5,3.0,1.0,1.0,1.0,0.902439024390244,0.8095238095238091,0.6363636363636362
earnings_reversal,BLLN,bearish,2026-03-03,2026-03-04,2026-03-05,0.17818478237352808,amc,2026-03-04,edgar,0.13723849372384944,no_option_trade_on_entry_or_exit,BLLN260320P00085000,,,,,,,,,,
earnings_reversal,BLZE,bullish,2024-08-07,2024-08-08,2024-08-09,-0.18614942611283725,amc,2024-08-08,edgar,0.24230769230769234,priced,BLZE240816C00005000,5.0,2024-08-16,0.706667,1.771429,3.0,14.0,1.5067379685198259,1.38445806761642,1.2680010191369853,1.0509674287889483
earnings_reversal,BLZE,bearish,2026-07-31,2026-08-03,2026-08-04,0.1685848163560424,amc,2026-08-03,edgar,-0.43822674418604657,priced,BLZE260821P00015000,15.0,2026-08-21,2.163846,0.165897,13.0,117.0,-0.9233323443535261,-0.9270722299948175,-0.9306340258436665,-0.9372719181074305
earnings_reversal,BMNR,bullish,2025-11-19,2025-11-20,2025-11-24,-0.2806776317508787,bmo,2025-11-21,edgar,0.028439153439153486,priced,BMNR251205C00030000,30.0,2025-12-05,1.791412,1.872677,1020.0,2331.0,0.045363657271470625,-0.005629691863722974,-0.054194786278193186,-0.1447024622324331
earnings_reversal,BOH,bearish,2024-07-18,2024-07-19,2024-07-23,0.11918280749094334,dmh,2024-07-22,edgar,-0.024280575539568305,priced,BOH240816P00065000,65.0,2024-08-16,1.586905,0.7175,126.0,8.0,-0.5478620333290272,-0.569917543898343,-0.5909227920595961,-0.6300689363601132
earnings_reversal,BOKF,bearish,2024-07-19,2024-07-22,2024-07-23,0.10413268684194188,amc,2024-07-22,edgar,-0.026634382566586012,no_option_trade_on_entry_or_exit,BOKF240816P00105000,,,,,,,,,,
earnings_reversal,BOOT,bearish,2025-05-13,2025-05-14,2025-05-15,0.1543718036533862,amc,2025-05-14,edgar,-0.15193637106964997,no_contract,,,,,,,,,,,
earnings_reversal,BOOT,bullish,2026-05-13,2026-05-14,2026-05-15,-0.1752338223012364,amc,2026-05-14,edgar,-0.026856988228927015,no_contract,,,,,,,,,,,
earnings_reversal,BRC,bullish,2026-05-14,2026-05-15,2026-05-19,-0.13270528583986096,bmo,2026-05-18,edgar,0.19753604927901436,no_contract,,,,,,,,,,,
earnings_reversal,BRKR,bullish,2025-02-11,2025-02-12,2025-02-14,-0.10933097851288687,bmo,2025-02-13,edgar,-0.001396926761125572,no_option_trade_on_entry_or_exit,BRKR250221C00050000,,,,,,,,,,
earnings_reversal,BRUN,bearish,2026-05-29,2026-06-01,2026-06-03,0.29461977515778626,bmo,2026-06-02,edgar,-0.12655233589591952,priced,BRUN260618P00035000,35.0,2026-06-18,4.588418,4.135109,746.0,411.0,-0.09879418134965035,-0.14275544079600888,-0.18462330693539797,-0.26264978474062306
earnings_reversal,BRUN,bearish,2026-08-12,2026-08-13,2026-08-17,0.13077279921546592,bmo,2026-08-14,edgar,-0.009366636931311234,no_option_trade_on_entry_or_exit,BRUN260828P00022500,,,,,,,,,,
earnings_reversal,BRZE,bullish,2024-06-05,2024-06-06,2024-06-07,-0.14513963395908103,amc,2024-06-06,edgar,0.025174825174825166,priced,BRZE240621C00035000,35.0,2024-06-21,3.298747,3.284674,846.0,813.0,-0.004266165304583902,-0.052838547484848175,-0.09909795908509977,-0.18530868070375062
earnings_reversal,BRZE,bearish,2026-05-26,2026-05-27,2026-05-28,0.15209569827882385,amc,2026-05-27,edgar,0.04885993485342022,priced,BRZE260618P00025000,25.0,2026-06-18,2.721469,2.902903,946.0,62.0,0.0666676710261993,0.01463510170784832,-0.0349197262143911,-0.1272719055240188
