test,signal_date,inverted,vix,vix3m,entry_date,exit_date,status,strike,expiration,entry_premium,exit_value,ret_cost_0,ret_cost_5,ret_cost_10,ret_cost_20,hold_days
next_day,2024-03-01,False,13.11,14.93,2024-03-04,2024-03-05,leg_missing_trade,512.0,,,,,,,,
next_day,2024-03-04,False,13.49,15.23,2024-03-05,2024-03-06,leg_missing_trade,510.0,,,,,,,,
next_day,2024-03-05,False,14.46,15.91,2024-03-06,2024-03-07,priced,511.0,2024-04-05,14.577043,14.931194000000001,0.024295119387381936,-0.02567049619249029,-0.07325679674474961,-0.16194035686486918,
next_day,2024-03-06,False,14.5,15.97,2024-03-07,2024-03-08,leg_missing_trade,513.0,,,,,,,,
next_day,2024-03-07,False,14.44,15.91,2024-03-08,2024-03-11,leg_missing_trade,515.0,,,,,,,,
next_day,2024-03-08,False,14.74,16.3,2024-03-11,2024-03-12,leg_missing_trade,510.0,,,,,,,,
next_day,2024-03-11,False,15.22,16.46,2024-03-12,2024-03-13,leg_missing_trade,513.0,,,,,,,,
next_day,2024-03-12,False,13.84,15.66,2024-03-13,2024-03-14,priced,517.0,2024-04-12,13.97064,13.994313000000002,0.0016944821425506351,-0.04716866332781777,-0.09370499234721619,-0.1804317873379132,
next_day,2024-03-13,False,13.75,15.6,2024-03-14,2024-03-15,leg_missing_trade,517.0,,,,,,,,
next_day,2024-03-14,False,14.4,16.12,2024-03-15,2024-03-18,leg_missing_trade,510.0,,,,,,,,
next_day,2024-03-15,False,14.41,16.41,2024-03-18,2024-03-19,leg_missing_trade,514.0,,,,,,,,
next_day,2024-03-18,False,14.33,16.22,2024-03-19,2024-03-20,leg_missing_trade,512.0,,,,,,,,
next_day,2024-03-19,False,13.82,15.77,2024-03-20,2024-03-21,priced,516.0,2024-04-19,14.215961,15.730363,0.10652828887192367,0.052551299170854326,0.001144642312692623,-0.09465867274115347,
next_day,2024-03-20,False,13.04,15.28,2024-03-21,2024-03-22,leg_missing_trade,523.0,,,,,,,,
next_day,2024-03-21,False,12.92,15.18,2024-03-22,2024-03-25,leg_missing_trade,522.0,,,,,,,,
next_day,2024-03-22,False,13.06,15.3,2024-03-25,2024-03-26,leg_missing_trade,520.0,,,,,,,,
next_day,2024-03-25,False,13.19,15.38,2024-03-26,2024-03-27,leg_missing_trade,521.0,,,,,,,,
next_day,2024-03-26,False,13.24,15.29,2024-03-27,2024-03-28,priced,522.0,2024-04-26,13.411611,13.345901000000001,-0.0048994859752492514,-0.05344097446426144,-0.09967096350141602,-0.18582685216156758,
next_day,2024-03-27,False,12.78,15.01,2024-03-28,2024-04-01,leg_missing_trade,523.0,,,,,,,,
next_day,2024-03-28,False,13.01,15.19,2024-04-01,2024-04-02,leg_missing_trade,524.0,,,,,,,,
next_day,2024-04-01,False,13.65,15.52,2024-04-02,2024-04-03,leg_missing_trade,518.0,,,,,,,,
next_day,2024-04-02,False,14.61,16.09,2024-04-03,2024-04-04,priced,517.5,2024-05-03,16.340606,13.402184000000002,-0.1798233186700664,-0.2198319372715266,-0.25793538355863166,-0.3289463516391452,
next_day,2024-04-03,False,14.33,15.91,2024-04-04,2024-04-05,leg_missing_trade,525.0,,,,,,,,
next_day,2024-04-04,False,16.35,17.16,2024-04-05,2024-04-08,leg_missing_trade,514.0,,,,,,,,
next_day,2024-04-05,False,16.03,17.18,2024-04-08,2024-04-09,leg_missing_trade,519.0,,,,,,,,
next_day,2024-04-08,False,15.19,16.56,2024-04-09,2024-04-10,leg_missing_trade,520.0,,,,,,,,
next_day,2024-04-09,False,14.98,16.42,2024-04-10,2024-04-11,priced,513.0,2024-05-10,17.011435,15.28842,-0.10128569400523812,-0.1451254162488852,-0.18687753267140594,-0.26468829509519487,
next_day,2024-04-10,False,15.8,17.04,2024-04-11,2024-04-12,leg_missing_trade,516.0,,,,,,,,
next_day,2024-04-11,False,14.91,16.49,2024-04-12,2024-04-15,leg_missing_trade,514.0,,,,,,,,
next_day,2024-04-12,False,17.31,18.2,2024-04-15,2024-04-16,leg_missing_trade,515.0,,,,,,,,
next_day,2024-04-15,False,19.23,19.55,2024-04-16,2024-04-17,leg_missing_trade,505.0,,,,,,,,
next_day,2024-04-16,False,18.4,18.84,2024-04-17,2024-04-18,priced,506.0,2024-05-17,18.564346999999998,17.445223,-0.06028351010676536,-0.10612333888204506,-0.14978031866802588,-0.23114105372371718,
next_day,2024-04-17,False,18.21,18.77,2024-04-18,2024-04-19,leg_missing_trade,502.0,,,,,,,,
next_day,2024-04-18,False,18.0,18.66,2024-04-19,2024-04-22,leg_missing_trade,499.0,,,,,,,,
next_day,2024-04-19,False,18.71,19.25,2024-04-22,2024-04-23,leg_missing_trade,498.0,,,,,,,,
next_day,2024-04-22,False,16.94,17.63,2024-04-23,2024-04-24,leg_missing_trade,502.0,,,,,,,,
next_day,2024-04-23,False,15.69,16.68,2024-04-24,2024-04-25,priced,507.0,2024-05-24,16.525151,15.527368,-0.06037966007088236,-0.10621479860400984,-0.14986731149270316,-0.23121972187617656,
next_day,2024-04-24,False,15.97,16.84,2024-04-25,2024-04-26,leg_missing_trade,499.0,,,,,,,,
next_day,2024-04-25,False,15.37,16.37,2024-04-26,2024-04-29,leg_missing_trade,506.0,,,,,,,,
next_day,2024-04-26,False,15.03,16.27,2024-04-29,2024-04-30,leg_missing_trade,510.0,,,,,,,,
next_day,2024-04-29,False,14.67,16.0,2024-04-30,2024-05-01,leg_missing_trade,509.0,,,,,,,,
next_day,2024-04-30,False,15.65,16.59,2024-05-01,2024-05-02,priced,501.0,2024-05-31,16.486122,15.823439,-0.04019641489975634,-0.08701610197781684,-0.13160628014739872,-0.21470615764525525,
next_day,2024-05-01,False,15.39,16.57,2024-05-02,2024-05-03,leg_missing_trade,504.0,,,,,,,,
next_day,2024-05-02,False,14.68,16.05,2024-05-03,2024-05-06,leg_missing_trade,511.0,,,,,,,,
next_day,2024-05-03,False,13.49,15.27,2024-05-06,2024-05-07,leg_missing_trade,514.0,,,,,,,,
next_day,2024-05-06,False,13.49,15.02,2024-05-07,2024-05-08,leg_missing_trade,518.0,,,,,,,,
next_day,2024-05-07,False,13.23,14.95,2024-05-08,2024-05-09,priced,515.0,2024-06-07,14.492829,14.82424,0.022867240067484307,-0.0270287228626368,-0.07454868755799038,-0.16310862176296748,
next_day,2024-05-08,False,13.0,14.9,2024-05-09,2024-05-10,leg_missing_trade,517.0,,,,,,,,
next_day,2024-05-09,False,12.69,14.71,2024-05-10,2024-05-13,leg_missing_trade,522.0,,,,,,,,
next_day,2024-05-10,False,12.55,14.66,2024-05-13,2024-05-14,leg_missing_trade,523.0,,,,,,,,
next_day,2024-05-13,False,13.6,14.89,2024-05-14,2024-05-15,leg_missing_trade,521.0,,,,,,,,
next_day,2024-05-14,False,13.42,14.7,2024-05-15,2024-05-16,priced,526.0,2024-06-14,14.241316000000001,14.352488999999998,0.007806371265127288,-0.041354915138049564,-0.08817518790298018,-0.1754311507830777,
next_day,2024-05-15,False,12.45,14.08,2024-05-16,2024-05-17,leg_missing_trade,530.0,,,,,,,,
next_day,2024-05-16,False,12.42,14.22,2024-05-17,2024-05-20,leg_missing_trade,529.0,,,,,,,,
next_day,2024-05-17,False,11.99,13.99,2024-05-20,2024-05-21,leg_missing_trade,530.0,,,,,,,,
next_day,2024-05-20,False,12.15,14.11,2024-05-21,2024-05-22,leg_missing_trade,529.0,,,,,,,,
next_day,2024-05-21,False,11.86,13.95,2024-05-22,2024-05-23,priced,531.0,2024-06-21,13.220006,11.488206,-0.13099842768603887,-0.1733887482867198,-0.2137604821921305,-0.2889987135613046,
next_day,2024-05-22,False,12.29,14.31,2024-05-23,2024-05-24,leg_missing_trade,533.0,,,,,,,,
next_day,2024-05-23,False,12.77,14.67,2024-05-24,2024-05-28,leg_missing_trade,528.0,,,,,,,,
next_day,2024-05-24,False,11.93,14.17,2024-05-28,2024-05-29,leg_missing_trade,530.0,,,,,,,,
next_day,2024-05-28,False,12.92,14.72,2024-05-29,2024-05-30,priced,526.0,2024-06-28,14.30489,13.697292000000001,-0.042474846014195156,-0.08918339011106358,-0.13366771782236708,-0.21657032855706881,
next_day,2024-05-29,False,14.28,15.45,2024-05-30,2024-05-31,leg_missing_trade,525.0,,,,,,,,
next_day,2024-05-30,False,14.47,15.59,2024-05-31,2024-06-03,leg_missing_trade,525.0,,,,,,,,
next_day,2024-05-31,False,12.92,14.66,2024-06-03,2024-06-04,leg_missing_trade,529.0,,,,,,,,
next_day,2024-06-03,False,13.11,14.8,2024-06-04,2024-06-05,priced,526.0,2024-07-05,15.410454999999999,15.327863,-0.005359478354143188,-0.05387852819052641,-0.10008714708232014,-0.18620320956248093,
next_day,2024-06-04,False,13.16,14.88,2024-06-05,2024-06-06,priced,531.0,2024-07-05,13.862543,14.13292,0.019504141483997595,-0.030227767856685128,-0.077591491038288,-0.16586024787672937,
next_day,2024-06-05,False,12.63,14.54,2024-06-06,2024-06-07,leg_missing_trade,535.0,,,,,,,,
next_day,2024-06-06,False,12.58,14.54,2024-06-07,2024-06-10,leg_missing_trade,534.0,,,,,,,,
next_day,2024-06-07,False,12.22,14.41,2024-06-10,2024-06-11,leg_missing_trade,533.0,,,,,,,,
next_day,2024-06-10,False,12.74,14.6,2024-06-11,2024-06-12,leg_missing_trade,534.0,,,,,,,,
next_day,2024-06-11,False,12.85,14.49,2024-06-12,2024-06-13,priced,542.0,2024-07-12,13.076432,12.406566999999999,-0.05122689430878402,-0.09750850922055065,-0.14158623770794754,-0.2237310953435505,
next_day,2024-06-12,False,12.04,14.12,2024-06-13,2024-06-14,leg_missing_trade,543.0,,,,,,,,
next_day,2024-06-13,False,11.94,14.17,2024-06-14,2024-06-17,leg_missing_trade,541.0,,,,,,,,
next_day,2024-06-14,False,12.66,14.84,2024-06-17,2024-06-18,leg_missing_trade,542.0,,,,,,,,
next_day,2024-06-17,False,12.75,14.79,2024-06-18,2024-06-20,leg_missing_trade,547.0,,,,,,,,
next_day,2024-06-18,False,12.3,14.69,2024-06-20,2024-06-21,leg_missing_trade,549.0,,,,,,,,
next_day,2024-06-20,False,13.28,15.41,2024-06-21,2024-06-24,leg_missing_trade,544.0,,,,,,,,
next_day,2024-06-21,False,13.2,15.17,2024-06-24,2024-06-25,leg_missing_trade,544.0,,,,,,,,
next_day,2024-06-24,False,13.33,15.23,2024-06-25,2024-06-26,leg_missing_trade,544.0,,,,,,,,
next_day,2024-06-25,False,12.84,14.86,2024-06-26,2024-06-27,priced,544.0,2024-07-26,14.256793000000002,14.153076,-0.007274917998739361,-0.05570053175489831,-0.10182016390362147,-0.18777038745351415,
next_day,2024-06-26,False,12.55,14.71,2024-06-27,2024-06-28,leg_missing_trade,545.0,,,,,,,,
next_day,2024-06-27,False,12.24,14.42,2024-06-28,2024-07-01,leg_missing_trade,547.0,,,,,,,,
next_day,2024-06-28,False,12.44,14.52,2024-07-01,2024-07-02,priced,546.0,2024-07-31,13.331664,12.285225,-0.07849275229258701,-0.1234443253514852,-0.1662553473123406,-0.2460395246030258,
next_day,2024-07-01,False,12.22,14.19,2024-07-02,2024-07-03,leg_missing_trade,544.0,,,,,,,,
next_day,2024-07-02,False,12.03,14.01,2024-07-03,2024-07-05,priced,549.0,2024-08-02,13.915272000000002,14.709641999999999,0.05708619996791997,0.005521019481679934,-0.04358867621950113,-0.13511129093533825,
next_day,2024-07-03,False,12.09,14.02,2024-07-05,2024-07-08,leg_missing_trade,552.0,,,,,,,,
next_day,2024-07-05,False,12.48,14.35,2024-07-08,2024-07-09,leg_missing_trade,555.0,,,,,,,,
next_day,2024-07-08,False,12.37,14.29,2024-07-09,2024-07-10,leg_missing_trade,556.0,,,,,,,,
next_day,2024-07-09,False,12.51,14.39,2024-07-10,2024-07-11,priced,557.0,2024-08-09,14.3066,14.939104,0.04421064403841579,-0.006726460548823865,-0.05523798872714758,-0.14564583669584152,
next_day,2024-07-10,False,12.85,14.5,2024-07-11,2024-07-12,leg_missing_trade,561.0,,,,,,,,
next_day,2024-07-11,False,12.92,14.67,2024-07-12,2024-07-15,leg_missing_trade,558.0,,,,,,,,
next_day,2024-07-12,False,12.46,14.37,2024-07-15,2024-07-16,leg_missing_trade,562.0,,,,,,,,
next_day,2024-07-15,False,13.12,14.87,2024-07-16,2024-07-17,leg_missing_trade,563.0,,,,,,,,
next_day,2024-07-16,False,13.19,14.91,2024-07-17,2024-07-18,priced,559.0,2024-08-16,15.776831999999999,15.631160000000001,-0.009233285871333208,-0.057563369487365734,-0.10359202055025396,-0.18937268844018174,
next_day,2024-07-17,False,14.48,15.79,2024-07-18,2024-07-19,leg_missing_trade,559.0,,,,,,,,
next_day,2024-07-18,False,15.93,16.56,2024-07-19,2024-07-22,leg_missing_trade,552.0,,,,,,,,
next_day,2024-07-19,False,16.52,17.16,2024-07-22,2024-07-23,leg_missing_trade,553.0,,,,,,,,
next_day,2024-07-22,False,14.91,16.09,2024-07-23,2024-07-24,leg_missing_trade,555.0,,,,,,,,
next_day,2024-07-23,False,14.72,16.01,2024-07-24,2024-07-25,priced,549.0,2024-08-23,17.601509999999998,19.773879,0.12341946798882608,0.06861851833083477,0.01642713770417603,-0.08083861710005136,
next_day,2024-07-24,False,18.04,18.43,2024-07-25,2024-07-26,leg_missing_trade,541.0,,,,,,,,
next_day,2024-07-25,False,18.46,18.69,2024-07-26,2024-07-29,leg_missing_trade,542.0,,,,,,,,
next_day,2024-07-26,False,16.39,17.24,2024-07-29,2024-07-30,leg_missing_trade,546.0,,,,,,,,
next_day,2024-07-29,False,16.6,17.16,2024-07-30,2024-07-31,leg_missing_trade,546.0,,,,,,,,
next_day,2024-07-30,False,17.69,18.01,2024-07-31,2024-08-01,priced,549.0,2024-08-30,19.371037,17.782373999999997,-0.08201228462885102,-0.12679217318354108,-0.16943968609277005,-0.24891914196905984,
next_day,2024-07-31,False,16.36,16.97,2024-08-01,2024-08-02,leg_missing_trade,553.0,,,,,,,,
next_day,2024-08-01,False,18.59,19.14,2024-08-02,2024-08-05,leg_missing_trade,536.0,,,,,,,,
next_day,2024-08-02,True,23.39,23.34,2024-08-05,2024-08-06,leg_missing_trade,510.0,,,,,,,,
next_day,2024-08-05,True,38.57,33.71,2024-08-06,2024-08-07,leg_missing_trade,520.0,,,,,,,,
next_day,2024-08-06,True,27.71,26.76,2024-08-07,2024-08-08,priced,528.0,2024-09-06,26.026344,24.406726,-0.062229946703232786,-0.10797482735185548,-0.15154138035054399,-0.23273359275719052,
next_day,2024-08-07,True,27.85,27.01,2024-08-08,2024-08-09,leg_missing_trade,524.0,,,,,,,,
next_day,2024-08-08,False,23.79,24.13,2024-08-09,2024-08-12,leg_missing_trade,530.0,,,,,,,,
next_day,2024-08-09,False,20.37,21.18,2024-08-12,2024-08-13,leg_missing_trade,534.0,,,,,,,,
next_day,2024-08-12,False,20.71,21.63,2024-08-13,2024-08-14,leg_missing_trade,537.0,,,,,,,,
next_day,2024-08-13,False,18.12,19.86,2024-08-14,2024-08-15,priced,543.0,2024-09-13,18.341597,18.655241,0.017100146732043076,-0.032514494571958985,-0.07976653390910404,-0.1678271526737829,
next_day,2024-08-14,False,16.19,18.45,2024-08-15,2024-08-16,leg_missing_trade,549.0,,,,,,,,
next_day,2024-08-15,False,15.23,17.88,2024-08-16,2024-08-19,leg_missing_trade,551.0,,,,,,,,
next_day,2024-08-16,False,14.8,17.81,2024-08-19,2024-08-20,leg_missing_trade,555.0,,,,,,,,
next_day,2024-08-19,False,14.65,17.59,2024-08-20,2024-08-21,leg_missing_trade,559.0,,,,,,,,
next_day,2024-08-20,False,15.88,18.28,2024-08-21,2024-08-22,priced,560.0,2024-09-20,17.896754,17.58695,-0.017310625155824377,-0.06524669222139379,-0.11090008942669827,-0.19598142058203805,
next_day,2024-08-21,False,16.27,18.58,2024-08-22,2024-08-23,leg_missing_trade,563.0,,,,,,,,
next_day,2024-08-22,False,17.55,19.36,2024-08-23,2024-08-26,leg_missing_trade,560.0,,,,,,,,
next_day,2024-08-23,False,15.86,18.19,2024-08-26,2024-08-27,leg_missing_trade,563.0,,,,,,,,
next_day,2024-08-26,False,16.15,18.25,2024-08-27,2024-08-28,leg_missing_trade,559.0,,,,,,,,
next_day,2024-08-27,False,15.43,17.73,2024-08-28,2024-08-29,priced,561.0,2024-09-27,16.208277000000002,14.727584,-0.09135412727706971,-0.1356783161903834,-0.17789182944115833,-0.2565624677721481,
next_day,2024-08-28,False,17.11,18.9,2024-08-29,2024-08-30,priced,560.0,2024-09-30,16.564157,15.676133,-0.053611179850565405,-0.09977648815053775,-0.143743448436226,-0.22568187442318988,
next_day,2024-08-29,False,15.65,18.0,2024-08-30,2024-09-03,priced,561.0,2024-09-30,15.885881000000001,16.106952,0.013916193883109162,-0.03554313264777431,-0.08264725315337762,-0.1704322050047291,
next_day,2024-08-30,False,15.0,17.43,2024-09-03,2024-09-04,leg_missing_trade,560.0,,,,,,,,
next_day,2024-09-03,False,20.72,21.7,2024-09-04,2024-09-05,priced,550.0,2024-10-04,20.654944999999998,20.497931,-0.007601763161315445,-0.056011433251007214,-0.10211588095547597,-0.18803780622289457,
next_day,2024-09-04,False,21.32,22.07,2024-09-05,2024-09-06,leg_missing_trade,551.0,,,,,,,,
next_day,2024-09-05,False,19.9,20.93,2024-09-06,2024-09-09,leg_missing_trade,550.0,,,,,,,,
next_day,2024-09-06,False,22.38,22.74,2024-09-09,2024-09-10,leg_missing_trade,545.0,,,,,,,,
next_day,2024-09-09,False,19.45,20.88,2024-09-10,2024-09-11,leg_missing_trade,548.0,,,,,,,,
next_day,2024-09-10,False,19.08,20.55,2024-09-11,2024-09-12,priced,549.0,2024-10-11,19.998984,21.695705,0.08484035989028249,0.031921317944415106,-0.01847776962307779,-0.11240334190795076,
next_day,2024-09-11,False,17.69,19.59,2024-09-12,2024-09-13,leg_missing_trade,555.0,,,,,,,,
next_day,2024-09-12,False,17.07,19.48,2024-09-13,2024-09-16,leg_missing_trade,560.0,,,,,,,,
next_day,2024-09-13,False,16.56,19.28,2024-09-16,2024-09-17,leg_missing_trade,562.0,,,,,,,,
next_day,2024-09-16,False,17.14,19.81,2024-09-17,2024-09-18,leg_missing_trade,565.0,,,,,,,,
next_day,2024-09-17,False,17.61,20.13,2024-09-18,2024-09-19,priced,564.0,2024-10-18,17.965622,18.662094,0.038766929416638174,-0.011904628115880889,-0.06016325433732761,-0.15009978502275068,
next_day,2024-09-18,False,18.23,20.35,2024-09-19,2024-09-20,leg_missing_trade,571.0,,,,,,,,
next_day,2024-09-19,False,16.33,19.07,2024-09-20,2024-09-23,leg_missing_trade,568.0,,,,,,,,
next_day,2024-09-20,False,16.15,18.94,2024-09-23,2024-09-24,leg_missing_trade,569.0,,,,,,,,
next_day,2024-09-23,False,15.89,18.7,2024-09-24,2024-09-25,leg_missing_trade,570.0,,,,,,,,
next_day,2024-09-24,False,15.39,18.47,2024-09-25,2024-09-26,priced,571.0,2024-10-25,16.415506,16.154496,-0.015900210447366003,-0.06390507823042124,-0.1096239999285693,-0.1948274449114813,
next_day,2024-09-25,False,15.41,18.57,2024-09-26,2024-09-27,leg_missing_trade,574.0,,,,,,,,
next_day,2024-09-26,False,15.37,18.45,2024-09-27,2024-09-30,leg_missing_trade,573.0,,,,,,,,
next_day,2024-09-27,False,16.96,19.54,2024-09-30,2024-10-01,leg_missing_trade,570.0,,,,,,,,
next_day,2024-09-30,False,16.73,19.22,2024-10-01,2024-10-02,priced,573.0,2024-10-31,17.819136,18.096835,0.015584313403298466,-0.03395638481149654,-0.08113800215892042,-0.1690673799427559,
next_day,2024-10-01,False,19.26,20.89,2024-10-02,2024-10-03,priced,568.0,2024-11-01,20.101782999999998,20.12426,0.0011181595184865945,-0.047716872653146836,-0.09422642710232176,-0.18090332403032916,
next_day,2024-10-02,False,18.9,20.59,2024-10-03,2024-10-04,leg_missing_trade,567.0,,,,,,,,
next_day,2024-10-03,False,20.49,21.63,2024-10-04,2024-10-07,leg_missing_trade,572.0,,,,,,,,
next_day,2024-10-04,False,19.21,20.65,2024-10-07,2024-10-08,leg_missing_trade,571.0,,,,,,,,
next_day,2024-10-07,True,22.64,22.59,2024-10-08,2024-10-09,leg_missing_trade,570.0,,,,,,,,
next_day,2024-10-08,False,21.42,21.52,2024-10-09,2024-10-10,priced,573.0,2024-11-08,22.987555,22.671167,-0.013763447221768477,-0.061872547357291974,-0.10769073796255246,-0.19307918409053781,
next_day,2024-10-09,False,20.86,20.91,2024-10-10,2024-10-11,leg_missing_trade,576.0,,,,,,,,
next_day,2024-10-10,False,20.93,21.02,2024-10-11,2024-10-14,leg_missing_trade,576.0,,,,,,,,
next_day,2024-10-11,False,20.46,20.77,2024-10-14,2024-10-15,leg_missing_trade,581.0,,,,,,,,
next_day,2024-10-14,False,19.7,20.12,2024-10-15,2024-10-16,leg_missing_trade,585.0,,,,,,,,
next_day,2024-10-15,False,20.64,20.8,2024-10-16,2024-10-17,priced,580.0,2024-11-15,21.713016,21.681207,-0.0014649738203111884,-0.05017399948761303,-0.09656354774218645,-0.18301679676207294,
next_day,2024-10-16,False,19.58,20.32,2024-10-17,2024-10-18,leg_missing_trade,586.0,,,,,,,,
next_day,2024-10-17,False,19.11,19.81,2024-10-18,2024-10-21,leg_missing_trade,584.0,,,,,,,,
next_day,2024-10-18,False,18.03,19.19,2024-10-21,2024-10-22,leg_missing_trade,584.0,,,,,,,,
next_day,2024-10-21,False,18.37,19.24,2024-10-22,2024-10-23,leg_missing_trade,581.0,,,,,,,,
next_day,2024-10-22,False,18.2,19.17,2024-10-23,2024-10-24,priced,581.0,2024-11-22,21.639145,21.216079,-0.019550957304459105,-0.0673777398749732,-0.11292705660879643,-0.19781441961273927,
next_day,2024-10-23,False,19.24,20.04,2024-10-24,2024-10-25,leg_missing_trade,580.0,,,,,,,,
next_day,2024-10-24,False,19.08,19.85,2024-10-25,2024-10-28,leg_missing_trade,582.0,,,,,,,,
next_day,2024-10-25,False,20.33,20.94,2024-10-28,2024-10-29,leg_missing_trade,583.0,,,,,,,,
next_day,2024-10-28,False,19.8,20.17,2024-10-29,2024-10-30,priced,580.0,2024-11-29,22.450809,22.44257,-0.0003669800941248358,-0.04912956643099675,-0.09557012484706551,-0.18211843825882956,
next_day,2024-10-29,False,19.34,19.96,2024-10-30,2024-10-31,priced,581.0,2024-11-29,22.021858,23.536656999999998,0.06878615782555664,0.016650247687724606,-0.033003000062591714,-0.1255385981427265,
next_day,2024-10-30,False,20.35,20.76,2024-10-31,2024-11-01,leg_missing_trade,576.0,,,,,,,,
next_day,2024-10-31,True,23.16,22.64,2024-11-01,2024-11-04,leg_missing_trade,571.0,,,,,,,,
next_day,2024-11-01,False,21.88,21.91,2024-11-04,2024-11-05,leg_missing_trade,571.0,,,,,,,,
next_day,2024-11-04,True,21.98,21.57,2024-11-05,2024-11-06,leg_missing_trade,571.0,,,,,,,,
next_day,2024-11-05,True,20.49,20.19,2024-11-06,2024-11-07,priced,589.0,2024-12-06,17.587625,18.355642,0.043668033631601766,-0.007242602155305589,-0.055728921952360344,-0.14608979066505323,
next_day,2024-11-06,False,16.27,17.67,2024-11-07,2024-11-08,leg_missing_trade,593.0,,,,,,,,
next_day,2024-11-07,False,15.2,16.95,2024-11-08,2024-11-11,leg_missing_trade,596.0,,,,,,,,
next_day,2024-11-08,False,14.94,16.83,2024-11-11,2024-11-12,leg_missing_trade,600.0,,,,,,,,
next_day,2024-11-11,False,14.97,16.8,2024-11-12,2024-11-13,leg_missing_trade,599.0,,,,,,,,
next_day,2024-11-12,False,14.71,16.71,2024-11-13,2024-11-14,priced,597.0,2024-12-13,16.476499,15.545126,-0.05652736057581165,-0.10255041615747928,-0.1463818976638298,-0.2280678404711186,
next_day,2024-11-13,False,14.02,16.51,2024-11-14,2024-11-15,leg_missing_trade,597.0,,,,,,,,
next_day,2024-11-14,False,14.31,16.68,2024-11-15,2024-11-18,leg_missing_trade,590.0,,,,,,,,
next_day,2024-11-15,False,16.14,17.81,2024-11-18,2024-11-19,leg_missing_trade,586.0,,,,,,,,
next_day,2024-11-18,False,15.58,17.19,2024-11-19,2024-11-20,leg_missing_trade,585.0,,,,,,,,
next_day,2024-11-19,False,16.35,17.69,2024-11-20,2024-11-21,priced,590.0,2024-12-20,19.06585,19.440782,0.019665108033473322,-0.030074653334013157,-0.0774458546363812,-0.16572854797261283,
next_day,2024-11-20,False,17.16,18.26,2024-11-21,2024-11-22,leg_missing_trade,593.0,,,,,,,,
next_day,2024-11-21,False,16.87,18.18,2024-11-22,2024-11-25,leg_missing_trade,594.0,,,,,,,,
next_day,2024-11-22,False,15.24,17.3,2024-11-25,2024-11-26,leg_missing_trade,600.0,,,,,,,,
next_day,2024-11-25,False,14.6,16.87,2024-11-26,2024-11-27,leg_missing_trade,599.0,,,,,,,,
next_day,2024-11-26,False,14.1,16.53,2024-11-27,2024-11-29,priced,600.0,2024-12-27,14.635951,14.210334999999999,-0.029080173881424032,-0.07644211661891542,-0.12154872874985989,-0.20561105135752877,
next_day,2024-11-27,False,14.1,16.6,2024-11-29,2024-12-02,leg_missing_trade,600.0,,,,,,,,
next_day,2024-11-29,False,13.51,16.26,2024-12-02,2024-12-03,leg_missing_trade,603.0,,,,,,,,
next_day,2024-12-02,False,13.34,16.34,2024-12-03,2024-12-04,leg_missing_trade,603.0,,,,,,,,
next_day,2024-12-03,False,13.3,16.24,2024-12-04,2024-12-05,priced,606.0,2025-01-03,13.634539,13.854507,0.016133145389074066,-0.03343432511771005,-0.08064143988607586,-0.16861833559075767,
next_day,2024-12-04,False,13.45,16.39,2024-12-05,2024-12-06,leg_missing_trade,608.0,,,,,,,,
next_day,2024-12-05,False,13.54,16.58,2024-12-06,2024-12-09,leg_missing_trade,607.0,,,,,,,,
next_day,2024-12-06,False,12.77,16.32,2024-12-09,2024-12-10,leg_missing_trade,608.0,,,,,,,,
next_day,2024-12-09,False,14.19,17.09,2024-12-10,2024-12-11,leg_missing_trade,605.0,,,,,,,,
next_day,2024-12-10,False,14.18,16.98,2024-12-11,2024-12-12,priced,606.0,2025-01-10,14.206332999999999,13.977729,-0.01609169656941023,-0.06408722356602414,-0.10979724927708545,-0.19498411537497196,
next_day,2024-12-11,False,13.58,16.88,2024-12-12,2024-12-13,leg_missing_trade,607.0,,,,,,,,
next_day,2024-12-12,False,13.92,17.35,2024-12-13,2024-12-16,leg_missing_trade,606.0,,,,,,,,
next_day,2024-12-13,False,13.81,17.15,2024-12-16,2024-12-17,leg_missing_trade,606.0,,,,,,,,
next_day,2024-12-16,False,14.69,17.57,2024-12-17,2024-12-18,leg_missing_trade,604.0,,,,,,,,
next_day,2024-12-17,False,15.87,18.13,2024-12-18,2024-12-19,priced,604.0,2025-01-17,16.987296999999998,21.297376,0.253723650089829,0.19256639886593518,0.13432139770032148,0.02577389552804199,
next_day,2024-12-18,True,27.62,24.24,2024-12-19,2024-12-20,leg_missing_trade,591.0,,,,,,,,
next_day,2024-12-19,False,24.09,24.14,2024-12-20,2024-12-23,leg_missing_trade,582.0,,,,,,,,
next_day,2024-12-20,False,18.36,20.1,2024-12-23,2024-12-24,leg_missing_trade,591.0,,,,,,,,
next_day,2024-12-23,False,16.78,18.65,2024-12-24,2024-12-26,leg_missing_trade,596.0,,,,,,,,
next_day,2024-12-24,False,14.27,17.2,2024-12-26,2024-12-27,leg_missing_trade,599.0,,,,,,,,
next_day,2024-12-26,False,14.73,17.36,2024-12-27,2024-12-30,leg_missing_trade,598.0,,,,,,,,
next_day,2024-12-27,False,15.95,18.07,2024-12-30,2024-12-31,leg_missing_trade,588.0,,,,,,,,
next_day,2024-12-30,False,17.4,18.94,2024-12-31,2025-01-02,leg_missing_trade,590.0,,,,,,,,
next_day,2024-12-31,False,17.35,18.98,2025-01-02,2025-01-03,leg_missing_trade,589.0,,,,,,,,
next_day,2025-01-02,False,17.93,19.33,2025-01-03,2025-01-06,leg_missing_trade,588.0,,,,,,,,
next_day,2025-01-03,False,16.13,18.14,2025-01-06,2025-01-07,leg_missing_trade,596.0,,,,,,,,
next_day,2025-01-06,False,16.04,18.03,2025-01-07,2025-01-08,leg_missing_trade,597.0,,,,,,,,
next_day,2025-01-07,False,17.82,19.19,2025-01-08,2025-01-10,priced,589.0,2025-02-07,20.861311,19.230876,-0.07815592222368006,-0.12312392601764688,-0.16595059629761544,-0.24576393636482918,
next_day,2025-01-08,False,17.7,19.34,2025-01-10,2025-01-13,leg_missing_trade,586.0,,,,,,,,
next_day,2025-01-10,False,19.54,20.97,2025-01-13,2025-01-14,leg_missing_trade,576.0,,,,,,,,
next_day,2025-01-13,False,19.19,20.43,2025-01-14,2025-01-15,leg_missing_trade,584.0,,,,,,,,
next_day,2025-01-14,False,18.71,19.99,2025-01-15,2025-01-16,priced,590.0,2025-02-14,19.363693,18.718559,-0.033316681895338984,-0.08047196570532245,-0.12538175981006872,-0.20907728518709567,
next_day,2025-01-15,False,16.12,18.23,2025-01-16,2025-01-17,leg_missing_trade,594.0,,,,,,,,
next_day,2025-01-16,False,16.6,18.35,2025-01-17,2025-01-21,leg_missing_trade,597.0,,,,,,,,
next_day,2025-01-17,False,15.97,18.19,2025-01-21,2025-01-22,leg_missing_trade,601.0,,,,,,,,
next_day,2025-01-21,False,15.06,17.5,2025-01-22,2025-01-23,priced,606.0,2025-02-21,16.882317,16.571880999999998,-0.01838823426902847,-0.06627173503639283,-0.11187506910054978,-0.1968631007655689,
next_day,2025-01-22,False,15.1,17.81,2025-01-23,2025-01-24,leg_missing_trade,606.0,,,,,,,,
next_day,2025-01-23,False,15.02,17.52,2025-01-24,2025-01-27,leg_missing_trade,610.0,,,,,,,,
next_day,2025-01-24,False,14.85,17.55,2025-01-27,2025-01-28,leg_missing_trade,595.0,,,,,,,,
next_day,2025-01-27,False,17.9,18.97,2025-01-28,2025-01-29,leg_missing_trade,601.0,,,,,,,,
next_day,2025-01-28,False,16.41,18.13,2025-01-29,2025-01-30,priced,604.0,2025-02-28,19.06814,17.622299,-0.0758249624766757,-0.12090667162415492,-0.16384163271699237,-0.24385678748091644,
next_day,2025-01-29,False,16.56,18.15,2025-01-30,2025-01-31,leg_missing_trade,604.0,,,,,,,,
next_day,2025-01-30,False,15.84,17.91,2025-01-31,2025-02-03,leg_missing_trade,607.0,,,,,,,,
next_day,2025-01-31,False,16.43,18.43,2025-02-03,2025-02-04,leg_missing_trade,593.0,,,,,,,,
next_day,2025-02-03,False,18.62,19.55,2025-02-04,2025-02-05,leg_missing_trade,598.0,,,,,,,,
next_day,2025-02-04,False,17.21,18.64,2025-02-05,2025-02-06,priced,601.0,2025-03-07,18.630622000000002,18.818814,0.010101219379578197,-0.03917201083405952,-0.08609889675181026,-0.17355354778034515,
next_day,2025-02-05,False,15.77,17.96,2025-02-06,2025-02-07,leg_missing_trade,606.0,,,,,,,,
next_day,2025-02-06,False,15.5,17.94,2025-02-07,2025-02-10,leg_missing_trade,607.0,,,,,,,,
next_day,2025-02-07,False,16.54,18.63,2025-02-10,2025-02-11,leg_missing_trade,604.0,,,,,,,,
next_day,2025-02-10,False,15.81,18.23,2025-02-11,2025-02-12,leg_missing_trade,603.0,,,,,,,,
next_day,2025-02-11,False,16.02,18.28,2025-02-12,2025-02-13,priced,599.0,2025-03-14,18.634724,20.198692,0.08392761813912575,0.03105310018111984,-0.01930358358841,-0.11315013061344259,
next_day,2025-02-12,False,15.89,18.31,2025-02-13,2025-02-14,leg_missing_trade,604.0,,,,,,,,
next_day,2025-02-13,False,15.1,17.84,2025-02-14,2025-02-18,leg_missing_trade,610.0,,,,,,,,
next_day,2025-02-14,False,14.77,17.81,2025-02-18,2025-02-19,leg_missing_trade,610.0,,,,,,,,
next_day,2025-02-18,False,15.35,17.82,2025-02-19,2025-02-20,priced,610.0,2025-03-21,17.394914,17.075981,-0.018334842011866304,-0.06622094727958006,-0.11182676182025986,-0.1968194161915271,
next_day,2025-02-19,False,15.27,17.93,2025-02-20,2025-02-21,leg_missing_trade,610.0,,,,,,,,
next_day,2025-02-20,False,15.66,18.01,2025-02-21,2025-02-24,leg_missing_trade,610.0,,,,,,,,
next_day,2025-02-21,False,18.21,19.48,2025-02-24,2025-02-25,leg_missing_trade,600.0,,,,,,,,
next_day,2025-02-24,False,18.98,19.86,2025-02-25,2025-02-26,leg_missing_trade,597.0,,,,,,,,
next_day,2025-02-25,False,19.43,20.03,2025-02-26,2025-02-27,priced,596.0,2025-03-28,20.551265,21.064903,0.024993011379104813,-0.02500664771255867,-0.07262537065700048,-0.16136935432618704,
next_day,2025-02-26,False,19.1,19.75,2025-02-27,2025-02-28,priced,597.0,2025-03-31,21.007337,20.888999000000002,-0.005633174733189583,-0.054138873526692444,-0.10033477713955241,-0.1864271429635188,
next_day,2025-02-27,False,21.13,21.22,2025-02-28,2025-03-03,priced,586.0,2025-03-31,23.548842,22.872583,-0.028717293190043125,-0.07609693742467505,-0.12122040812432489,-0.20531414897367162,
next_day,2025-02-28,False,19.63,20.18,2025-03-03,2025-03-04,leg_missing_trade,596.0,,,,,,,,
next_day,2025-03-03,True,22.78,22.18,2025-03-04,2025-03-05,leg_missing_trade,580.0,,,,,,,,
next_day,2025-03-04,True,23.51,22.78,2025-03-05,2025-03-06,priced,577.0,2025-04-04,26.238698,27.233249999999998,0.03790401490195894,-0.012725449239600062,-0.060943986517275395,-0.15080580598930637,
next_day,2025-03-05,True,21.93,21.72,2025-03-06,2025-03-07,leg_missing_trade,575.0,,,,,,,,
next_day,2025-03-06,True,24.87,23.7,2025-03-07,2025-03-10,leg_missing_trade,571.0,,,,,,,,
next_day,2025-03-07,True,23.37,22.59,2025-03-10,2025-03-11,leg_missing_trade,568.0,,,,,,,,
next_day,2025-03-10,True,27.86,25.72,2025-03-11,2025-03-12,leg_missing_trade,559.0,,,,,,,,
next_day,2025-03-11,True,26.92,25.34,2025-03-12,2025-03-13,leg_missing_trade,562.0,,,,,,,,
next_day,2025-03-12,True,24.23,23.67,2025-03-13,2025-03-14,leg_missing_trade,558.0,,,,,,,,
next_day,2025-03-13,True,24.66,24.06,2025-03-14,2025-03-17,leg_missing_trade,556.0,,,,,,,,
next_day,2025-03-14,False,21.77,22.17,2025-03-17,2025-03-18,leg_missing_trade,563.0,,,,,,,,
next_day,2025-03-17,False,20.51,21.3,2025-03-18,2025-03-19,priced,565.0,2025-04-17,24.192515,23.211022,-0.04057011021797441,-0.08737156825612191,-0.13194438543531017,-0.21501190836016093,
next_day,2025-03-18,False,21.7,21.97,2025-03-19,2025-03-20,leg_missing_trade,563.0,,,,,,,,
next_day,2025-03-19,False,19.9,20.83,2025-03-20,2025-03-21,leg_missing_trade,563.0,,,,,,,,
next_day,2025-03-20,False,19.8,20.71,2025-03-21,2025-03-24,leg_missing_trade,559.0,,,,,,,,
next_day,2025-03-21,False,19.28,20.35,2025-03-24,2025-03-25,leg_missing_trade,571.0,,,,,,,,
next_day,2025-03-24,False,17.48,19.04,2025-03-25,2025-03-26,leg_missing_trade,575.0,,,,,,,,
next_day,2025-03-25,False,17.15,19.05,2025-03-26,2025-03-27,priced,575.0,2025-04-25,20.356618,20.142454,-0.01052060808922195,-0.058787895499503806,-0.10475674065215312,-0.19042595207299984,
next_day,2025-03-26,False,18.33,19.84,2025-03-27,2025-03-28,leg_missing_trade,567.0,,,,,,,,
next_day,2025-03-27,False,18.69,19.89,2025-03-28,2025-03-31,leg_missing_trade,566.0,,,,,,,,
next_day,2025-03-28,False,21.65,22.01,2025-03-31,2025-04-01,priced,550.0,2025-04-30,24.306127,27.980271000000002,0.15116122778425378,0.09500702155087559,0.041526825138134216,-0.05814081363106505,
next_day,2025-03-31,True,22.28,21.97,2025-04-01,2025-04-02,leg_missing_trade,557.0,,,,,,,,
next_day,2025-04-01,False,21.77,21.82,2025-04-02,2025-04-03,priced,555.0,2025-05-02,26.476353,27.049881,0.021661895805664688,-0.028175269843392026,-0.07563923712820819,-0.1640948125226379,
next_day,2025-04-02,True,21.51,21.45,2025-04-03,2025-04-04,leg_missing_trade,545.0,,,,,,,,
next_day,2025-04-03,True,30.02,27.38,2025-04-04,2025-04-07,leg_missing_trade,524.0,,,,,,,,
next_day,2025-04-04,True,45.31,36.71,2025-04-07,2025-04-08,leg_missing_trade,489.0,,,,,,,,
next_day,2025-04-07,True,46.98,36.88,2025-04-08,2025-04-09,leg_missing_trade,522.0,,,,,,,,
next_day,2025-04-08,True,52.33,41.5,2025-04-09,2025-04-10,leg_missing_trade,493.0,,,,,,,,
next_day,2025-04-09,True,33.62,29.92,2025-04-10,2025-04-11,leg_missing_trade,532.0,,,,,,,,
next_day,2025-04-10,True,40.72,35.71,2025-04-11,2025-04-14,leg_missing_trade,523.0,,,,,,,,
next_day,2025-04-11,True,37.56,33.91,2025-04-14,2025-04-15,leg_missing_trade,544.0,,,,,,,,
next_day,2025-04-14,True,30.89,29.63,2025-04-15,2025-04-16,leg_missing_trade,540.0,,,,,,,,
next_day,2025-04-15,True,30.12,29.0,2025-04-16,2025-04-17,priced,532.0,2025-05-16,32.922978,31.145118,-0.05400058281483533,-0.10014689584825798,-0.14409576540389868,-0.22600047684850155,
next_day,2025-04-16,True,32.64,30.94,2025-04-17,2025-04-21,leg_missing_trade,528.0,,,,,,,,
next_day,2025-04-17,True,29.65,29.35,2025-04-21,2025-04-22,leg_missing_trade,521.0,,,,,,,,
next_day,2025-04-21,True,33.82,31.83,2025-04-22,2025-04-23,leg_missing_trade,520.0,,,,,,,,
next_day,2025-04-22,True,30.57,29.45,2025-04-23,2025-04-24,priced,540.0,2025-05-23,31.387187,29.46911,-0.06111019123822725,-0.10690969410465512,-0.15052826826315802,-0.23181742919491322,
next_day,2025-04-23,True,28.45,28.02,2025-04-24,2025-04-25,leg_missing_trade,535.0,,,,,,,,
next_day,2025-04-24,True,26.47,26.44,2025-04-25,2025-04-28,leg_missing_trade,545.0,,,,,,,,
next_day,2025-04-25,False,24.84,25.37,2025-04-28,2025-04-29,leg_missing_trade,551.0,,,,,,,,
next_day,2025-04-28,False,25.15,25.73,2025-04-29,2025-04-30,leg_missing_trade,550.0,,,,,,,,
next_day,2025-04-29,False,24.17,25.22,2025-04-30,2025-05-01,priced,548.0,2025-05-30,28.210318,31.515224,0.11715238374838588,0.0626571455167575,0.010756918629492018,-0.0859662314785935,
next_day,2025-04-30,False,24.7,25.54,2025-05-01,2025-05-02,leg_missing_trade,560.0,,,,,,,,
next_day,2025-05-01,False,24.6,25.49,2025-05-02,2025-05-05,leg_missing_trade,565.0,,,,,,,,
next_day,2025-05-02,False,22.68,24.0,2025-05-05,2025-05-06,leg_missing_trade,563.0,,,,,,,,
next_day,2025-05-05,False,23.64,24.55,2025-05-06,2025-05-07,leg_missing_trade,560.0,,,,,,,,
next_day,2025-05-06,False,24.76,25.41,2025-05-07,2025-05-08,priced,560.0,2025-06-06,26.963306,27.748859,0.029134149944372467,-0.02106751590657241,-0.06887862624080587,-0.1579811500455135,
next_day,2025-05-07,False,23.55,24.7,2025-05-08,2025-05-09,leg_missing_trade,565.0,,,,,,,,
next_day,2025-05-08,False,22.48,23.76,2025-05-09,2025-05-12,leg_missing_trade,566.0,,,,,,,,
next_day,2025-05-09,False,21.9,23.38,2025-05-12,2025-05-13,leg_missing_trade,581.0,,,,,,,,
next_day,2025-05-12,False,18.39,20.22,2025-05-13,2025-05-14,leg_missing_trade,583.0,,,,,,,,
next_day,2025-05-13,False,18.22,20.09,2025-05-14,2025-05-15,priced,588.0,2025-06-13,20.94066,21.115407,0.008344865921131372,-0.04084268851404571,-0.08768797845230969,-0.17499056424634707,
next_day,2025-05-14,False,18.62,20.58,2025-05-15,2025-05-16,leg_missing_trade,586.0,,,,,,,,
next_day,2025-05-15,False,17.83,20.25,2025-05-16,2025-05-19,leg_missing_trade,591.0,,,,,,,,
next_day,2025-05-16,False,17.24,20.08,2025-05-19,2025-05-20,leg_missing_trade,588.0,,,,,,,,
next_day,2025-05-19,False,18.14,20.69,2025-05-20,2025-05-21,priced,593.0,2025-06-20,21.779819,21.302183,-0.021930209796509392,-0.06964093126985027,-0.11507971362541325,-0.19976108074259857,
next_day,2025-05-20,False,18.09,20.72,2025-05-21,2025-05-22,priced,588.0,2025-06-20,20.944423999999998,22.228723000000002,0.061319375505385354,0.00954769865146421,-0.03975866025703223,-0.13164778367741203,
next_day,2025-05-21,False,20.87,22.66,2025-05-22,2025-05-23,leg_missing_trade,583.0,,,,,,,,
next_day,2025-05-22,False,20.28,22.32,2025-05-23,2025-05-27,leg_missing_trade,576.0,,,,,,,,
next_day,2025-05-23,False,22.29,23.8,2025-05-27,2025-05-28,leg_missing_trade,586.0,,,,,,,,
next_day,2025-05-27,False,18.96,21.29,2025-05-28,2025-05-29,priced,592.0,2025-06-27,20.679383,20.682665,0.0001587087970660317,-0.048629520900351775,-0.09509450156455934,-0.18168832916603694,
next_day,2025-05-28,False,19.31,21.67,2025-05-29,2025-05-30,priced,593.0,2025-06-30,22.041944,20.25537,-0.08105337714314131,-0.12588004167274414,-0.16857210312950877,-0.24813458129893384,
next_day,2025-05-29,False,19.18,21.62,2025-05-30,2025-06-02,priced,589.0,2025-06-30,21.374585,20.303826,-0.05009496090801291,-0.09643179208323172,-0.1405621074882022,-0.22280496801564698,
next_day,2025-05-30,False,18.57,21.38,2025-06-02,2025-06-03,leg_missing_trade,588.0,,,,,,,,
next_day,2025-06-02,False,18.36,21.09,2025-06-03,2025-06-04,priced,592.5,2025-07-03,20.160913,21.057512,0.04447214270504518,-0.006477717914713188,-0.05500139469543541,-0.14543188324132683,
next_day,2025-06-03,False,17.69,20.72,2025-06-04,2025-06-05,leg_missing_trade,597.0,,,,,,,,
next_day,2025-06-04,False,17.61,20.66,2025-06-05,2025-06-06,leg_missing_trade,598.0,,,,,,,,
next_day,2025-06-05,False,18.48,21.11,2025-06-06,2025-06-09,leg_missing_trade,599.0,,,,,,,,
next_day,2025-06-06,False,16.77,20.02,2025-06-09,2025-06-10,leg_missing_trade,600.0,,,,,,,,
next_day,2025-06-09,False,17.16,20.09,2025-06-10,2025-06-11,leg_missing_trade,600.0,,,,,,,,
next_day,2025-06-10,False,16.95,19.94,2025-06-11,2025-06-12,priced,604.0,2025-07-11,18.959554,19.112600999999998,0.008072289042241998,-0.041101968959818436,-0.08793459562844763,-0.17521358169271106,
next_day,2025-06-11,False,17.26,20.3,2025-06-12,2025-06-13,leg_missing_trade,600.0,,,,,,,,
next_day,2025-06-12,False,18.02,20.65,2025-06-13,2025-06-16,leg_missing_trade,598.0,,,,,,,,
next_day,2025-06-13,False,20.82,22.62,2025-06-16,2025-06-17,leg_missing_trade,600.0,,,,,,,,
next_day,2025-06-16,False,19.11,21.23,2025-06-17,2025-06-18,leg_missing_trade,600.0,,,,,,,,
next_day,2025-06-17,False,21.6,22.91,2025-06-18,2025-06-20,priced,598.0,2025-07-18,22.661624,21.454891,-0.053250067162000425,-0.09943299071507361,-0.14341672743228606,-0.2253864185870913,
next_day,2025-06-18,False,20.14,21.97,2025-06-20,2025-06-23,leg_missing_trade,598.0,,,,,,,,
next_day,2025-06-20,False,20.62,22.48,2025-06-23,2025-06-24,leg_missing_trade,595.0,,,,,,,,
next_day,2025-06-23,False,19.83,21.82,2025-06-24,2025-06-25,leg_missing_trade,604.0,,,,,,,,
next_day,2025-06-24,False,17.48,20.05,2025-06-25,2025-06-26,priced,608.0,2025-07-25,19.458807,18.853802,-0.031091577196895925,-0.07835540269948627,-0.1233685698448107,-0.20725674497927848,
next_day,2025-06-25,False,16.76,19.67,2025-06-26,2025-06-27,leg_missing_trade,609.0,,,,,,,,
next_day,2025-06-26,False,16.59,19.45,2025-06-27,2025-06-30,leg_missing_trade,613.0,,,,,,,,
next_day,2025-06-27,False,16.32,19.45,2025-06-30,2025-07-01,leg_missing_trade,617.0,,,,,,,,
next_day,2025-06-30,False,16.73,19.44,2025-07-01,2025-07-02,priced,616.0,2025-07-31,20.351672999999998,20.510973,0.007827366330031005,-0.04133494422265327,-0.08815619236806727,-0.1754139730027019,
next_day,2025-07-01,False,16.83,19.51,2025-07-02,2025-07-03,priced,617.0,2025-08-01,20.288027,22.696098999999997,0.11869424266834794,0.06412379180647743,0.012151933842791118,-0.08470471054407902,
next_day,2025-07-02,False,16.64,19.35,2025-07-03,2025-07-07,leg_missing_trade,622.0,,,,,,,,
next_day,2025-07-03,False,16.38,19.21,2025-07-07,2025-07-08,leg_missing_trade,623.0,,,,,,,,
next_day,2025-07-07,False,17.79,20.21,2025-07-08,2025-07-09,leg_missing_trade,621.0,,,,,,,,
next_day,2025-07-08,False,16.81,19.58,2025-07-09,2025-07-10,priced,623.0,2025-08-08,19.896802,19.335245,-0.028223480336186713,-0.07562721300271413,-0.12077362506607381,-0.20491012027506195,
next_day,2025-07-09,False,15.94,19.02,2025-07-10,2025-07-11,leg_missing_trade,624.0,,,,,,,,
next_day,2025-07-10,False,15.78,18.92,2025-07-11,2025-07-14,leg_missing_trade,623.0,,,,,,,,
next_day,2025-07-11,False,16.4,19.37,2025-07-14,2025-07-15,leg_missing_trade,623.0,,,,,,,,
next_day,2025-07-14,False,17.2,19.84,2025-07-15,2025-07-16,leg_missing_trade,628.0,,,,,,,,
next_day,2025-07-15,False,17.38,20.06,2025-07-16,2025-07-17,leg_missing_trade,624.0,,,,,,,,
next_day,2025-07-16,False,17.16,20.09,2025-07-17,2025-07-18,leg_missing_trade,624.0,,,,,,,,
next_day,2025-07-17,False,16.52,19.69,2025-07-18,2025-07-21,leg_missing_trade,629.0,,,,,,,,
next_day,2025-07-18,False,16.41,19.58,2025-07-21,2025-07-22,leg_missing_trade,629.0,,,,,,,,
next_day,2025-07-21,False,16.65,19.51,2025-07-22,2025-07-23,leg_missing_trade,629.0,,,,,,,,
next_day,2025-07-22,False,16.5,19.53,2025-07-23,2025-07-24,priced,632.0,2025-08-22,18.406522000000002,18.926443,0.02824656390816238,-0.021911805062967415,-0.06968168027356747,-0.15870735680241266,
next_day,2025-07-23,False,15.37,18.56,2025-07-24,2025-07-25,leg_missing_trade,635.0,,,,,,,,
next_day,2025-07-24,False,15.39,18.56,2025-07-25,2025-07-28,leg_missing_trade,635.0,,,,,,,,
next_day,2025-07-25,False,14.93,18.32,2025-07-28,2025-07-29,leg_missing_trade,637.0,,,,,,,,
next_day,2025-07-28,False,15.03,18.16,2025-07-29,2025-07-30,leg_missing_trade,638.0,,,,,,,,
next_day,2025-07-29,False,15.98,18.77,2025-07-30,2025-07-31,priced,636.0,2025-08-29,19.045965,18.937115,-0.005715121286844815,-0.0542168226874864,-0.10040891925952633,-0.186494190143782,
next_day,2025-07-30,False,15.48,18.35,2025-07-31,2025-08-01,leg_missing_trade,639.0,,,,,,,,
next_day,2025-07-31,False,16.72,19.14,2025-08-01,2025-08-04,leg_missing_trade,625.0,,,,,,,,
next_day,2025-08-01,False,20.38,21.24,2025-08-04,2025-08-05,leg_missing_trade,626.0,,,,,,,,
next_day,2025-08-04,False,17.52,19.61,2025-08-05,2025-08-06,leg_missing_trade,632.0,,,,,,,,
next_day,2025-08-05,False,17.85,20.03,2025-08-06,2025-08-07,priced,629.0,2025-09-05,21.21047,21.280535999999998,0.003303368572219245,-0.04563825916301101,-0.0922493331965637,-0.1791154257136388,
next_day,2025-08-06,False,16.77,19.47,2025-08-07,2025-08-08,leg_missing_trade,636.0,,,,,,,,
next_day,2025-08-07,False,16.57,19.35,2025-08-08,2025-08-11,leg_missing_trade,634.0,,,,,,,,
next_day,2025-08-08,False,15.15,18.7,2025-08-11,2025-08-12,leg_missing_trade,637.0,,,,,,,,
next_day,2025-08-11,False,16.25,19.25,2025-08-12,2025-08-13,leg_missing_trade,638.0,,,,,,,,
next_day,2025-08-12,False,14.73,18.34,2025-08-13,2025-08-14,priced,645.0,2025-09-12,17.665308,17.122903,-0.030704531163566418,-0.07798723696046561,-0.12301838533846476,-0.20694007095200895,
next_day,2025-08-13,False,14.49,18.33,2025-08-14,2025-08-15,leg_missing_trade,643.0,,,,,,,,
next_day,2025-08-14,False,14.83,18.49,2025-08-15,2025-08-18,leg_missing_trade,646.0,,,,,,,,
next_day,2025-08-15,False,15.09,18.64,2025-08-18,2025-08-19,leg_missing_trade,643.0,,,,,,,,
next_day,2025-08-18,False,14.99,18.45,2025-08-19,2025-08-20,leg_missing_trade,643.0,,,,,,,,
next_day,2025-08-19,False,15.57,18.9,2025-08-20,2025-08-21,priced,639.0,2025-09-19,19.297295,19.301983,0.0002429356031505847,-0.04854940271895414,-0.09501829635905423,-0.18161941632469492,
next_day,2025-08-20,False,15.69,19.1,2025-08-21,2025-08-22,leg_missing_trade,636.0,,,,,,,,
next_day,2025-08-21,False,16.6,19.41,2025-08-22,2025-08-25,leg_missing_trade,638.0,,,,,,,,
next_day,2025-08-22,False,14.22,17.76,2025-08-25,2025-08-26,leg_missing_trade,644.0,,,,,,,,
next_day,2025-08-25,False,14.79,18.02,2025-08-26,2025-08-27,leg_missing_trade,642.0,,,,,,,,
next_day,2025-08-26,False,14.62,17.9,2025-08-27,2025-08-28,priced,645.0,2025-09-26,18.254590999999998,17.380346000000003,-0.04789178787955284,-0.09433609090981854,-0.1385687604624526,-0.22100237190145233,
next_day,2025-08-27,False,14.85,17.94,2025-08-28,2025-08-29,leg_missing_trade,647.0,,,,,,,,
next_day,2025-08-28,False,14.43,17.72,2025-08-29,2025-09-02,leg_missing_trade,647.0,,,,,,,,
next_day,2025-08-29,False,15.36,18.35,2025-09-02,2025-09-03,leg_missing_trade,637.0,,,,,,,,
next_day,2025-09-02,False,17.17,19.38,2025-09-03,2025-09-04,priced,643.0,2025-10-03,19.454241,19.190922999999998,-0.013535249203502797,-0.061655480949673436,-0.10748427308888364,-0.1928924766210477,
next_day,2025-09-03,False,16.35,18.93,2025-09-04,2025-09-05,leg_missing_trade,644.0,,,,,,,,
next_day,2025-09-04,False,15.3,18.39,2025-09-05,2025-09-08,leg_missing_trade,651.0,,,,,,,,
next_day,2025-09-05,False,15.18,18.42,2025-09-08,2025-09-09,leg_missing_trade,649.0,,,,,,,,
next_day,2025-09-08,False,15.11,18.29,2025-09-09,2025-09-10,leg_missing_trade,649.0,,,,,,,,
next_day,2025-09-09,False,15.04,18.27,2025-09-10,2025-09-11,priced,654.0,2025-10-10,17.30429,17.490021,0.010733234359803001,-0.038570825852870194,-0.08552707367446388,-0.17303644461470657,
next_day,2025-09-10,False,15.35,18.44,2025-09-11,2025-09-12,leg_missing_trade,654.0,,,,,,,,
next_day,2025-09-11,False,14.71,18.03,2025-09-12,2025-09-15,leg_missing_trade,658.0,,,,,,,,
next_day,2025-09-12,False,14.76,18.06,2025-09-15,2025-09-16,leg_missing_trade,660.0,,,,,,,,
next_day,2025-09-15,False,15.69,18.53,2025-09-16,2025-09-17,leg_missing_trade,661.0,,,,,,,,
next_day,2025-09-16,False,16.36,18.91,2025-09-17,2025-09-18,priced,660.0,2025-10-17,19.401296000000002,19.03961,-0.018642362860707973,-0.06651346711140504,-0.112104994969212,-0.1970710241587611,
next_day,2025-09-17,False,15.72,18.44,2025-09-18,2025-09-19,leg_missing_trade,662.0,,,,,,,,
next_day,2025-09-18,False,15.7,18.52,2025-09-19,2025-09-22,leg_missing_trade,662.0,,,,,,,,
next_day,2025-09-19,False,15.45,18.48,2025-09-22,2025-09-23,leg_missing_trade,662.0,,,,,,,,
next_day,2025-09-22,False,16.1,18.95,2025-09-23,2025-09-24,leg_missing_trade,667.0,,,,,,,,
next_day,2025-09-23,False,16.64,19.44,2025-09-24,2025-09-25,priced,665.0,2025-10-24,20.684859,19.908338999999998,-0.03754050245157592,-0.08448974623442584,-0.12920331174190192,-0.2125331383694712,
next_day,2025-09-24,False,16.18,19.14,2025-09-25,2025-09-26,leg_missing_trade,658.0,,,,,,,,
next_day,2025-09-25,False,16.74,19.46,2025-09-26,2025-09-29,leg_missing_trade,660.0,,,,,,,,
next_day,2025-09-26,False,15.29,18.41,2025-09-29,2025-09-30,leg_missing_trade,664.0,,,,,,,,
next_day,2025-09-29,False,16.12,18.76,2025-09-30,2025-10-01,leg_missing_trade,663.0,,,,,,,,
next_day,2025-09-30,False,16.28,18.77,2025-10-01,2025-10-02,priced,663.0,2025-10-31,22.173859999999998,22.828753,0.02953446084714173,-0.020686732364913918,-0.06851644018591951,-0.1576536229432478,
next_day,2025-10-01,False,16.29,18.76,2025-10-02,2025-10-03,leg_missing_trade,670.0,,,,,,,,
next_day,2025-10-02,False,16.63,18.89,2025-10-03,2025-10-06,leg_missing_trade,670.0,,,,,,,,
next_day,2025-10-03,False,16.65,19.08,2025-10-06,2025-10-07,leg_missing_trade,672.0,,,,,,,,
next_day,2025-10-06,False,16.37,19.12,2025-10-07,2025-10-08,leg_missing_trade,673.0,,,,,,,,
next_day,2025-10-07,False,17.24,19.71,2025-10-08,2025-10-09,priced,670.0,2025-11-07,21.599681,20.958323999999998,-0.029692892223732503,-0.07702494626159917,-0.12210309296432942,-0.20611236636487207,
next_day,2025-10-08,False,16.3,19.26,2025-10-09,2025-10-10,leg_missing_trade,674.0,,,,,,,,
next_day,2025-10-09,False,16.43,19.38,2025-10-10,2025-10-13,leg_missing_trade,672.0,,,,,,,,
next_day,2025-10-10,False,21.66,22.81,2025-10-13,2025-10-14,leg_missing_trade,661.0,,,,,,,,
next_day,2025-10-13,False,19.03,20.93,2025-10-14,2025-10-15,leg_missing_trade,657.0,,,,,,,,
next_day,2025-10-14,False,20.81,22.03,2025-10-15,2025-10-16,priced,667.0,2025-11-14,23.213344,24.677811,0.06308729151646575,0.01122937485712594,-0.03815911719938836,-0.13020130694107357,
next_day,2025-10-15,False,20.64,21.94,2025-10-16,2025-10-17,leg_missing_trade,667.0,,,,,,,,
next_day,2025-10-16,True,25.31,24.87,2025-10-17,2025-10-20,leg_missing_trade,659.0,,,,,,,,
next_day,2025-10-17,False,20.78,22.09,2025-10-20,2025-10-21,leg_missing_trade,667.0,,,,,,,,
next_day,2025-10-20,False,18.23,20.31,2025-10-21,2025-10-22,leg_missing_trade,671.0,,,,,,,,
next_day,2025-10-21,False,17.87,19.99,2025-10-22,2025-10-23,priced,672.0,2025-11-21,22.261938,21.399617,-0.038735217032766944,-0.08562618205555872,-0.13028424398202731,-0.21351063211771848,
next_day,2025-10-22,False,18.6,20.31,2025-10-23,2025-10-24,leg_missing_trade,668.0,,,,,,,,
next_day,2025-10-23,False,17.3,19.65,2025-10-24,2025-10-27,leg_missing_trade,676.0,,,,,,,,
next_day,2025-10-24,False,16.37,19.2,2025-10-27,2025-10-28,leg_missing_trade,683.0,,,,,,,,
next_day,2025-10-27,False,15.79,18.99,2025-10-28,2025-10-29,priced,687.0,2025-11-28,21.171596,22.780851,0.07601009390128155,0.023521796637804515,-0.026467057898840518,-0.11962810498986054,
next_day,2025-10-28,False,16.42,19.55,2025-10-29,2025-10-30,priced,689.0,2025-11-28,22.642928,21.751527000000003,-0.03936774431292622,-0.08622785434644198,-0.13085653056883817,-0.21402815443784873,
next_day,2025-10-29,False,16.92,19.83,2025-10-30,2025-10-31,leg_missing_trade,684.0,,,,,,,,
next_day,2025-10-30,False,16.91,19.98,2025-10-31,2025-11-03,leg_missing_trade,685.0,,,,,,,,
next_day,2025-10-31,False,17.44,20.49,2025-11-03,2025-11-04,leg_missing_trade,686.0,,,,,,,,
next_day,2025-11-03,False,17.17,20.38,2025-11-04,2025-11-05,leg_missing_trade,676.0,,,,,,,,
next_day,2025-11-04,False,19.0,21.29,2025-11-05,2025-11-06,priced,675.0,2025-12-05,24.034619,24.352501,0.013226005371668403,-0.03619965342694964,-0.08327170942563356,-0.1709969046959079,
next_day,2025-11-05,False,18.01,20.6,2025-11-06,2025-11-07,leg_missing_trade,676.0,,,,,,,,
next_day,2025-11-06,False,19.5,21.35,2025-11-07,2025-11-10,leg_missing_trade,668.0,,,,,,,,
next_day,2025-11-07,False,19.08,21.19,2025-11-10,2025-11-11,leg_missing_trade,677.0,,,,,,,,
next_day,2025-11-10,False,17.6,20.24,2025-11-11,2025-11-12,leg_missing_trade,680.0,,,,,,,,
next_day,2025-11-11,False,17.28,20.19,2025-11-12,2025-11-13,priced,685.0,2025-12-12,23.038399,22.191679999999998,-0.036752510450053455,-0.08374019286712386,-0.12849036659766744,-0.2118884176409529,
next_day,2025-11-12,False,17.51,20.34,2025-11-13,2025-11-14,leg_missing_trade,680.0,,,,,,,,
next_day,2025-11-13,False,20.0,21.85,2025-11-14,2025-11-17,leg_missing_trade,665.0,,,,,,,,
next_day,2025-11-14,False,19.83,21.58,2025-11-17,2025-11-18,leg_missing_trade,670.0,,,,,,,,
next_day,2025-11-17,False,22.38,23.18,2025-11-18,2025-11-19,leg_missing_trade,662.0,,,,,,,,
next_day,2025-11-18,True,24.69,24.54,2025-11-19,2025-11-20,priced,661.0,2025-12-19,29.700891,29.297272,-0.01358945763613617,-0.06170704506851976,-0.10753331881364714,-0.1929368289750205,
next_day,2025-11-19,False,23.66,23.99,2025-11-20,2025-11-21,leg_missing_trade,673.0,,,,,,,,
next_day,2025-11-20,True,26.42,25.76,2025-11-21,2025-11-24,leg_missing_trade,655.0,,,,,,,,
next_day,2025-11-21,False,23.43,23.96,2025-11-24,2025-11-25,leg_missing_trade,663.0,,,,,,,,
next_day,2025-11-24,False,20.52,21.85,2025-11-25,2025-11-26,priced,669.0,2025-12-26,24.672141,25.850458,0.04775900883510675,-0.003351186717825194,-0.052027563434903445,-0.14274262913491276,
next_day,2025-11-25,False,18.56,20.73,2025-11-26,2025-11-28,priced,678.0,2025-12-26,21.975043,21.833289,-0.006450681347927256,-0.05491650176997953,-0.10107442598145788,-0.18709601201194048,
next_day,2025-11-26,False,17.19,20.02,2025-11-28,2025-12-01,leg_missing_trade,681.0,,,,,,,,
next_day,2025-11-28,False,16.35,19.64,2025-12-01,2025-12-02,priced,679.0,2025-12-31,22.53592,21.916749,-0.02747484904099773,-0.07491510030729043,-0.12009629198947425,-0.2042976037608163,
next_day,2025-12-01,False,17.24,20.22,2025-12-02,2025-12-03,priced,682.0,2026-01-02,22.105314,21.158832,-0.04281694437817074,-0.08950880074996725,-0.13397723538977357,-0.21685022721850333,
next_day,2025-12-02,False,16.59,19.84,2025-12-03,2025-12-04,priced,681.0,2026-01-02,21.188473000000002,20.664186,-0.024743972819560978,-0.07231743756007025,-0.11762549921769794,-0.20206325048873175,
next_day,2025-12-03,False,16.08,19.71,2025-12-04,2025-12-05,leg_missing_trade,685.0,,,,,,,,
next_day,2025-12-04,False,15.78,19.49,2025-12-05,2025-12-08,leg_missing_trade,685.0,,,,,,,,
next_day,2025-12-05,False,15.41,19.27,2025-12-08,2025-12-09,leg_missing_trade,687.0,,,,,,,,
next_day,2025-12-08,False,16.66,19.91,2025-12-09,2025-12-10,leg_missing_trade,683.0,,,,,,,,
next_day,2025-12-09,False,16.93,20.08,2025-12-10,2025-12-11,priced,683.0,2026-01-09,21.755127,20.336351999999998,-0.06521566157715386,-0.11081489759778063,-0.15424274142694872,-0.23517645038130774,
next_day,2025-12-10,False,15.77,19.35,2025-12-11,2025-12-12,leg_missing_trade,685.0,,,,,,,,
next_day,2025-12-11,False,14.85,19.05,2025-12-12,2025-12-15,leg_missing_trade,688.0,,,,,,,,
next_day,2025-12-12,False,15.74,19.25,2025-12-15,2025-12-16,leg_missing_trade,686.0,,,,,,,,
next_day,2025-12-15,False,16.5,19.68,2025-12-16,2025-12-17,leg_missing_trade,679.0,,,,,,,,
next_day,2025-12-16,False,16.48,19.67,2025-12-17,2025-12-18,priced,680.0,2026-01-16,20.519763,19.998404999999998,-0.025407603391910616,-0.07294869590937836,-0.1182259268783955,-0.20260622095701786,
next_day,2025-12-17,False,17.62,20.08,2025-12-18,2025-12-19,leg_missing_trade,678.0,,,,,,,,
next_day,2025-12-18,False,16.87,19.59,2025-12-19,2025-12-22,leg_missing_trade,677.0,,,,,,,,
next_day,2025-12-19,False,14.91,18.25,2025-12-22,2025-12-23,leg_missing_trade,684.0,,,,,,,,
next_day,2025-12-22,False,14.08,17.79,2025-12-23,2025-12-24,leg_missing_trade,684.0,,,,,,,,
next_day,2025-12-23,False,14.0,17.84,2025-12-24,2025-12-26,priced,688.0,2026-01-23,18.217233999999998,17.683536,-0.029296324568263032,-0.07664772336981118,-0.12174429365700012,-0.20578790191948793,
next_day,2025-12-24,False,13.47,17.77,2025-12-26,2025-12-29,leg_missing_trade,691.0,,,,,,,,
next_day,2025-12-26,False,13.6,17.77,2025-12-29,2025-12-30,leg_missing_trade,688.0,,,,,,,,
next_day,2025-12-29,False,14.2,17.82,2025-12-30,2025-12-31,leg_missing_trade,687.0,,,,,,,,
next_day,2025-12-30,False,14.33,17.77,2025-12-31,2026-01-02,priced,687.0,2026-01-30,19.569643,19.241024000000003,-0.016792283844932476,-0.0647536358524966,-0.11043111395493899,-0.19555732314585395,
next_day,2025-12-31,False,14.95,18.18,2026-01-02,2026-01-05,leg_missing_trade,686.0,,,,,,,,
next_day,2026-01-02,False,14.51,18.02,2026-01-05,2026-01-06,leg_missing_trade,687.0,,,,,,,,
next_day,2026-01-05,False,14.9,18.32,2026-01-06,2026-01-07,leg_missing_trade,688.0,,,,,,,,
next_day,2026-01-06,False,14.75,18.15,2026-01-07,2026-01-08,priced,692.0,2026-02-06,20.485679,19.873531,-0.029881753004135314,-0.07720459432100679,-0.12227396700374149,-0.2062668888215653,
next_day,2026-01-07,False,15.38,18.59,2026-01-08,2026-01-09,leg_missing_trade,689.0,,,,,,,,
next_day,2026-01-08,False,15.45,18.39,2026-01-09,2026-01-12,leg_missing_trade,691.0,,,,,,,,
next_day,2026-01-09,False,14.49,17.88,2026-01-12,2026-01-13,leg_missing_trade,691.0,,,,,,,,
next_day,2026-01-12,False,15.12,18.23,2026-01-13,2026-01-14,leg_missing_trade,695.0,,,,,,,,
next_day,2026-01-13,False,15.98,18.85,2026-01-14,2026-01-15,priced,691.0,2026-02-13,21.940432,21.091268999999997,-0.03870311213562272,-0.08559564325095825,-0.13025519669413488,-0.2134843644746005,
next_day,2026-01-14,False,16.75,19.37,2026-01-15,2026-01-16,leg_missing_trade,695.0,,,,,,,,
next_day,2026-01-15,False,15.84,18.9,2026-01-16,2026-01-20,leg_missing_trade,694.0,,,,,,,,
next_day,2026-01-16,False,15.86,18.99,2026-01-20,2026-01-21,leg_missing_trade,681.0,,,,,,,,
next_day,2026-01-20,False,20.09,21.28,2026-01-21,2026-01-22,priced,680.0,2026-02-20,24.330846,24.969349,0.0262425318051005,-0.023818079502465284,-0.07149485217633778,-0.16034701943219054,
next_day,2026-01-21,False,16.9,19.36,2026-01-22,2026-01-23,leg_missing_trade,690.0,,,,,,,,
next_day,2026-01-22,False,15.64,18.75,2026-01-23,2026-01-26,leg_missing_trade,688.0,,,,,,,,
next_day,2026-01-23,False,16.09,19.15,2026-01-26,2026-01-27,leg_missing_trade,690.0,,,,,,,,
next_day,2026-01-26,False,16.15,19.07,2026-01-27,2026-01-28,leg_missing_trade,694.0,,,,,,,,
next_day,2026-01-27,False,16.35,19.22,2026-01-28,2026-01-29,priced,697.0,2026-02-27,21.569447,22.257733,0.031910229316495675,-0.01842685504040642,-0.06636693538031346,-0.15570981237741255,
next_day,2026-01-28,False,16.35,19.3,2026-01-29,2026-01-30,leg_missing_trade,696.0,,,,,,,,
next_day,2026-01-29,False,16.88,19.67,2026-01-30,2026-02-02,leg_missing_trade,692.0,,,,,,,,
next_day,2026-01-30,False,17.44,20.07,2026-02-02,2026-02-03,leg_missing_trade,690.0,,,,,,,,
next_day,2026-02-02,False,16.34,19.37,2026-02-03,2026-02-04,leg_missing_trade,696.0,,,,,,,,
next_day,2026-02-03,False,18.0,20.35,2026-02-04,2026-02-05,priced,690.0,2026-03-06,24.493249,26.339579999999998,0.07538122035177941,0.02292359984681447,-0.02703603872934246,-0.1201426378939987,
next_day,2026-02-04,False,18.64,20.62,2026-02-05,2026-02-06,leg_missing_trade,681.0,,,,,,,,
next_day,2026-02-05,False,21.77,22.45,2026-02-06,2026-02-09,leg_missing_trade,681.0,,,,,,,,
next_day,2026-02-06,False,17.76,20.37,2026-02-09,2026-02-10,leg_missing_trade,689.0,,,,,,,,
next_day,2026-02-09,False,17.36,20.09,2026-02-10,2026-02-11,leg_missing_trade,695.0,,,,,,,,
next_day,2026-02-10,False,17.79,20.43,2026-02-11,2026-02-12,priced,696.0,2026-03-13,22.138019999999997,23.597367,0.0659203939647719,0.013924277186002865,-0.03559583403187294,-0.12788331402882291,
next_day,2026-02-11,False,17.65,20.37,2026-02-12,2026-02-13,leg_missing_trade,694.0,,,,,,,,
next_day,2026-02-12,False,20.82,22.17,2026-02-13,2026-02-17,leg_missing_trade,682.0,,,,,,,,
next_day,2026-02-13,False,20.6,22.17,2026-02-17,2026-02-18,leg_missing_trade,680.0,,,,,,,,
next_day,2026-02-17,False,20.29,21.6,2026-02-18,2026-02-19,priced,684.0,2026-03-20,26.055978,26.861665000000002,0.030921387790548538,-0.019367460394356106,-0.06726160152283722,-0.15651886453500574,
next_day,2026-02-18,False,19.62,21.39,2026-02-19,2026-02-20,leg_missing_trade,684.0,,,,,,,,
next_day,2026-02-19,False,20.23,21.88,2026-02-20,2026-02-23,leg_missing_trade,682.0,,,,,,,,
next_day,2026-02-20,False,19.09,21.09,2026-02-23,2026-02-24,leg_missing_trade,688.0,,,,,,,,
next_day,2026-02-23,False,21.01,22.14,2026-02-24,2026-02-25,leg_missing_trade,682.0,,,,,,,,
next_day,2026-02-24,False,19.55,21.34,2026-02-25,2026-02-26,priced,690.0,2026-03-27,24.431444,23.974704,-0.018694760735386784,-0.06656330899219709,-0.11215240257011194,-0.19711389514713462,
next_day,2026-02-25,False,17.93,20.36,2026-02-26,2026-02-27,leg_missing_trade,693.0,,,,,,,,
next_day,2026-02-26,False,18.63,20.81,2026-02-27,2026-03-02,leg_missing_trade,683.0,,,,,,,,
next_day,2026-02-27,False,19.86,21.56,2026-03-02,2026-03-03,leg_missing_trade,679.0,,,,,,,,
next_day,2026-03-02,False,21.44,22.44,2026-03-03,2026-03-04,priced,675.0,2026-04-02,31.46148,30.435513999999998,-0.03261022685518944,-0.07979997188664345,-0.12474258620231427,-0.20849927651788225,
next_day,2026-03-03,True,23.57,23.54,2026-03-04,2026-03-05,leg_missing_trade,682.0,,,,,,,,
next_day,2026-03-04,False,21.15,22.29,2026-03-05,2026-03-06,leg_missing_trade,682.0,,,,,,,,
next_day,2026-03-05,False,23.75,23.86,2026-03-06,2026-03-09,leg_missing_trade,673.0,,,,,,,,
next_day,2026-03-06,True,29.49,27.56,2026-03-09,2026-03-10,leg_missing_trade,666.0,,,,,,,,
next_day,2026-03-09,True,25.5,25.34,2026-03-10,2026-03-11,leg_missing_trade,678.0,,,,,,,,
next_day,2026-03-10,False,24.93,25.51,2026-03-11,2026-03-12,priced,678.0,2026-04-10,30.222163000000002,31.470898000000002,0.04131851846606738,-0.00947750682496018,-0.05785467376879627,-0.14801212125503582,
next_day,2026-03-11,False,24.23,24.97,2026-03-12,2026-03-13,leg_missing_trade,671.0,,,,,,,,
next_day,2026-03-12,True,27.29,26.95,2026-03-13,2026-03-16,leg_missing_trade,669.0,,,,,,,,
next_day,2026-03-13,False,27.19,27.28,2026-03-16,2026-03-17,leg_missing_trade,668.0,,,,,,,,
next_day,2026-03-16,False,23.51,24.92,2026-03-17,2026-03-18,leg_missing_trade,672.0,,,,,,,,
next_day,2026-03-17,False,22.37,24.33,2026-03-18,2026-03-19,priced,668.0,2026-04-17,29.828605,31.365505,0.05152436729776677,0.0002304957222660775,-0.04862081054011602,-0.13966188130182733,
next_day,2026-03-18,False,25.09,26.56,2026-03-19,2026-03-20,leg_missing_trade,657.0,,,,,,,,
next_day,2026-03-19,False,24.06,25.54,2026-03-20,2026-03-23,leg_missing_trade,657.0,,,,,,,,
next_day,2026-03-20,False,26.78,27.43,2026-03-23,2026-03-24,leg_missing_trade,658.0,,,,,,,,
next_day,2026-03-23,True,26.15,26.1,2026-03-24,2026-03-25,leg_missing_trade,651.0,,,,,,,,
next_day,2026-03-24,True,26.95,26.56,2026-03-25,2026-03-26,priced,659.0,2026-04-24,31.894026,32.520392,0.019638975650173585,-0.030099510966907994,-0.0774694982212717,-0.1657499290134945,
next_day,2026-03-25,False,25.33,25.63,2026-03-26,2026-03-27,leg_missing_trade,652.0,,,,,,,,
next_day,2026-03-26,True,27.44,27.16,2026-03-27,2026-03-30,leg_missing_trade,642.0,,,,,,,,
next_day,2026-03-27,True,31.05,29.27,2026-03-30,2026-03-31,leg_missing_trade,640.0,,,,,,,,
next_day,2026-03-30,True,30.61,29.13,2026-03-31,2026-04-01,priced,639.0,2026-04-30,35.90996,37.128815,0.03394197598660664,-0.016494217963959557,-0.06452868839307035,-0.15404747419277653,
next_day,2026-03-31,False,25.25,25.55,2026-04-01,2026-04-02,priced,654.0,2026-05-01,31.723383,33.140986999999996,0.044686406869027806,-0.006273905661168699,-0.05480753664230842,-0.1452565761980682,
next_day,2026-04-01,False,24.54,24.86,2026-04-02,2026-04-06,leg_missing_trade,645.0,,,,,,,,
next_day,2026-04-02,False,23.87,24.72,2026-04-06,2026-04-07,leg_missing_trade,655.0,,,,,,,,
next_day,2026-04-06,False,24.17,24.77,2026-04-07,2026-04-08,leg_missing_trade,655.0,,,,,,,,
next_day,2026-04-07,True,25.78,25.57,2026-04-08,2026-04-09,priced,676.0,2026-05-08,26.115284000000003,26.554659,0.016824438899458283,-0.03277675324197871,-0.08001598385287123,-0.16805273180953417,
next_day,2026-04-08,False,21.04,22.68,2026-04-09,2026-04-10,leg_missing_trade,675.0,,,,,,,,
next_day,2026-04-09,False,19.49,21.81,2026-04-10,2026-04-13,leg_missing_trade,681.0,,,,,,,,
next_day,2026-04-10,False,19.23,21.86,2026-04-13,2026-04-14,leg_missing_trade,677.0,,,,,,,,
next_day,2026-04-13,False,19.12,21.34,2026-04-14,2026-04-15,leg_missing_trade,688.0,,,,,,,,
next_day,2026-04-14,False,18.36,20.82,2026-04-15,2026-04-16,priced,695.0,2026-05-15,24.757075999999998,26.533912,0.07177083432631548,0.01948933021283672,-0.030302578466666952,-0.12309659009665097,
next_day,2026-04-15,False,18.17,20.78,2026-04-16,2026-04-17,leg_missing_trade,701.0,,,,,,,,
next_day,2026-04-16,False,17.94,20.77,2026-04-17,2026-04-20,leg_missing_trade,706.0,,,,,,,,
next_day,2026-04-17,False,17.48,20.51,2026-04-20,2026-04-21,leg_missing_trade,709.0,,,,,,,,
next_day,2026-04-20,False,18.87,21.24,2026-04-21,2026-04-22,leg_missing_trade,710.0,,,,,,,,
next_day,2026-04-21,False,19.5,21.51,2026-04-22,2026-04-23,priced,709.0,2026-05-22,26.267924,25.730005,-0.020478169496759735,-0.06825972220423482,-0.11376596287802065,-0.19857304777007623,
next_day,2026-04-22,False,18.92,21.24,2026-04-23,2026-04-24,leg_missing_trade,709.0,,,,,,,,
next_day,2026-04-23,False,19.31,21.48,2026-04-24,2026-04-27,leg_missing_trade,711.0,,,,,,,,
next_day,2026-04-24,False,18.71,21.3,2026-04-27,2026-04-28,leg_missing_trade,713.0,,,,,,,,
next_day,2026-04-27,False,18.02,20.77,2026-04-28,2026-04-29,leg_missing_trade,712.0,,,,,,,,
next_day,2026-04-28,False,17.83,20.49,2026-04-29,2026-04-30,priced,711.0,2026-05-29,25.204884,24.487420999999998,-0.028465237134199906,-0.0758571767861902,-0.12099235740713343,-0.20510792129161826,
next_day,2026-04-29,False,18.81,21.19,2026-04-30,2026-05-01,leg_missing_trade,715.0,,,,,,,,
next_day,2026-04-30,False,16.89,20.08,2026-05-01,2026-05-04,leg_missing_trade,721.0,,,,,,,,
next_day,2026-05-01,False,16.99,20.37,2026-05-04,2026-05-05,leg_missing_trade,720.0,,,,,,,,
next_day,2026-05-04,False,18.29,21.05,2026-05-05,2026-05-06,leg_missing_trade,722.0,,,,,,,,
next_day,2026-05-05,False,17.38,20.82,2026-05-06,2026-05-07,priced,728.0,2026-06-05,25.735347,25.767598,0.0012531791391816594,-0.04758843935541268,-0.09410426649312165,-0.1807928534315787,
next_day,2026-05-06,False,17.39,20.57,2026-05-07,2026-05-08,leg_missing_trade,735.0,,,,,,,,
next_day,2026-05-07,False,17.08,20.35,2026-05-08,2026-05-11,leg_missing_trade,735.0,,,,,,,,
next_day,2026-05-08,False,17.19,20.5,2026-05-11,2026-05-12,leg_missing_trade,736.0,,,,,,,,
next_day,2026-05-11,False,18.38,21.24,2026-05-12,2026-05-13,leg_missing_trade,737.0,,,,,,,,
next_day,2026-05-12,False,17.99,21.04,2026-05-13,2026-05-14,priced,738.0,2026-06-12,27.126183,28.548346,0.05242768582664192,0.001089749932659645,-0.04780352234732399,-0.13892280250547484,
next_day,2026-05-13,False,17.87,21.18,2026-05-14,2026-05-15,leg_missing_trade,744.0,,,,,,,,
next_day,2026-05-14,False,17.26,20.85,2026-05-15,2026-05-18,leg_missing_trade,742.0,,,,,,,,
next_day,2026-05-15,False,18.43,21.36,2026-05-18,2026-05-19,leg_missing_trade,740.0,,,,,,,,
next_day,2026-05-18,False,17.82,20.92,2026-05-19,2026-05-20,priced,735.0,2026-06-18,26.231296,26.900183000000002,0.025499578823707347,-0.024524790875009916,-0.07216704773093152,-0.1609548900533303,
next_day,2026-05-19,False,18.06,21.12,2026-05-20,2026-05-21,leg_missing_trade,736.0,,,,,,,,
next_day,2026-05-20,False,17.44,20.76,2026-05-21,2026-05-22,leg_missing_trade,739.0,,,,,,,,
next_day,2026-05-21,False,16.76,20.0,2026-05-22,2026-05-26,leg_missing_trade,746.0,,,,,,,,
next_day,2026-05-22,False,16.7,20.03,2026-05-26,2026-05-27,leg_missing_trade,750.0,,,,,,,,
next_day,2026-05-26,False,17.01,19.89,2026-05-27,2026-05-28,priced,751.0,2026-06-26,24.227892,23.472203,-0.031190868772239866,-0.0784498507833501,-0.12345840507964578,-0.2073379835409237,
next_day,2026-05-27,False,16.29,19.45,2026-05-28,2026-05-29,leg_missing_trade,750.0,,,,,,,,
next_day,2026-05-28,False,15.74,19.11,2026-05-29,2026-06-01,leg_missing_trade,756.0,,,,,,,,
next_day,2026-05-29,False,15.32,18.66,2026-06-01,2026-06-02,leg_missing_trade,755.0,,,,,,,,
next_day,2026-06-01,False,16.05,19.43,2026-06-02,2026-06-03,priced,757.0,2026-07-02,23.242530000000002,23.433912999999997,0.008234172441640153,-0.040947982311610676,-0.08778812969565886,-0.17508113163865813,
next_day,2026-06-02,False,15.77,19.49,2026-06-03,2026-06-04,leg_missing_trade,758.0,,,,,,,,
next_day,2026-06-03,False,16.06,19.76,2026-06-04,2026-06-05,leg_missing_trade,752.0,,,,,,,,
next_day,2026-06-04,False,15.4,19.23,2026-06-05,2026-06-08,leg_missing_trade,752.0,,,,,,,,
next_day,2026-06-05,False,21.51,21.82,2026-06-08,2026-06-09,leg_missing_trade,743.0,,,,,,,,
next_day,2026-06-08,False,18.92,20.79,2026-06-09,2026-06-10,leg_missing_trade,744.0,,,,,,,,
next_day,2026-06-09,False,19.87,21.31,2026-06-10,2026-06-11,priced,733.0,2026-07-10,28.573443,28.750031,0.0061801442689282116,-0.04290181398809256,-0.0896465361376364,-0.17676170014360415,
next_day,2026-06-10,False,22.22,22.89,2026-06-11,2026-06-12,leg_missing_trade,729.0,,,,,,,,
next_day,2026-06-11,False,19.44,21.42,2026-06-12,2026-06-15,leg_missing_trade,741.0,,,,,,,,
next_day,2026-06-12,False,17.68,20.51,2026-06-15,2026-06-16,leg_missing_trade,752.0,,,,,,,,
next_day,2026-06-15,False,16.2,19.36,2026-06-16,2026-06-17,leg_missing_trade,755.0,,,,,,,,
next_day,2026-06-16,False,16.41,19.53,2026-06-17,2026-06-18,priced,751.0,2026-07-17,24.495945,23.004741,-0.06087554491161695,-0.10668649394031848,-0.15031596920574886,-0.23162544583677758,
next_day,2026-06-17,False,18.44,20.62,2026-06-18,2026-06-22,leg_missing_trade,748.0,,,,,,,,
next_day,2026-06-18,False,16.4,19.57,2026-06-22,2026-06-23,leg_missing_trade,748.0,,,,,,,,
next_day,2026-06-22,False,17.28,19.76,2026-06-23,2026-06-24,leg_missing_trade,734.0,,,,,,,,
next_day,2026-06-23,False,19.49,21.06,2026-06-24,2026-06-25,priced,735.0,2026-07-24,27.580206,26.847292,-0.02657391318977098,-0.07405811254636752,-0.11928115955264995,-0.20356047442799452,
next_day,2026-06-24,False,18.63,20.37,2026-06-25,2026-06-26,leg_missing_trade,739.0,,,,,,,,
next_day,2026-06-25,False,18.89,20.33,2026-06-26,2026-06-29,leg_missing_trade,729.0,,,,,,,,
next_day,2026-06-26,False,18.41,20.13,2026-06-29,2026-06-30,leg_missing_trade,737.0,,,,,,,,
next_day,2026-06-29,False,17.65,19.53,2026-06-30,2026-07-01,leg_missing_trade,741.0,,,,,,,,
next_day,2026-06-30,False,16.45,19.0,2026-07-01,2026-07-02,priced,745.0,2026-07-31,23.946479,22.992778,-0.039826356100201576,-0.08666409482702098,-0.13127146504303955,-0.2144033822638013,
next_day,2026-07-01,False,16.59,19.16,2026-07-02,2026-07-06,leg_missing_trade,747.0,,,,,,,,
next_day,2026-07-02,False,16.15,19.04,2026-07-06,2026-07-07,leg_missing_trade,749.0,,,,,,,,
next_day,2026-07-06,False,15.57,18.78,2026-07-07,2026-07-08,leg_missing_trade,750.0,,,,,,,,
next_day,2026-07-07,False,16.13,19.01,2026-07-08,2026-07-09,priced,743.0,2026-08-07,24.628658,25.723901,0.04447026711727453,-0.0064795020103973755,-0.05500309165579931,-0.14543341781313912,
next_day,2026-07-08,False,16.9,19.46,2026-07-09,2026-07-10,leg_missing_trade,747.0,,,,,,,,
next_day,2026-07-09,False,15.84,18.99,2026-07-10,2026-07-13,leg_missing_trade,752.0,,,,,,,,
next_day,2026-07-10,False,15.03,18.57,2026-07-13,2026-07-14,leg_missing_trade,752.0,,,,,,,,
next_day,2026-07-13,False,17.16,19.64,2026-07-14,2026-07-15,leg_missing_trade,751.0,,,,,,,,
next_day,2026-07-14,False,16.5,19.3,2026-07-15,2026-07-16,priced,754.0,2026-08-14,23.015691,22.763752,-0.010946401739578504,-0.059192918727891675,-0.10514198252628537,-0.19077432869601885,
next_day,2026-07-15,False,15.67,18.91,2026-07-16,2026-07-17,leg_missing_trade,753.0,,,,,,,,
next_day,2026-07-16,False,16.73,19.5,2026-07-17,2026-07-20,leg_missing_trade,742.0,,,,,,,,
next_day,2026-07-17,False,18.77,20.54,2026-07-20,2026-07-21,leg_missing_trade,747.0,,,,,,,,
next_day,2026-07-20,False,18.65,20.4,2026-07-21,2026-07-22,leg_missing_trade,746.0,,,,,,,,
next_day,2026-07-21,False,17.05,19.59,2026-07-22,2026-07-23,priced,747.0,2026-08-21,24.445050000000002,25.811412,0.05589524259512646,0.004388157590486275,-0.04466620908059982,-0.13608571060398744,
next_day,2026-07-22,False,16.64,19.54,2026-07-23,2026-07-24,leg_missing_trade,739.0,,,,,,,,
next_day,2026-07-23,False,18.7,20.6,2026-07-24,2026-07-27,leg_missing_trade,739.0,,,,,,,,
next_day,2026-07-24,False,18.58,20.51,2026-07-27,2026-07-28,leg_missing_trade,745.0,,,,,,,,
next_day,2026-07-27,False,18.67,20.2,2026-07-28,2026-07-29,leg_missing_trade,739.0,,,,,,,,
next_day,2026-07-28,False,18.21,19.86,2026-07-29,2026-07-30,priced,740.0,2026-08-28,26.914734000000003,24.519372,-0.08899816732351884,-0.13343728111261544,-0.17576024662604095,-0.2546348641737882,
next_day,2026-07-29,False,20.66,21.5,2026-07-30,2026-07-31,priced,736.0,2026-08-31,25.354681,28.407953,0.12042241825089417,0.06576766614109464,0.013715521274618503,-0.08329074870381392,
next_day,2026-07-30,False,17.09,19.5,2026-07-31,2026-08-03,priced,745.0,2026-08-31,24.631818,24.746384,0.004651138620787254,-0.04435623399486088,-0.09102992220024031,-0.17801270476481057,
next_day,2026-07-31,False,15.99,19.02,2026-08-03,2026-08-04,leg_missing_trade,749.0,,,,,,,,
next_day,2026-08-03,False,15.86,18.93,2026-08-04,2026-08-05,leg_missing_trade,761.0,,,,,,,,
next_day,2026-08-04,False,16.5,19.34,2026-08-05,2026-08-06,priced,776.0,2026-09-04,25.352472,22.079788999999998,-0.12908733317997556,-0.17157087790290348,-0.2120313966866446,-0.2874350907836164,
next_day,2026-08-05,False,15.81,18.95,2026-08-06,2026-08-07,leg_missing_trade,770.0,,,,,,,,
next_day,2026-08-06,False,15.15,18.69,2026-08-07,2026-08-10,leg_missing_trade,771.0,,,,,,,,
next_day,2026-08-07,False,14.9,18.72,2026-08-10,2026-08-11,leg_missing_trade,773.0,,,,,,,,
next_day,2026-08-10,False,15.46,18.98,2026-08-11,2026-08-12,leg_missing_trade,775.0,,,,,,,,
next_day,2026-08-11,False,15.28,18.91,2026-08-12,2026-08-13,priced,775.0,2026-09-11,21.404448000000002,21.779604,0.0175270112081376,-0.03210845275323504,-0.07938032319263766,-0.1674778999206148,
next_day,2026-08-12,False,14.55,18.53,2026-08-13,2026-08-14,leg_missing_trade,775.0,,,,,,,,
next_day,2026-08-13,False,14.63,18.61,2026-08-14,2026-08-17,leg_missing_trade,779.0,,,,,,,,
next_day,2026-08-14,False,14.25,18.46,2026-08-17,2026-08-18,leg_missing_trade,776.0,,,,,,,,
next_day,2026-08-17,False,15.19,19.04,2026-08-18,2026-08-19,leg_missing_trade,769.0,,,,,,,,
next_day,2026-08-18,False,15.84,19.27,2026-08-19,2026-08-20,priced,770.0,2026-09-18,22.521411999999998,21.107024,-0.06280192378701654,-0.1085189031144792,-0.15205888342634832,-0.23320157400755903,
next_day,2026-08-19,False,14.89,18.57,2026-08-20,2026-08-21,leg_missing_trade,766.0,,,,,,,,
next_day,2026-08-20,False,16.01,19.06,2026-08-21,2026-08-24,leg_missing_trade,766.0,,,,,,,,
next_day,2026-08-21,False,15.13,18.5,2026-08-24,2026-08-25,leg_missing_trade,765.0,,,,,,,,
next_day,2026-08-24,False,15.85,18.56,2026-08-25,2026-08-26,leg_missing_trade,766.0,,,,,,,,
next_day,2026-08-25,False,15.45,18.21,2026-08-26,2026-08-27,priced,765.0,2026-09-25,22.456975,21.895581,-0.024998647413554176,-0.0725596890031368,-0.11785591908845372,-0.20227162061108983,
next_day,2026-08-26,False,15.21,17.99,2026-08-27,2026-08-28,leg_missing_trade,768.0,,,,,,,,
next_day,2026-08-27,False,14.51,17.56,2026-08-28,2026-08-31,leg_missing_trade,772.0,,,,,,,,
next_day,2026-08-28,False,14.43,17.48,2026-08-31,2026-09-01,priced,767.0,2026-09-30,20.975486,21.47653,0.023887122329370625,-0.02605859095498897,-0.07362593694009345,-0.16227417263960586,
next_day,2026-08-31,False,14.92,17.53,2026-09-01,2026-09-02,leg_missing_trade,762.0,,,,,,,,
next_day,2026-09-01,False,16.34,18.33,2026-09-02,2026-09-03,priced,762.0,2026-10-02,22.775184000000003,23.270895000000003,0.021765400446380534,-0.028076814209540335,-0.07554559007232242,-0.16401012690750683,
next_day,2026-09-02,False,15.2,17.73,2026-09-03,2026-09-04,leg_missing_trade,768.0,,,,,,,,
next_day,2026-09-03,False,14.32,17.42,2026-09-04,2026-09-08,leg_missing_trade,772.0,,,,,,,,
next_day,2026-09-04,False,14.53,17.61,2026-09-08,2026-09-09,leg_missing_trade,769.0,,,,,,,,
next_day,2026-09-08,False,15.72,18.39,2026-09-09,2026-09-10,priced,764.0,2026-10-09,23.279398,23.176036,-0.004440063269677386,-0.053003962622375944,-0.09925529533923205,-0.18545096085700874,
next_day,2026-09-09,False,16.46,18.87,2026-09-10,2026-09-11,leg_missing_trade,758.0,,,,,,,,
next_day,2026-09-10,False,17.84,19.73,2026-09-11,2026-09-14,leg_missing_trade,765.0,,,,,,,,
next_day,2026-09-11,False,15.84,18.6,2026-09-14,2026-09-15,leg_missing_trade,759.0,,,,,,,,
next_day,2026-09-14,False,17.1,19.28,2026-09-15,2026-09-16,leg_missing_trade,760.0,,,,,,,,
next_day,2026-09-15,False,17.2,19.36,2026-09-16,2026-09-17,priced,759.0,2026-10-16,23.688814,22.452499,-0.05218982258883886,-0.09842446538938321,-0.14245745853275904,-0.2245189457545046,
next_day,2026-09-16,False,17.71,19.73,2026-09-17,2026-09-18,leg_missing_trade,765.0,,,,,,,,
next_day,2026-09-17,False,15.44,18.55,2026-09-18,2026-09-21,leg_missing_trade,760.0,,,,,,,,
next_day,2026-09-18,False,14.81,18.24,2026-09-21,2026-09-22,priced,766.0,2026-10-23,25.67273,24.424309,-0.04862829157631465,-0.09503666759698215,-0.13923512094999901,-0.22160496583516653,
next_day,2026-09-21,False,14.87,18.08,2026-09-22,2026-09-23,priced,774.0,2026-10-23,21.803482000000002,20.871636,-0.04273840297618536,-0.08943409063588359,-0.13390617412131067,-0.21678596607142442,
next_day,2026-09-22,False,14.21,17.61,2026-09-23,2026-09-24,priced,773.0,2026-10-23,20.670734000000003,21.427844999999998,0.03662719475757337,-0.013939985474503369,-0.06209920474314812,-0.15185047701653076,
next_day,2026-09-23,False,15.18,18.11,2026-09-24,2026-09-25,priced,764.0,2026-10-30,26.79775,25.736925,-0.03958634586858978,-0.08643579241158539,-0.13105431292872405,-0.214207010256119,
next_day,2026-09-24,False,15.67,18.43,2026-09-25,2026-09-28,priced,769.0,2026-10-30,24.677443,24.309275,-0.014919211848650638,-0.0629719332218871,-0.10873642976782683,-0.19402480969435054,
next_day,2026-09-25,False,14.87,17.93,2026-09-28,2026-09-29,priced,768.0,2026-10-30,24.507143,23.856973,-0.02652981622541639,-0.07401616665344479,-0.1192412622991863,-0.2035243950935225,
next_day,2026-09-28,False,16.07,18.23,2026-09-29,2026-09-30,priced,767.0,2026-10-30,23.858221999999998,23.487157,-0.015552919241006213,-0.06357472805851805,-0.10930978407519609,-0.19454329756082334,
next_day,2026-09-29,False,16.04,18.09,2026-09-30,2026-10-01,priced,766.0,2026-10-30,24.468866,23.959513,-0.020816371302209036,-0.0685814263606378,-0.11407195498771283,-0.1988497583381711,
next_day,2026-09-30,False,16.34,18.37,2026-10-01,2026-10-02,priced,764.0,2026-11-06,27.127054,28.071237,0.034805954232995484,-0.01567238499788226,-0.06374699378919468,-0.1533405829002763,
episode,2024-08-02,True,23.39,23.34,2024-08-05,2024-08-09,leg_missing_trade,510.0,,,,,,,,4.0
episode,2024-10-07,True,22.64,22.59,2024-10-08,2024-10-09,leg_missing_trade,570.0,,,,,,,,1.0
episode,2024-10-31,True,23.16,22.64,2024-11-01,2024-11-04,leg_missing_trade,571.0,,,,,,,,1.0
episode,2024-11-04,True,21.98,21.57,2024-11-05,2024-11-07,leg_missing_trade,571.0,,,,,,,,2.0
episode,2024-12-18,True,27.62,24.24,2024-12-19,2024-12-20,leg_missing_trade,591.0,,,,,,,,1.0
episode,2025-03-03,True,22.78,22.18,2025-03-04,2025-03-17,leg_missing_trade,580.0,,,,,,,,9.0
episode,2025-03-31,True,22.28,21.97,2025-04-01,2025-04-02,leg_missing_trade,557.0,,,,,,,,1.0
episode,2025-04-02,True,21.51,21.45,2025-04-03,2025-04-28,leg_missing_trade,545.0,,,,,,,,16.0
episode,2025-10-16,True,25.31,24.87,2025-10-17,2025-10-20,leg_missing_trade,659.0,,,,,,,,1.0
episode,2025-11-18,True,24.69,24.54,2025-11-19,2025-11-20,priced,661.0,2025-12-19,29.700891,29.297272,-0.01358945763613617,-0.06170704506851976,-0.10753331881364714,-0.1929368289750205,1.0
episode,2025-11-20,True,26.42,25.76,2025-11-21,2025-11-24,leg_missing_trade,655.0,,,,,,,,1.0
episode,2026-03-03,True,23.57,23.54,2026-03-04,2026-03-05,leg_missing_trade,682.0,,,,,,,,1.0
episode,2026-03-06,True,29.49,27.56,2026-03-09,2026-03-11,leg_missing_trade,666.0,,,,,,,,2.0
episode,2026-03-12,True,27.29,26.95,2026-03-13,2026-03-16,leg_missing_trade,669.0,,,,,,,,1.0
episode,2026-03-23,True,26.15,26.1,2026-03-24,2026-03-26,leg_missing_trade,651.0,,,,,,,,2.0
episode,2026-03-26,True,27.44,27.16,2026-03-27,2026-04-01,leg_missing_trade,642.0,,,,,,,,3.0
episode,2026-04-07,True,25.78,25.57,2026-04-08,2026-04-09,priced,676.0,2026-05-08,26.115284000000003,26.554659,0.016824438899458283,-0.03277675324197871,-0.08001598385287123,-0.16805273180953417,1.0
