symbol,earnings_date,hour,eps_estimate,eps_actual,revenue_estimate,revenue_actual,pulled_at
ABT,2026-10-13,bmo,1.434,,13117243558,,2026-09-28T23:47:13.225010+00:00
AZZ,2026-10-13,,1.8695,,468116143,,2026-09-28T23:47:13.225029+00:00
C,2026-10-13,,2.721,,24225402747,,2026-09-28T23:47:13.225033+00:00
DPZ,2026-10-13,bmo,4.4347,,1185077389,,2026-09-28T23:47:13.225036+00:00
GS,2026-10-13,bmo,16.4064,,17993277668,,2026-09-28T23:47:13.225039+00:00
JNJ,2026-10-13,,2.5873,,25568030022,,2026-09-28T23:47:13.225041+00:00
JPM,2026-10-13,,5.8818,,51449664468,,2026-09-28T23:47:13.225044+00:00
UNH,2026-10-13,bmo,4.1893,,112517286035,,2026-09-28T23:47:13.225046+00:00
WFC,2026-10-13,bmo,1.8668,,22592060366,,2026-09-28T23:47:13.225048+00:00
PNFP,2026-10-12,,2.6699,,1307665438,,2026-09-28T23:47:13.225051+00:00
BLK,2026-10-09,,14.4172,,7629624436,,2026-09-28T23:47:13.225053+00:00
DAL,2026-10-09,bmo,2.0511,,17768512799,,2026-09-28T23:47:13.225056+00:00
PEP,2026-10-08,bmo,2.3232,,25251207828,,2026-09-28T23:47:13.225058+00:00
LEVI,2026-10-07,,0.3665,,1648747308,,2026-09-28T23:47:13.225060+00:00
NRIX,2026-10-07,,-0.6129,,24768150,,2026-09-28T23:47:13.225063+00:00
LW,2026-10-06,,0.6071,,1703687526,,2026-09-28T23:47:13.225065+00:00
NEOG,2026-10-06,,-0.0714,,212338500,,2026-09-28T23:47:13.225067+00:00
PENG,2026-10-06,amc,0.7844,,524737643,,2026-09-28T23:47:13.225070+00:00
RPM,2026-10-06,,1.9694,,2244388599,,2026-09-28T23:47:13.225072+00:00
STZ,2026-10-06,bmo,3.6097,,2571775059,,2026-09-28T23:47:13.225074+00:00
MKC,2026-10-05,bmo,0.7633,,1997185291,,2026-09-28T23:47:13.225076+00:00
ACN,2026-10-01,bmo,3.2131,,18210424017,,2026-09-28T23:47:13.225079+00:00
AEHR,2026-10-01,,0.1122,,27607830,,2026-09-28T23:47:13.225081+00:00
AYI,2026-10-01,bmo,5.7198,,1266072370,,2026-09-28T23:47:13.225083+00:00
CALM,2026-09-30,bmo,-0.7208,,586311045,,2026-09-28T23:47:13.225085+00:00
FDS,2026-09-30,bmo,4.3792,,636127754,,2026-09-28T23:47:13.225087+00:00
JBL,2026-09-30,bmo,4.0999,,9789710042,,2026-09-28T23:47:13.225089+00:00
JEF,2026-09-30,,0.9353,,2195327162,,2026-09-28T23:47:13.225092+00:00
MU,2026-09-30,amc,32.3202,,52241283687,,2026-09-28T23:47:13.225094+00:00
PRGS,2026-09-30,amc,1.5453,,252271704,,2026-09-28T23:47:13.225096+00:00
CAG,2026-09-29,,0.2842,,2614954892,,2026-09-28T23:47:13.225098+00:00
CNXC,2026-09-29,amc,2.7591,,2525956815,,2026-09-28T23:47:13.225100+00:00
KMX,2026-09-29,bmo,0.7199,,7045509833,,2026-09-28T23:47:13.225103+00:00
CCL,2026-09-28,bmo,1.3712,,8383725897,,2026-09-28T23:47:13.225105+00:00
MTN,2026-09-28,amc,-5.311,-5.34,274304385,278070000.0,2026-09-28T23:47:13.225107+00:00
NKE,2026-09-28,,0.4444,,11451807997,,2026-09-28T23:47:13.225110+00:00
