door,feature,n_with,avg_with,win_with,diff,t,p,q
E0 tag,H 10 EMA under 10 SMA,795,0.00020073488173765773,0.3132075471698113,-0.00020432519616569937,-0.14123887912962957,0.8876812328066975,0.9664271486201949
E0 tag,H MACD under signal,728,0.0015885571087775306,0.3228021978021978,0.0022286448058934367,1.5516903417406114,0.12073633477614863,0.8338852331976936
E0 tag,H MACD histogram falling,782,-0.0006977233442794894,0.29411764705882354,-0.0017132635192165114,-1.1987381950894267,0.23062976134441557,0.8338852331976936
E0 tag,H 50 under 200,650,0.0016835599622828303,0.2569230769230769,0.0020242086402186806,1.317163498569474,0.187783826178026,0.8338852331976936
E0 tag,H rally started at the 200,1181,0.0006390776151990446,0.3285351397121084,0.00029446037603659907,0.22449412816571374,0.8223728353751781,0.956635392590158
E0 tag,H rally 1.5+ ATR,1774,0.0003571060415004165,0.3179255918827508,-0.008100120985867054,-1.4624260623183285,0.1436244918682159,0.8338852331976936
E0 tag,H rally on low volume (no buyers),294,-0.0012202251201147878,0.2653061224489796,-0.0024526861032228833,-1.6250920844228585,0.1041429392685452,0.8338852331976936
E0 tag,H room to the 200 (0.5%+),1036,-0.0002327930753390986,0.33783783783783783,-0.0013929190589436512,-0.9549424340130737,0.339606809108024,0.8338852331976936
E0 tag,H candle: shooting star,145,0.00022723147249988643,0.35172413793103446,-0.0002697666461059588,-0.12066532832563386,0.9039561222684438,0.9762726120499193
E0 tag,H candle: bearish engulfing,95,-0.0019500475822334356,0.30526315789473685,-0.0025004547974103574,-1.3526730711126873,0.1761600970397364,0.8338852331976936
E0 tag,H candle: gravestone doji,61,-0.0033103460458644425,0.3114754098360656,-0.003797803320336786,-1.2298301654890509,0.21876070956560104,0.8338852331976936
E0 tag,H candle: close in lower third,541,-0.00022101845141384393,0.3290203327171904,-0.0008266652986900726,-0.6058333814982897,0.5446254005415736,0.8947878475484026
E0 tag,H candle: red,852,0.00026474384859331265,0.31103286384976525,-0.00020985690573797422,-0.14298155357138972,0.8863047496141179,0.9664271486201949
E0 tag,3h RSI bearish divergence,48,0.005347730722438895,0.4375,0.004856115721187674,1.180789645798842,0.2376862983631079,0.8338852331976936
E0 tag,3h MACD bearish divergence,53,0.004647856852596921,0.4339622641509434,0.004170798617585786,1.0769294706795185,0.28151177587174536,0.8338852331976936
E0 tag,3h MACD under signal,1483,0.0008546515267659178,0.34457181389076197,0.0007416742299233851,0.3669826180748752,0.7136319835851415,0.9064371315235981
E0 tag,3h 10 EMA under 10 SMA,1316,0.0009700493571397894,0.3366261398176292,0.00036789994891052186,0.2550780238972751,0.7986628372534876,0.9380398378956265
E0 tag,D RSI 80+ in last 10 days,75,-0.0032922197622531754,0.26666666666666666,-0.003981245790753663,-1.4755401948025482,0.14006737021676588,0.8338852331976936
E0 tag,D RSI 70+ now,151,0.0005742965007966639,0.2781456953642384,-0.0001477403983938645,-0.0607725072898854,0.9515403858429383,0.9857607492571158
E0 tag,D exponential run (20d +15%),254,0.0006032890443803422,0.36220472440944884,-6.372204682958589e-05,-0.031034075363478804,0.9752423645426626,0.9952190122743699
E0 tag,D 15%+ above the 50 SMA,194,0.001409792827544861,0.3865979381443299,0.0009927112074673782,0.42298461276545557,0.672306487654614,0.8947878475484026
E0 tag,D RSI bearish divergence,209,0.0020561883963764196,0.41148325358851673,0.0014736790081910937,1.056614846790829,0.2906874018312336,0.8338852331976936
E0 tag,D MACD bearish divergence,178,0.002009683875357369,0.39325842696629215,0.0014549577849786257,0.9250000848774961,0.35496586329592705,0.8407086235956167
E0 tag,D higher high on low volume,341,-0.0004085270183653309,0.36656891495601174,-0.001232897437904721,-0.956986135014466,0.33857425323752266,0.8338852331976936
E0 tag,D below 10 SMA,783,0.0005997869339721457,0.2835249042145594,-0.00023675881949643924,-0.1536663873727379,0.8778727889285124,0.9664271486201949
E0 tag,D 10 EMA under 10 SMA,827,-2.105285445552126e-05,0.32285368802902054,0.0002818930800365735,0.1909134143110496,0.8485934303736888,0.9582276867523641
E0 tag,D 20 under 50,795,0.0002334220228048965,0.28679245283018867,-0.0002154240124400464,-0.15890985314796593,0.87373989765331,0.9664271486201949
E0 tag,D TD sell 9 (last 5 days),310,0.0012034053353504944,0.3741935483870968,0.0011083737358664745,0.6928225396607416,0.48842092537993964,0.8947878475484026
E0 tag,D high volatility (ATR% > its median),937,0.00014120073872429822,0.29882604055496265,-0.0006595371520654891,-0.4739850532972915,0.635510565802055,0.8947878475484026
E0 tag,D candle: shooting star (yesterday),141,0.005397938452606609,0.4397163120567376,0.005378309987318901,2.167571439820207,0.030191308716668686,0.6793044461250455
E0 tag,D candle: bearish engulfing (yesterday),197,-0.0009275563168827687,0.38578680203045684,-0.0017812293194810229,-0.9878779896985022,0.32321240615713276,0.8338852331976936
E0 tag,D candle: dark cloud cover (yesterday),134,0.0005518849593034243,0.34328358208955223,2.184526772244441e-06,0.0011178063077948472,0.9991081197907752,0.9991081197907752
E0 tag,D candle: gravestone doji (yesterday),70,0.00038756837668701765,0.44285714285714284,-0.00015388561603018507,-0.07877072659219216,0.9372149884720805,0.9857607492571158
E0 tag,M SPY below 20 SMA (daily),489,-0.002036774407490338,0.2474437627811861,-0.0034152931786052107,-1.6064041435275913,0.10818514107131294,0.8338852331976936
E0 tag,M SPY 10 EMA under 10 SMA (daily),919,0.000129988809540078,0.3144722524483134,-0.0009359517894442418,-0.5859073468304454,0.5579377799348569,0.8947878475484026
E0 tag,M SPY 20 under 50 (daily),409,-0.0008902054380120927,0.2469437652811736,-0.0018557406306701856,-0.6432048267348031,0.5200912017773837,0.8947878475484026
E0 tag,M VIX above 20,504,-0.0017230438695953665,0.2638888888888889,-0.0030636369629932214,-1.265438041243576,0.20571434571420713,0.8338852331976936
E0 tag,M QQQ hourly 20 under 50,1011,5.797683477427425e-05,0.3076162215628091,-0.0009081870684711532,-0.5503331887975274,0.5820908644178041,0.8947878475484026
E0 tag,T entry hour 9:00,1068,-5.0535928585643684e-05,0.30243445692883897,-0.0016783964301398367,-1.0422037309638035,0.29731723364867424,0.8338852331976936
E0 tag,T entry hour 10:00,284,0.0015434175963467535,0.38028169014084506,0.0016703501231470834,0.9409240942176278,0.3467437592776103,0.8359001339728105
E0 tag,T entry hour 11:00,155,-0.001971775559171425,0.3096774193548387,-0.002629070553366331,-1.7756399193037506,0.07579228592927957,0.7870737384963647
E0 tag,T entry hour 12:00,109,0.002417089485321932,0.3669724770642202,0.001972115004708369,0.6980501010279103,0.48514586235513474,0.8947878475484026
E0 tag,T entry hour 13:00,99,-0.0013612942086820975,0.30303030303030304,-0.0020538262054755224,-1.0298272268038127,0.30309111728759885,0.8338852331976936
E0 tag,T entry hour 14:00,108,-0.00033266442679510055,0.35185185185185186,-0.001237646707397239,-0.7804319499779987,0.43513666790337413,0.8947878475484026
E0 tag,T Monday,193,3.808819149315716e-05,0.33678756476683935,-0.0006600108312324767,-0.2830163157236166,0.7771643299700722,0.9284706596987589
E0 tag,T Friday,399,0.0018660084478148396,0.41102756892230574,0.0016112927215002873,0.9546968546911222,0.3397310209323937,0.8338852331976936
E0 tag,S open at/above the 50,942,-0.0006239615954118968,0.3046709129511677,-0.0011103443515761298,-0.7983200914937147,0.4246847616380975,0.8947878475484026
E0 tag,S open at the 200,104,-0.00044976861229615385,0.47115384615384615,-0.001121804557602847,-0.8462037828140556,0.3974390720304103,0.8947878475484026
E0 tag,S below the 200,436,0.0006518268443016566,0.3073394495412844,0.0009382360698514268,0.49939682057514356,0.6174998586004298,0.8947878475484026
E0 tag,S between 200 and 50,341,0.0007599113010926567,0.34310850439882695,0.00013511381701747632,0.09141084351679168,0.9271661459436378,0.9857607492571158
E0 tag,C cross overnight,759,-0.0003882254172086899,0.31752305665349145,-0.0018051667626667453,-1.1340484908749815,0.2567742082232708,0.8338852331976936
E0 tag,C cross pre-market,377,0.0033154193665023025,0.3448275862068966,0.0036638306367795643,1.879220035143417,0.06021445505828144,0.7870737384963647
E0 tag,C cross regular hours,447,-0.00023425007011790874,0.29977628635346754,-0.0009070773591142947,-0.5551939814350089,0.5787619851473762,0.8947878475484026
E0 tag,C cross after hours,240,0.001587444157396118,0.3416666666666667,0.0009763916666181219,0.4392110106707194,0.6605086475787394,0.8947878475484026
E1 rejection close,H 10 EMA under 10 SMA,439,9.04287988047336e-05,0.3735763097949886,0.00010645104022208985,0.054479647617503006,0.9565530233532011,0.9857607492571158
E1 rejection close,H MACD under signal,417,0.0007948511512638696,0.38848920863309355,0.001982232577704884,1.0702300381598921,0.28451577670828415,0.8338852331976936
E1 rejection close,H MACD histogram falling,415,0.0004719437442279347,0.3783132530120482,0.001481497765637399,0.8104526344013154,0.4176800773381456,0.8947878475484026
E1 rejection close,H 50 under 200,335,-0.0007989535135016814,0.25970149253731345,-0.0008328000215712503,-0.4463157005573126,0.655369216566537,0.8947878475484026
E1 rejection close,H rally started at the 200,621,-0.0004311303747453287,0.3494363929146538,-0.0010302581528292918,-0.6332286573910463,0.5265843342003069,0.8947878475484026
E1 rejection close,H rally 1.5+ ATR,672,0.0004366663428714941,0.34970238095238093,0.0021422862295288393,1.1755226710072875,0.23978567252776006,0.8338852331976936
E1 rejection close,H rally on low volume (no buyers),143,-0.0012878201515104488,0.32867132867132864,-0.0009044569881163091,-0.46271567410172315,0.6435681817665797,0.8947878475484026
E1 rejection close,H room to the 200 (0.5%+),440,-0.00038055056701114226,0.38181818181818183,-9.551706733637979e-06,-0.005840489138352914,0.9953399903821611,0.9991081197907752
E1 rejection close,H candle: shooting star,178,-0.0024740531649845876,0.37640449438202245,-0.0022574917920393186,-1.2756246473708006,0.20208823702340223,0.8338852331976936
E1 rejection close,H candle: bearish engulfing,54,0.002063179556204831,0.4074074074074074,0.002296090302748899,0.7419676498349216,0.4581069361449698,0.8947878475484026
E1 rejection close,H candle: gravestone doji,96,0.0005116572405836736,0.34375,0.0008193108129639521,0.41394894252898456,0.6789114994433056,0.8947878475484026
E1 rejection close,H candle: close in lower third,393,-0.0003059785710862751,0.38676844783715014,-0.0005402267270626176,-0.3195453905286605,0.7493129773438642,0.9064371315235981
E1 rejection close,H candle: red,448,5.9236251376588693e-05,0.3861607142857143,0.0010598039854856063,0.6177590044949076,0.536734210702264,0.8947878475484026
E1 rejection close,3h MACD under signal,784,0.00025960795648898645,0.39285714285714285,0.004615056253030535,2.2745092276063,0.022935386929544322,0.6793044461250455
E1 rejection close,3h 10 EMA under 10 SMA,565,0.0003326794407190202,0.39469026548672564,0.001264774302166401,0.7727460915653348,0.4396726630086586,0.8947878475484026
E1 rejection close,D RSI 80+ in last 10 days,40,-0.003768021062278418,0.25,-0.003862398816782526,-1.2855729484904856,0.19859214269078873,0.8338852331976936
E1 rejection close,D RSI 70+ now,76,-0.0008703314168842373,0.34210526315789475,-0.0008032236625196719,-0.3159939480714129,0.7520071017084666,0.9064371315235981
E1 rejection close,D exponential run (20d +15%),137,0.0004413335450579985,0.40145985401459855,0.0007681905869849587,0.3390008090526879,0.7346091206796048,0.9064371315235981
E1 rejection close,D 15%+ above the 50 SMA,105,0.0013907146148253577,0.4380952380952381,0.0017022514467174693,0.5517976246371074,0.5810870149076418,0.8947878475484026
E1 rejection close,D RSI bearish divergence,112,0.0009219996353227494,0.48214285714285715,0.0009880476191781711,0.5648256864270322,0.5721923339076741,0.8947878475484026
E1 rejection close,D MACD bearish divergence,96,-0.0002214885405280745,0.3854166666666667,-0.0003230202518968849,-0.1868758892159602,0.8517579437798792,0.9582276867523641
E1 rejection close,D higher high on low volume,190,-0.0004826427002666937,0.4105263157894737,-0.0006358426005174785,-0.42599223154790444,0.6701135066850502,0.8947878475484026
E1 rejection close,D below 10 SMA,396,-0.001916988604875172,0.2828282828282828,-0.002506374135421952,-1.4913793012464864,0.13586193932605317,0.8338852331976936
E1 rejection close,D 10 EMA under 10 SMA,431,-0.0005883877112510931,0.33874709976798145,0.0006332371469935268,0.3578120404673067,0.7204839793639011,0.9064371315235981
E1 rejection close,D 20 under 50,386,1.8737407598122897e-05,0.30569948186528495,0.0008332690633601617,0.474566701782387,0.6350958447542794,0.8947878475484026
E1 rejection close,D TD sell 9 (last 5 days),171,0.0005502537223955191,0.40350877192982454,0.0007326536868892547,0.46290015011472313,0.643435939907912,0.8947878475484026
E1 rejection close,D high volatility (ATR% > its median),454,-0.0016733287652341785,0.29955947136563876,-0.0027752699446644625,-1.5379744448390313,0.12405486330896826,0.8338852331976936
E1 rejection close,D candle: shooting star (yesterday),81,0.004218262241026977,0.5061728395061729,0.005280205283454139,1.9606034902874228,0.04992529491676578,0.7870737384963647
E1 rejection close,D candle: bearish engulfing (yesterday),83,-0.0019418818592101732,0.42168674698795183,-0.0017895970634609914,-0.7106314042369031,0.4773126772024088,0.8947878475484026
E1 rejection close,D candle: dark cloud cover (yesterday),75,-0.0026350327489986828,0.3466666666666667,-0.0023903398185332967,-1.039034871272209,0.2987885187265597,0.8338852331976936
E1 rejection close,D candle: gravestone doji (yesterday),47,-0.0005612175203189691,0.48936170212765956,-0.0001522707575336977,-0.05800713202387632,0.9537429475611894,0.9857607492571158
E1 rejection close,M SPY below 20 SMA (daily),221,-0.00522526530849766,0.22171945701357465,-0.006472038029581831,-2.3904887664560897,0.01682596387252681,0.6793044461250455
E1 rejection close,M SPY 10 EMA under 10 SMA (daily),453,-0.000997197603201593,0.3333333333333333,-0.0015548499232279707,-0.7146763205994725,0.4748090728823507,0.8947878475484026
E1 rejection close,M SPY 20 under 50 (daily),194,-0.002297227583773336,0.2268041237113402,-0.002559285212111613,-0.5864842047374447,0.557550172962279,0.8947878475484026
E1 rejection close,M VIX above 20,239,-0.0031057467511029146,0.2217573221757322,-0.003774697497931157,-1.056463627068503,0.2907564500416139,0.8338852331976936
E1 rejection close,M QQQ hourly 20 under 50,505,0.00016584308769985377,0.3485148514851485,0.0005972273804633149,0.2545496224607549,0.7990709730222003,0.9380398378956265
E1 rejection close,T entry hour 9:00,521,-0.0001760336215856304,0.3685220729366603,0.0007644479862339287,0.44249479711858136,0.6581311944389902,0.8947878475484026
E1 rejection close,T entry hour 10:00,149,-0.00018401273020544938,0.3825503355704698,0.0009681452914198892,0.4909876033356616,0.623435215462801,0.8947878475484026
E1 rejection close,T entry hour 11:00,97,-0.003735312705683574,0.3402061855670103,-0.0036920304397682086,-1.813744653646377,0.06971704693798396,0.7870737384963647
E1 rejection close,T entry hour 12:00,62,-0.0019024718692542794,0.3225806451612903,-0.0017701190448614987,-0.7356028373361331,0.46197243535740173,0.8947878475484026
E1 rejection close,T entry hour 13:00,48,-0.0027509769197187743,0.3125,-0.0025388141185418776,-1.3527968442712617,0.176120541203912,0.8338852331976936
E1 rejection close,T entry hour 14:00,56,-0.0009078894000200152,0.375,-0.0007855216857784813,-0.33346928539656767,0.738780070631992,0.9064371315235981
E1 rejection close,T Monday,98,0.002389736411638805,0.40816326530612246,0.003055654191541096,0.7470811191226783,0.45501459648044174,0.8947878475484026
E1 rejection close,T Friday,212,0.0013412096574585359,0.4669811320754717,0.0019861909474162324,1.0003519607008762,0.3171402094657735,0.8338852331976936
E1 rejection close,S open at/above the 50,476,-0.00016236392167747144,0.3760504201680672,-0.00039750521311615974,-0.2158765109986577,0.8290840069114702,0.956635392590158
E1 rejection close,S open at the 200,50,0.0017693991122497501,0.46,0.0019330026892664216,0.6885921797838525,0.4910799436832288,0.8947878475484026
E1 rejection close,S below the 200,231,-0.0011084095063152181,0.2813852813852814,-0.00043654555369925993,-0.20186604876315334,0.8400214447967158,0.9582276867523641
E1 rejection close,S between 200 and 50,176,0.0005217923281155448,0.4034090909090909,0.0007164813912882233,0.4013350797631583,0.6881734395687091,0.8947878475484026
E1 rejection close,C cross overnight,380,-0.0015418912488240715,0.3684210526315789,-0.002273146017477392,-1.2404159653423867,0.21482157882697117,0.8338852331976936
E1 rejection close,C cross pre-market,194,0.0015271199213121828,0.36597938144329895,0.0026450497336194634,1.1106529530890028,0.2667177603010007,0.8338852331976936
E1 rejection close,C cross regular hours,236,0.0005265071950291926,0.3347457627118644,0.0007404903023035014,0.45434210565445654,0.6495826148834869,0.8947878475484026
E1 rejection close,C cross after hours,123,-0.001638341307872093,0.3902439024390244,-0.0014063773712956974,-0.714849338457528,0.4747021443691311,0.8947878475484026
E2 pop then reject,H 10 EMA under 10 SMA,52,0.001996187548713753,0.34615384615384615,0.00232987661764771,0.4493959948692618,0.6531460200126163,0.8947878475484026
E2 pop then reject,H MACD under signal,49,0.003707151331884566,0.46938775510204084,0.005283580750966926,1.0856309388593461,0.27764230602114404,0.8338852331976936
E2 pop then reject,H MACD histogram falling,119,-0.0008062252939749591,0.35294117647058826,-0.0032795689781137923,-1.0007578328606492,0.3169439000965522,0.8338852331976936
E2 pop then reject,H 50 under 200,86,-0.003297909439730634,0.2441860465116279,-0.0059047518887367645,-2.1827897202625173,0.029051299049729872,0.6793044461250455
E2 pop then reject,H rally started at the 200,145,-0.0005877078769049155,0.3586206896551724,-0.003461817679262089,-1.3932331640076419,0.1635492941257064,0.8338852331976936
E2 pop then reject,H rally 1.5+ ATR,152,-0.0006930425727498237,0.375,-0.0028867664499530967,-0.6360490842351858,0.5247444301238632,0.8947878475484026
E2 pop then reject,H rally on low volume (no buyers),43,-0.002574001588160622,0.32558139534883723,-0.0026472006297422967,-0.8467380957880473,0.3971411195895518,0.8947878475484026
E2 pop then reject,H room to the 200 (0.5%+),94,0.0024855588230234035,0.4574468085106383,0.003961706051556388,1.6649078102746915,0.09593114976931154,0.8338852331976936
E2 pop then reject,H candle: dark cloud cover,51,0.002430871375007514,0.37254901960784315,0.002961805236308038,0.6662563103361222,0.5052472859741753,0.8947878475484026
E2 pop then reject,H candle: close in lower third,163,0.00045751824001013136,0.34355828220858897,0.0008153282221515318,0.34708233917751324,0.7285294610526696,0.9064371315235981
E2 pop then reject,3h MACD under signal,144,0.0017377301777623852,0.4236111111111111,0.0056127577766357,1.8318805429708145,0.06696921997554814,0.7870737384963647
E2 pop then reject,3h 10 EMA under 10 SMA,100,0.0022555837094290873,0.36,0.0045038588642526065,1.5129046228583198,0.1303038874920119,0.8338852331976936
E2 pop then reject,D below 10 SMA,105,-0.004119571354461788,0.26666666666666666,-0.009572234327657235,-3.1945819172682968,0.0014003353783918258,0.18904527608289648
E2 pop then reject,D 10 EMA under 10 SMA,106,-0.0014337213651930312,0.3113207547169811,-0.0032037777031357255,-1.301019222393952,0.19325187514237704,0.8338852331976936
E2 pop then reject,D 20 under 50,108,-0.0013027203851471998,0.28703703703703703,-0.0030192056838862424,-1.2451636243265414,0.21307161070315708,0.8338852331976936
E2 pop then reject,D TD sell 9 (last 5 days),40,0.0005096189352379341,0.5,0.00023721260794770915,0.08975749751535708,0.9284799238734796,0.9857607492571158
E2 pop then reject,D high volatility (ATR% > its median),119,-0.0021280468543099056,0.31932773109243695,-0.004691854746587524,-2.0328524828714793,0.042067428921459135,0.7870737384963647
E2 pop then reject,M SPY below 20 SMA (daily),72,-0.006831946669854682,0.2222222222222222,-0.009431328154500917,-2.635773875673218,0.008394565190165446,0.5666331503361676
E2 pop then reject,M SPY 10 EMA under 10 SMA (daily),120,-0.0013456857463735876,0.3416666666666667,-0.0036797201073517343,-1.4347228275101485,0.15136609658493633,0.8338852331976936
E2 pop then reject,M SPY 20 under 50 (daily),62,-0.0009279850618032682,0.2903225806451613,-0.0017896837004474308,-0.4056229071426613,0.6850196949229332,0.8947878475484026
E2 pop then reject,M VIX above 20,74,-0.0033774424227064393,0.22972972972972974,-0.005101424397187959,-1.3471735758344117,0.17792433617817818,0.8338852331976936
E2 pop then reject,M QQQ hourly 20 under 50,130,-0.0008771888244124782,0.3230769230769231,-0.0027523654903245584,-1.0856964163783736,0.27761332669454986,0.8338852331976936
E2 pop then reject,T entry hour 10:00,131,-0.0003511605554353817,0.366412213740458,-0.0025601893522257495,-0.7678356703365952,0.442584819724843,0.8947878475484026
E2 pop then reject,T Friday,57,0.0014745582960017586,0.42105263157894735,0.0013229277919800195,0.5532097082392501,0.5801198199716586,0.8947878475484026
E2 pop then reject,S open at/above the 50,97,0.001024272336908875,0.4020618556701031,0.002100256031135784,0.7811168651612498,0.43473376350356363,0.8947878475484026
E2 pop then reject,S below the 200,67,-0.004343193554368998,0.2537313432835821,-0.005779563739423361,-1.7763953086221052,0.07566778381650777,0.7870737384963647
E2 pop then reject,C cross overnight,79,-0.0010082127649612563,0.35443037974683544,-0.001032631817346638,-0.373883128875749,0.7084912688842658,0.9064371315235981
E2 pop then reject,C cross pre-market,58,0.0005679542401648196,0.3275862068965517,0.0013016132684165766,0.3997807022093839,0.6893180455187694,0.8947878475484026
E2 pop then reject,C cross regular hours,47,0.0006433624568090383,0.40425531914893614,0.0001033915862330405,0.024473367624738757,0.9804750269073422,0.9952190122743699
