snapshot_date,underlying,contract_symbol,expiration_date,dte,strike,type,underlying_price,bid,ask,mid,spread_pct_of_mid,approx_iv,iv_converged,iv_reason,iv_is_approximate,quote_feed
2026-09-28,MDB,MDB261002P00337500,2026-10-02,4,337.5,put,334.66,13.13,15.2,14.165,0.14613483939286964,0.9113721054847337,True,ok,True,indicative
2026-09-28,MDB,MDB261002C00335000,2026-10-02,4,335.0,call,334.66,12.27,13.59,12.93,0.10208816705336429,0.9314934160606207,True,ok,True,indicative
2026-09-28,MDB,MDB261002P00335000,2026-10-02,4,335.0,put,334.66,12.14,12.98,12.56,0.06687898089171973,0.8924762490424372,True,ok,True,indicative
2026-09-28,MDB,MDB261002C00327500,2026-10-02,4,327.5,call,334.66,15.88,17.04,16.46,0.07047387606318337,0.9016162137965904,True,ok,True,indicative
2026-09-28,MDB,MDB261002C00332500,2026-10-02,4,332.5,call,334.66,13.62,14.65,14.135,0.07286876547576945,0.9294261160950608,True,ok,True,indicative
2026-09-28,MDB,MDB261002P00342500,2026-10-02,4,342.5,put,334.66,15.0,17.82,16.41,0.17184643510054845,0.8627940981532657,True,ok,True,indicative
2026-09-28,MDB,MDB261002C00337500,2026-10-02,4,337.5,call,334.66,11.39,12.68,12.035,0.10718737017033644,0.9502874118341657,True,ok,True,indicative
2026-09-28,MDB,MDB261002P00330000,2026-10-02,4,330.0,put,334.66,9.53,10.31,9.92,0.07862903225806463,0.8780927004920535,True,ok,True,indicative
2026-09-28,MDB,MDB261002C00340000,2026-10-02,4,340.0,call,334.66,10.09,10.9,10.495000000000001,0.07717960933777994,0.9174590869785064,True,ok,True,indicative
2026-09-28,MDB,MDB261002C00342500,2026-10-02,4,342.5,call,334.66,9.36,9.84,9.6,0.050000000000000044,0.9255961001037375,True,ok,True,indicative
2026-09-28,MDB,MDB261002P00327500,2026-10-02,4,327.5,put,334.66,8.86,9.92,9.39,0.11288604898828546,0.9203258321889352,True,ok,True,indicative
2026-09-28,MDB,MDB261002P00332500,2026-10-02,4,332.5,put,334.66,10.02,11.76,10.89,0.15977961432506887,0.8630388267603839,True,ok,True,indicative
2026-09-28,MDB,MDB261002P00340000,2026-10-02,4,340.0,put,334.66,15.08,15.72,15.4,0.04155844155844159,0.8982046200735712,True,ok,True,indicative
2026-09-28,MDB,MDB261002C00330000,2026-10-02,4,330.0,call,334.66,14.47,17.43,15.95,0.18557993730407518,0.9661970000901066,True,ok,True,indicative
2026-09-28,NU,NU261002C00011500,2026-10-02,4,11.5,call,12.22,0.57,1.14,0.855,0.6666666666666666,0.7864186899664617,True,ok,True,indicative
2026-09-28,NU,NU261002P00013000,2026-10-02,4,13.0,put,12.22,0.55,0.78,0.665,0.3458646616541353,,False,below_intrinsic,True,indicative
2026-09-28,NU,NU261002P00012000,2026-10-02,4,12.0,put,12.22,0.15,0.16,0.155,0.06451612903225812,0.4984835049938792,True,ok,True,indicative
2026-09-28,NU,NU261002C00010500,2026-10-02,4,10.5,call,12.22,1.66,2.11,1.8849999999999998,0.23872679045092837,1.510399039936066,True,ok,True,indicative
2026-09-28,NU,NU261002P00012500,2026-10-02,4,12.5,put,12.22,0.34,0.42,0.38,0.2105263157894736,0.41866847655431394,True,ok,True,indicative
2026-09-28,NU,NU261002C00012000,2026-10-02,4,12.0,call,12.22,0.38,0.42,0.4,0.09999999999999995,0.5385430234883157,True,ok,True,indicative
2026-09-28,NU,NU261002P00013500,2026-10-02,4,13.5,put,12.22,1.19,1.28,1.2349999999999999,0.07287449392712558,,False,below_intrinsic,True,indicative
2026-09-28,NU,NU261002C00011000,2026-10-02,4,11.0,call,12.22,1.18,1.58,1.38,0.28985507246376824,1.1765092212547004,True,ok,True,indicative
2026-09-28,NU,NU261002C00013500,2026-10-02,4,13.5,call,12.22,0.03,0.04,0.035,0.28571428571428575,0.6845760678571571,True,ok,True,indicative
2026-09-28,NU,NU261002C00013000,2026-10-02,4,13.0,call,12.22,0.06,0.07,0.065,0.15384615384615397,0.5881599214139505,True,ok,True,indicative
2026-09-28,NU,NU261002C00012500,2026-10-02,4,12.5,call,12.22,0.11,0.13,0.12,0.1666666666666667,0.44888544738667807,True,ok,True,indicative
2026-09-28,LQDA,LQDA261002C00074000,2026-10-02,4,74.0,call,73.61,2.09,3.88,2.985,0.5996649916247907,1.025494348800926,True,ok,True,indicative
2026-09-28,LQDA,LQDA261002C00075000,2026-10-02,4,75.0,call,73.61,1.78,3.76,2.77,0.7148014440433212,1.0977705675929532,True,ok,True,indicative
2026-09-28,LQDA,LQDA261002P00076000,2026-10-02,4,76.0,put,73.61,3.46,5.79,4.625,0.5037837837837837,1.0625950178795054,True,ok,True,indicative
2026-09-28,LQDA,LQDA261002C00076000,2026-10-02,4,76.0,call,73.61,1.62,3.12,2.37,0.6329113924050632,1.0951127482310197,True,ok,True,indicative
2026-09-28,LQDA,LQDA261002P00074000,2026-10-02,4,74.0,put,73.61,2.5,4.83,3.665,0.635743519781719,1.131706909802277,True,ok,True,indicative
2026-09-28,LQDA,LQDA261002C00077000,2026-10-02,4,77.0,call,73.61,0.62,3.45,2.035,1.3906633906633905,1.0997815759483145,True,ok,True,indicative
2026-09-28,LQDA,LQDA261002P00071000,2026-10-02,4,71.0,put,73.61,1.62,3.07,2.3449999999999998,0.6183368869936033,1.1635278689553987,True,ok,True,indicative
2026-09-28,LQDA,LQDA261002P00075000,2026-10-02,4,75.0,put,73.61,2.97,5.32,4.1450000000000005,0.5669481302774426,1.104955578131068,True,ok,True,indicative
2026-09-28,LQDA,LQDA261002P00073000,2026-10-02,4,73.0,put,73.61,1.02,3.98,2.5,1.184,0.9188401824740003,True,ok,True,indicative
2026-09-28,LQDA,LQDA261002C00073000,2026-10-02,4,73.0,call,73.61,1.57,5.56,3.565,1.1192145862552594,1.0564261402962085,True,ok,True,indicative
2026-09-28,LQDA,LQDA261002C00071000,2026-10-02,4,71.0,call,73.61,3.15,6.82,4.985,0.7362086258776329,1.1617898308100623,True,ok,True,indicative
2026-09-28,LQDA,LQDA261002P00072000,2026-10-02,4,72.0,put,73.61,1.48,4.22,2.8499999999999996,0.9614035087719298,1.1894649951431049,True,ok,True,indicative
2026-09-28,LQDA,LQDA261002C00072000,2026-10-02,4,72.0,call,73.61,3.05,6.01,4.529999999999999,0.653421633554084,1.2010250822556727,True,ok,True,indicative
2026-09-28,LQDA,LQDA261002P00077000,2026-10-02,4,77.0,put,73.61,3.72,6.97,5.345,0.6080449017773619,1.0853318928398106,True,ok,True,indicative
2026-09-28,ZIM,ZIM261002P00029500,2026-10-02,4,29.5,put,28.42,0.22,3.42,1.82,1.758241758241758,1.0042380237212967,True,ok,True,indicative
2026-09-28,ZIM,ZIM261002C00030000,2026-10-02,4,30.0,call,28.42,0.21,0.32,0.265,0.41509433962264153,0.673433299905102,True,ok,True,indicative
2026-09-28,ZIM,ZIM261002C00029000,2026-10-02,4,29.0,call,28.42,0.33,0.5,0.41500000000000004,0.4096385542168674,0.5503593505386378,True,ok,True,indicative
2026-09-28,ZIM,ZIM261002C00027000,2026-10-02,4,27.0,call,28.42,0.01,3.9,1.9549999999999998,1.9897698209718673,0.9443963323522839,True,ok,True,indicative
2026-09-28,ZIM,ZIM261002P00027500,2026-10-02,4,27.5,put,28.42,0.2,0.3,0.25,0.3999999999999999,0.5190044931373169,True,ok,True,indicative
2026-09-28,ZIM,ZIM261002P00029000,2026-10-02,4,29.0,put,28.42,0.03,1.48,0.755,1.9205298013245033,0.34357176257124433,True,ok,True,indicative
2026-09-28,ZIM,ZIM261002P00030000,2026-10-02,4,30.0,put,28.42,0.03,3.54,1.785,1.9663865546218489,0.6227134092559105,True,ok,True,indicative
2026-09-28,ZIM,ZIM261002P00028500,2026-10-02,4,28.5,put,28.42,0.34,0.67,0.505,0.6534653465346535,0.3966429032704207,True,ok,True,indicative
2026-09-28,DASH,DASH261002P00180000,2026-10-02,4,180.0,put,178.445,4.52,5.36,4.9399999999999995,0.17004048582995968,0.5567897072363421,True,ok,True,indicative
2026-09-28,DASH,DASH261002C00180000,2026-10-02,4,180.0,call,178.445,3.05,5.29,4.17,0.5371702637889689,0.650669682133551,True,ok,True,indicative
2026-09-28,DASH,DASH261002C00185000,2026-10-02,4,185.0,call,178.445,1.46,2.16,1.81,0.3867403314917128,0.5654585674141308,True,ok,True,indicative
2026-09-28,DASH,DASH261002C00177500,2026-10-02,4,177.5,call,178.445,3.36,6.06,4.71,0.5732484076433121,0.5617168311645688,True,ok,True,indicative
2026-09-28,DASH,DASH261002C00175000,2026-10-02,4,175.0,call,178.445,4.87,7.58,6.225,0.43534136546184743,0.5729348485349862,True,ok,True,indicative
2026-09-28,DASH,DASH261002P00182500,2026-10-02,4,182.5,put,178.445,4.68,8.0,6.34,0.5236593059936909,0.537919160569786,True,ok,True,indicative
2026-09-28,DASH,DASH261002C00182500,2026-10-02,4,182.5,call,178.445,2.32,4.0,3.16,0.5316455696202532,0.6489456140690599,True,ok,True,indicative
2026-09-28,DASH,DASH261002P00177500,2026-10-02,4,177.5,put,178.445,3.19,4.07,3.63,0.24242424242424251,0.5552919568403437,True,ok,True,indicative
2026-09-28,DASH,DASH261002P00170000,2026-10-02,4,170.0,put,178.445,1.16,1.22,1.19,0.05042016806722694,0.567373125597144,True,ok,True,indicative
2026-09-28,DASH,DASH261002C00172500,2026-10-02,4,172.5,call,178.445,6.62,9.08,7.85,0.31337579617834393,0.5676439093337574,True,ok,True,indicative
2026-09-28,DASH,DASH261002P00185000,2026-10-02,4,185.0,put,178.445,6.83,10.19,8.51,0.3948296122209165,0.602366719263382,True,ok,True,indicative
2026-09-28,DASH,DASH261002P00175000,2026-10-02,4,175.0,put,178.445,2.36,2.8,2.58,0.1705426356589147,0.5566083907243697,True,ok,True,indicative
2026-09-28,DASH,DASH261002P00172500,2026-10-02,4,172.5,put,178.445,1.64,1.98,1.81,0.18784530386740336,0.5660363558754414,True,ok,True,indicative
2026-09-28,DASH,DASH261002C00170000,2026-10-02,4,170.0,call,178.445,8.5,11.47,9.985,0.2974461692538809,0.6174170520198495,True,ok,True,indicative
2026-09-28,CVNA,CVNA261002C00060000,2026-10-02,4,60.0,call,60.5,2.009,2.17,2.0895,0.07705192629815746,0.720639300531345,True,ok,True,indicative
2026-09-28,CVNA,CVNA261002C00058000,2026-10-02,4,58.0,call,60.5,3.22,3.63,3.425,0.1197080291970802,0.7678983054450813,True,ok,True,indicative
2026-09-28,CVNA,CVNA261002P00060000,2026-10-02,4,60.0,put,60.5,1.49,1.63,1.56,0.08974358974358967,0.7206720411435247,True,ok,True,indicative
2026-09-28,CVNA,CVNA261002C00059000,2026-10-02,4,59.0,call,60.5,2.55,2.81,2.6799999999999997,0.09701492537313443,0.7272772805281075,True,ok,True,indicative
2026-09-28,CVNA,CVNA261002C00062000,2026-10-02,4,62.0,call,60.5,1.15,1.19,1.17,0.03418803418803422,0.7082077427930961,True,ok,True,indicative
2026-09-28,CVNA,CVNA261002P00059000,2026-10-02,4,59.0,put,60.5,1.06,1.2,1.13,0.12389380530973444,0.7183943984298524,True,ok,True,indicative
2026-09-28,CVNA,CVNA261002P00058000,2026-10-02,4,58.0,put,60.5,0.81,0.89,0.8500000000000001,0.09411764705882347,0.7461887215867925,True,ok,True,indicative
2026-09-28,CVNA,CVNA261002P00061000,2026-10-02,4,61.0,put,60.5,1.97,2.1,2.035,0.06388206388206394,0.7059557582467555,True,ok,True,indicative
2026-09-28,CVNA,CVNA261002C00063000,2026-10-02,4,63.0,call,60.5,0.78,0.86,0.8200000000000001,0.09756097560975605,0.6945717122170594,True,ok,True,indicative
2026-09-28,CVNA,CVNA261002P00057000,2026-10-02,4,57.0,put,60.5,0.57,0.6,0.585,0.05128205128205133,0.7480602276687806,True,ok,True,indicative
2026-09-28,CVNA,CVNA261002P00062000,2026-10-02,4,62.0,put,60.5,2.55,2.7,2.625,0.05714285714285728,0.702253690289229,True,ok,True,indicative
2026-09-28,CVNA,CVNA261002C00057000,2026-10-02,4,57.0,call,60.5,4.01,4.33,4.17,0.0767386091127099,0.7788712275059788,True,ok,True,indicative
2026-09-28,CVNA,CVNA261002C00061000,2026-10-02,4,61.0,call,60.5,1.5,1.64,1.5699999999999998,0.08917197452229295,0.7079095031685894,True,ok,True,indicative
2026-09-28,CVNA,CVNA261002P00063000,2026-10-02,4,63.0,put,60.5,3.26,3.46,3.36,0.059523809523809576,0.7264518277408083,True,ok,True,indicative
2026-09-28,BA,BA261002C00182500,2026-10-02,4,182.5,call,184.26,4.019,4.47,4.2445,0.10625515372835424,0.4226383988931406,True,ok,True,indicative
2026-09-28,BA,BA261002P00187500,2026-10-02,4,187.5,put,184.26,4.52,4.92,4.72,0.08474576271186449,0.3706547913659749,True,ok,True,indicative
2026-09-28,BA,BA261002P00180000,2026-10-02,4,180.0,put,184.26,1.19,1.3,1.245,0.08835341365461855,0.3838128602779521,True,ok,True,indicative
2026-09-28,BA,BA261002C00187500,2026-10-02,4,187.5,call,184.26,1.62,1.85,1.735,0.13256484149855907,0.3935717120129133,True,ok,True,indicative
2026-09-28,BA,BA261002C00185000,2026-10-02,4,185.0,call,184.26,2.73,3.01,2.87,0.09756097560975603,0.4130497430911321,True,ok,True,indicative
2026-09-28,BA,BA261002P00185000,2026-10-02,4,185.0,put,184.26,3.02,3.33,3.175,0.09763779527559058,0.3682779010561606,True,ok,True,indicative
2026-09-28,BA,BA261002P00192500,2026-10-02,4,192.5,put,184.26,8.41,8.99,8.7,0.06666666666666668,0.3863753593223319,True,ok,True,indicative
2026-09-28,BA,BA261002C00190000,2026-10-02,4,190.0,call,184.26,1.05,1.09,1.07,0.03738317757009349,0.39831689200783404,True,ok,True,indicative
2026-09-28,BA,BA261002P00182500,2026-10-02,4,182.5,put,184.26,1.92,2.18,2.05,0.12682926829268304,0.37629756533572717,True,ok,True,indicative
2026-09-28,BA,BA261002P00177500,2026-10-02,4,177.5,put,184.26,0.68,0.74,0.71,0.08450704225352106,0.3911127139107963,True,ok,True,indicative
2026-09-28,BA,BA261002C00180000,2026-10-02,4,180.0,call,184.26,5.47,6.17,5.82,0.12027491408934711,0.4188041670366092,True,ok,True,indicative
2026-09-28,BA,BA261002C00192500,2026-10-02,4,192.5,call,184.26,0.63,0.7,0.665,0.10526315789473677,0.4103624987949226,True,ok,True,indicative
2026-09-28,BA,BA261002P00190000,2026-10-02,4,190.0,put,184.26,6.24,6.7,6.470000000000001,0.07109737248840803,0.3560480415535468,True,ok,True,indicative
2026-09-28,BA,BA261002C00177500,2026-10-02,4,177.5,call,184.26,7.6,8.22,7.91,0.07838179519595462,0.45833797811796434,True,ok,True,indicative
2026-09-28,ASHR,ASHR261002C00032000,2026-10-02,4,32.0,call,32.51,0.53,0.69,0.61,0.26229508196721296,0.19998859853945286,True,ok,True,indicative
2026-09-28,ASHR,ASHR261002P00033000,2026-10-02,4,33.0,put,32.51,0.53,0.82,0.675,0.4296296296296295,0.28782809417332406,True,ok,True,indicative
2026-09-28,ASHR,ASHR261002C00032500,2026-10-02,4,32.5,call,32.51,0.03,0.37,0.2,1.6999999999999997,0.1375658542510925,True,ok,True,indicative
2026-09-28,ASHR,ASHR261002C00031500,2026-10-02,4,31.5,call,32.51,0.95,1.1,1.025,0.14634146341463428,,False,below_intrinsic,True,indicative
2026-09-28,ASHR,ASHR261002C00033500,2026-10-02,4,33.5,call,32.51,0.03,0.27,0.15000000000000002,1.5999999999999999,0.35603360200598266,True,ok,True,indicative
2026-09-28,ASHR,ASHR261002C00031000,2026-10-02,4,31.0,call,32.51,1.35,1.75,1.55,0.2580645161290322,0.29364902169988594,True,ok,True,indicative
2026-09-28,ASHR,ASHR261002P00034000,2026-10-02,4,34.0,put,32.51,1.33,2.02,1.675,0.41194029850746267,0.5095754041457159,True,ok,True,indicative
2026-09-28,ASHR,ASHR261002P00032500,2026-10-02,4,32.5,put,32.51,0.21,0.54,0.375,0.8800000000000002,0.2858043226397821,True,ok,True,indicative
2026-09-28,ASHR,ASHR261002P00033500,2026-10-02,4,33.5,put,32.51,0.79,1.29,1.04,0.4807692307692307,0.2637893261217425,True,ok,True,indicative
2026-09-28,ASHR,ASHR261002P00032000,2026-10-02,4,32.0,put,32.51,0.03,0.14,0.085,1.2941176470588236,0.2007690051842872,True,ok,True,indicative
2026-09-28,ASHR,ASHR261002P00031500,2026-10-02,4,31.5,put,32.51,0.03,0.08,0.055,0.9090909090909092,0.26570564988670553,True,ok,True,indicative
2026-09-28,CMG,CMG261002C00033500,2026-10-02,4,33.5,call,31.855,0.13,0.33,0.23,0.8695652173913043,0.5804658259439882,True,ok,True,indicative
2026-09-28,CMG,CMG261002P00031500,2026-10-02,4,31.5,put,31.855,0.35,0.63,0.49,0.5714285714285715,0.4981228517674959,True,ok,True,indicative
2026-09-28,CMG,CMG261002P00032500,2026-10-02,4,32.5,put,31.855,0.96,1.36,1.1600000000000001,0.34482758620689663,0.6006411656927699,True,ok,True,indicative
2026-09-28,CMG,CMG261002C00031000,2026-10-02,4,31.0,call,31.855,1.04,1.39,1.2149999999999999,0.2880658436213991,0.5296594110476134,True,ok,True,indicative
2026-09-28,CMG,CMG261002C00032000,2026-10-02,4,32.0,call,31.855,0.54,0.73,0.635,0.29921259842519676,0.523452524505412,True,ok,True,indicative
2026-09-28,CMG,CMG261002P00031000,2026-10-02,4,31.0,put,31.855,0.2,0.47,0.33499999999999996,0.8059701492537313,0.5212499160031717,True,ok,True,indicative
2026-09-28,CMG,CMG261002P00030500,2026-10-02,4,30.5,put,31.855,0.13,0.23,0.18,0.5555555555555556,0.49711931485163585,True,ok,True,indicative
2026-09-28,CMG,CMG261002C00033000,2026-10-02,4,33.0,call,31.855,0.28,0.38,0.33,0.3030303030303029,0.5656285356246494,True,ok,True,indicative
2026-09-28,CMG,CMG261002C00030500,2026-10-02,4,30.5,call,31.855,1.35,1.89,1.62,0.3333333333333332,0.570486654058525,True,ok,True,indicative
2026-09-28,CMG,CMG261002P00033500,2026-10-02,4,33.5,put,31.855,1.64,2.22,1.9300000000000002,0.30051813471502603,0.6512670749442919,True,ok,True,indicative
2026-09-28,CMG,CMG261002C00032500,2026-10-02,4,32.5,call,31.855,0.37,0.55,0.46,0.39130434782608703,0.5448550454147598,True,ok,True,indicative
2026-09-28,CMG,CMG261002C00031500,2026-10-02,4,31.5,call,31.855,0.78,1.07,0.925,0.31351351351351353,0.5480137891364127,True,ok,True,indicative
2026-09-28,CMG,CMG261002P00033000,2026-10-02,4,33.0,put,31.855,1.08,1.73,1.405,0.4626334519572953,0.5176677358279184,True,ok,True,indicative
2026-09-28,CMG,CMG261002P00032000,2026-10-02,4,32.0,put,31.855,0.67,0.9,0.785,0.2929936305732484,0.5390857950795275,True,ok,True,indicative
2026-09-28,HYG,HYG261002C00076000,2026-10-02,4,76.0,call,77.54,1.34,1.78,1.56,0.282051282051282,,False,below_intrinsic,True,indicative
2026-09-28,HYG,HYG261002P00078500,2026-10-02,4,78.5,put,77.54,1.08,1.71,1.395,0.4516129032258064,0.2629986934615747,True,ok,True,indicative
2026-09-28,HYG,HYG261002C00078000,2026-10-02,4,78.0,call,77.54,0.01,0.1,0.055,1.6363636363636365,0.061134488091558914,True,ok,True,indicative
2026-09-28,HYG,HYG261002C00076500,2026-10-02,4,76.5,call,77.54,0.46,1.85,1.155,1.2034632034632036,0.12712101885292343,True,ok,True,indicative
2026-09-28,HYG,HYG261002P00079000,2026-10-02,4,79.0,put,77.54,1.54,2.12,1.83,0.31693989071038253,0.2926046381725409,True,ok,True,indicative
2026-09-28,HYG,HYG261002P00078000,2026-10-02,4,78.0,put,77.54,0.41,0.97,0.69,0.8115942028985509,0.1379796146768208,True,ok,True,indicative
2026-09-28,HYG,HYG261002C00077000,2026-10-02,4,77.0,call,77.54,0.41,0.79,0.6,0.6333333333333334,0.05624691721974312,True,ok,True,indicative
2026-09-28,HYG,HYG261002C00077500,2026-10-02,4,77.5,call,77.54,0.13,0.22,0.175,0.5142857142857143,0.040853878627796436,True,ok,True,indicative
2026-09-28,HYG,HYG261002P00076500,2026-10-02,4,76.5,put,77.54,0.03,0.16,0.095,1.368421052631579,0.1363461291402734,True,ok,True,indicative
2026-09-28,HYG,HYG261002P00077500,2026-10-02,4,77.5,put,77.54,0.28,0.48,0.38,0.5263157894736841,0.1291271984219768,True,ok,True,indicative
2026-09-28,MDT,MDT261002P00092000,2026-10-02,4,92.0,put,89.51,2.47,4.37,3.42,0.5555555555555556,0.5173215137170792,True,ok,True,indicative
2026-09-28,MDT,MDT261002C00092000,2026-10-02,4,92.0,call,89.51,0.12,0.51,0.315,1.2380952380952381,0.3023407664733898,True,ok,True,indicative
2026-09-28,MDT,MDT261002C00091000,2026-10-02,4,91.0,call,89.51,0.3,0.74,0.52,0.8461538461538461,0.2903496506415543,True,ok,True,indicative
2026-09-28,MDT,MDT261002C00090000,2026-10-02,4,90.0,call,89.51,0.82,1.09,0.9550000000000001,0.28272251308900537,0.31069027309685743,True,ok,True,indicative
2026-09-28,MDT,MDT261002P00093000,2026-10-02,4,93.0,put,89.51,3.27,4.77,4.02,0.37313432835820887,0.47166924655490566,True,ok,True,indicative
2026-09-28,MDT,MDT261002P00091000,2026-10-02,4,91.0,put,89.51,0.72,4.08,2.4,1.4000000000000001,0.4174459951391538,True,ok,True,indicative
2026-09-28,MDT,MDT261002P00087000,2026-10-02,4,87.0,put,89.51,0.25,0.39,0.32,0.43750000000000006,0.321171559504622,True,ok,True,indicative
2026-09-28,MDT,MDT261002P00088000,2026-10-02,4,88.0,put,89.51,0.34,0.68,0.51,0.6666666666666667,0.30208987437705725,True,ok,True,indicative
2026-09-28,MDT,MDT261002P00089000,2026-10-02,4,89.0,put,89.51,0.82,1.13,0.9749999999999999,0.31794871794871793,0.33065705603687134,True,ok,True,indicative
2026-09-28,MDT,MDT261002C00089000,2026-10-02,4,89.0,call,89.51,1.38,1.62,1.5,0.16000000000000014,0.32277771556297125,True,ok,True,indicative
2026-09-28,MDT,MDT261002C00087000,2026-10-02,4,87.0,call,89.51,2.28,4.48,3.38,0.6508875739644973,0.4958364361777722,True,ok,True,indicative
2026-09-28,MDT,MDT261002P00090000,2026-10-02,4,90.0,put,89.51,1.32,1.54,1.4300000000000002,0.1538461538461538,0.3186188365982402,True,ok,True,indicative
2026-09-28,MDT,MDT261002C00088000,2026-10-02,4,88.0,call,89.51,0.17,3.59,1.88,1.819148936170213,0.24219037904936544,True,ok,True,indicative
2026-09-28,BX,BX261002P00114000,2026-10-02,4,114.0,put,114.575,1.7,2.5,2.1,0.38095238095238093,0.5035173188684569,True,ok,True,indicative
2026-09-28,BX,BX261002P00116000,2026-10-02,4,116.0,put,114.575,2.94,3.76,3.3499999999999996,0.24477611940298505,0.542138025501439,True,ok,True,indicative
2026-09-28,BX,BX261002C00116000,2026-10-02,4,116.0,call,114.575,1.52,2.15,1.835,0.3433242506811989,0.5108294504743733,True,ok,True,indicative
2026-09-28,BX,BX261002P00115000,2026-10-02,4,115.0,put,114.575,2.18,2.83,2.505,0.25948103792415167,0.48332580862453145,True,ok,True,indicative
2026-09-28,BX,BX261002C00114000,2026-10-02,4,114.0,call,114.575,2.04,2.98,2.51,0.3745019920318725,0.45686439716793315,True,ok,True,indicative
2026-09-28,BX,BX261002P00118000,2026-10-02,4,118.0,put,114.575,4.16,5.37,4.765000000000001,0.25393494228751307,0.5688178995627274,True,ok,True,indicative
2026-09-28,BX,BX261002C00112000,2026-10-02,4,112.0,call,114.575,3.19,4.43,3.8099999999999996,0.32545931758530183,0.4768217472509867,True,ok,True,indicative
2026-09-28,BX,BX261002C00117000,2026-10-02,4,117.0,call,114.575,1.13,1.88,1.505,0.49833887043189373,0.5199494620689463,True,ok,True,indicative
2026-09-28,BX,BX261002P00112000,2026-10-02,4,112.0,put,114.575,1.03,1.68,1.355,0.4797047970479704,0.5177640185929585,True,ok,True,indicative
2026-09-28,BX,BX261002C00113000,2026-10-02,4,113.0,call,114.575,2.58,3.53,3.0549999999999997,0.31096563011456624,0.45081791240222835,True,ok,True,indicative
2026-09-28,BX,BX261002P00117000,2026-10-02,4,117.0,put,114.575,3.52,4.53,4.025,0.25093167701863356,0.5537113369738657,True,ok,True,indicative
2026-09-28,BX,BX261002P00113000,2026-10-02,4,113.0,put,114.575,1.37,1.82,1.5950000000000002,0.2821316614420062,0.488325584984908,True,ok,True,indicative
2026-09-28,BX,BX261002C00115000,2026-10-02,4,115.0,call,114.575,1.72,2.29,2.005,0.2842892768079801,0.4557798689789621,True,ok,True,indicative
2026-09-28,BX,BX261002C00118000,2026-10-02,4,118.0,call,114.575,0.85,1.08,0.9650000000000001,0.23834196891191717,0.46569981622528606,True,ok,True,indicative
2026-09-28,CLF,CLF261002P00010000,2026-10-02,4,10.0,put,11.225,0.01,0.04,0.025,1.2,0.7459241493406888,True,ok,True,indicative
2026-09-28,CLF,CLF261002C00010500,2026-10-02,4,10.5,call,11.225,0.78,0.95,0.865,0.19653179190751438,0.8776690872680076,True,ok,True,indicative
2026-09-28,CLF,CLF261002C00011500,2026-10-02,4,11.5,call,11.225,0.17,0.27,0.22000000000000003,0.45454545454545453,0.7120529439714725,True,ok,True,indicative
2026-09-28,CLF,CLF261002P00010500,2026-10-02,4,10.5,put,11.225,0.09,0.13,0.11,0.3636363636363637,0.8042419798702136,True,ok,True,indicative
2026-09-28,CLF,CLF261002C00012500,2026-10-02,4,12.5,call,11.225,0.05,0.07,0.060000000000000005,0.33333333333333337,0.8555957224261527,True,ok,True,indicative
2026-09-28,CLF,CLF261002C00010000,2026-10-02,4,10.0,call,11.225,1.15,1.34,1.245,0.1526104417670684,0.6692313262609535,True,ok,True,indicative
2026-09-28,CLF,CLF261002P00011000,2026-10-02,4,11.0,put,11.225,0.23,0.26,0.245,0.12244897959183673,0.7505675279298075,True,ok,True,indicative
2026-09-28,CLF,CLF261002C00011000,2026-10-02,4,11.0,call,11.225,0.27,0.52,0.395,0.6329113924050632,0.568965485152664,True,ok,True,indicative
2026-09-28,CLF,CLF261002P00011500,2026-10-02,4,11.5,put,11.225,0.35,0.53,0.44,0.4090909090909092,0.6015846662950562,True,ok,True,indicative
2026-09-28,CLF,CLF261002C00009500,2026-10-02,4,9.5,call,11.225,1.43,1.82,1.625,0.24000000000000007,,False,below_intrinsic,True,indicative
2026-09-28,CLF,CLF261002P00012500,2026-10-02,4,12.5,put,11.225,1.19,1.39,1.29,0.15503875968992245,0.658628018687308,True,ok,True,indicative
2026-09-28,CLF,CLF261002P00012000,2026-10-02,4,12.0,put,11.225,0.8,0.98,0.89,0.2022471910112359,0.8066675994208797,True,ok,True,indicative
2026-09-28,CLF,CLF261002C00012000,2026-10-02,4,12.0,call,11.225,0.06,0.07,0.065,0.15384615384615397,0.6362952274229483,True,ok,True,indicative
2026-09-28,RACE,RACE261002P00400000,2026-10-02,4,400.0,put,398.09,4.98,7.66,6.32,0.42405063291139233,0.3253572302808167,True,ok,True,indicative
2026-09-28,RACE,RACE261002C00392500,2026-10-02,4,392.5,call,398.09,7.24,10.13,8.685,0.3327576280944157,0.32106098616713324,True,ok,True,indicative
2026-09-28,RACE,RACE261002C00400000,2026-10-02,4,400.0,call,398.09,3.66,6.32,4.99,0.533066132264529,0.3485066497195403,True,ok,True,indicative
2026-09-28,RACE,RACE261002P00397500,2026-10-02,4,397.5,put,398.09,3.55,7.08,5.3149999999999995,0.6641580432737536,0.34316587938807774,True,ok,True,indicative
2026-09-28,RACE,RACE261002C00390000,2026-10-02,4,390.0,call,398.09,8.94,11.42,10.18,0.24361493123772107,0.30280624479518364,True,ok,True,indicative
2026-09-28,RACE,RACE261002P00392500,2026-10-02,4,392.5,put,398.09,2.78,4.05,3.415,0.3718887262079063,0.35496534925544815,True,ok,True,indicative
2026-09-28,RACE,RACE261002P00402500,2026-10-02,4,402.5,put,398.09,6.68,9.84,8.26,0.3825665859564165,0.35406628761986586,True,ok,True,indicative
2026-09-28,RACE,RACE261002P00390000,2026-10-02,4,390.0,put,398.09,0.48,3.46,1.97,1.5126903553299493,0.3082601115144903,True,ok,True,indicative
2026-09-28,RACE,RACE261002C00395000,2026-10-02,4,395.0,call,398.09,5.56,8.22,6.890000000000001,0.3860667634252541,0.30680669388554704,True,ok,True,indicative
2026-09-28,RACE,RACE261002C00405000,2026-10-02,4,405.0,call,398.09,1.97,3.34,2.655,0.5160075329566854,0.31939980101917603,True,ok,True,indicative
2026-09-28,RACE,RACE261002C00402500,2026-10-02,4,402.5,call,398.09,2.78,4.08,3.4299999999999997,0.37900874635568527,0.3153441040755901,True,ok,True,indicative
2026-09-28,RACE,RACE261002P00405000,2026-10-02,4,405.0,put,398.09,8.68,11.41,10.045,0.2717770034843206,0.36463650221988747,True,ok,True,indicative
2026-09-28,RACE,RACE261002C00397500,2026-10-02,4,397.5,call,398.09,4.43,6.85,5.64,0.42907801418439717,0.3153613761196832,True,ok,True,indicative
2026-09-28,RACE,RACE261002P00395000,2026-10-02,4,395.0,put,398.09,2.41,5.62,4.015000000000001,0.7995018679950185,0.3323302342988402,True,ok,True,indicative
2026-09-28,NVTS,NVTS261002P00015000,2026-10-02,4,15.0,put,14.64,2.98,3.53,3.255,0.1689708141321044,,False,no_convergence,True,indicative
2026-09-28,NVTS,NVTS261002P00016000,2026-10-02,4,16.0,put,14.64,4.059,4.3,4.1795,0.05766239980858946,,False,no_convergence,True,indicative
2026-09-28,NVTS,NVTS261002P00013500,2026-10-02,4,13.5,put,14.64,1.59,1.9,1.745,0.17765042979942683,3.897188308811188,True,ok,True,indicative
2026-09-28,NVTS,NVTS261002C00013500,2026-10-02,4,13.5,call,14.64,0.06,0.07,0.065,0.15384615384615397,,False,below_intrinsic,True,indicative
2026-09-28,NVTS,NVTS261002P00013000,2026-10-02,4,13.0,put,14.64,1.19,1.53,1.3599999999999999,0.25000000000000006,3.6313044588088994,True,ok,True,indicative
2026-09-28,NVTS,NVTS261002P00015500,2026-10-02,4,15.5,put,14.64,3.48,4.21,3.8449999999999998,0.18985695708712613,,False,no_convergence,True,indicative
2026-09-28,NVTS,NVTS261002P00014000,2026-10-02,4,14.0,put,14.64,2.04,2.52,2.2800000000000002,0.21052631578947364,4.3713909942150115,True,ok,True,indicative
2026-09-28,NVTS,NVTS261002C00014500,2026-10-02,4,14.5,call,14.64,0.01,0.05,0.030000000000000002,1.3333333333333333,,False,below_intrinsic,True,indicative
2026-09-28,NVTS,NVTS261002C00014000,2026-10-02,4,14.0,call,14.64,0.04,0.05,0.045,0.22222222222222227,,False,below_intrinsic,True,indicative
2026-09-28,NVTS,NVTS261002C00013000,2026-10-02,4,13.0,call,14.64,0.05,0.1,0.07500000000000001,0.6666666666666666,,False,below_intrinsic,True,indicative
2026-09-28,NVTS,NVTS261002P00014500,2026-10-02,4,14.5,put,14.64,2.39,3.21,2.8,0.2928571428571428,4.771837982535285,True,ok,True,indicative
2026-09-28,WPM,WPM261002C00138000,2026-10-02,4,138.0,call,135.58,1.52,2.07,1.795,0.3064066852367687,0.4931355459187372,True,ok,True,indicative
2026-09-28,WPM,WPM261002P00137000,2026-10-02,4,137.0,put,135.58,3.48,4.25,3.865,0.19922380336351875,0.5523301184987927,True,ok,True,indicative
2026-09-28,WPM,WPM261002P00133000,2026-10-02,4,133.0,put,135.58,1.52,1.93,1.725,0.2376811594202898,0.5092405266368472,True,ok,True,indicative
2026-09-28,WPM,WPM261002C00137000,2026-10-02,4,137.0,call,135.58,1.87,2.53,2.2,0.2999999999999998,0.4964765890695673,True,ok,True,indicative
2026-09-28,WPM,WPM261002C00139000,2026-10-02,4,139.0,call,135.58,1.13,1.63,1.38,0.3623188405797102,0.4772535440833843,True,ok,True,indicative
2026-09-28,WPM,WPM261002P00139000,2026-10-02,4,139.0,put,135.58,4.43,6.04,5.234999999999999,0.3075453677172876,0.5743007772525136,True,ok,True,indicative
2026-09-28,WPM,WPM261002C00135000,2026-10-02,4,135.0,call,135.58,2.92,3.34,3.13,0.134185303514377,0.4948250649604119,True,ok,True,indicative
2026-09-28,WPM,WPM261002C00136000,2026-10-02,4,136.0,call,135.58,2.36,2.87,2.615,0.1950286806883366,0.4917838799040022,True,ok,True,indicative
2026-09-28,WPM,WPM261002P00134000,2026-10-02,4,134.0,put,135.58,1.93,2.45,2.19,0.23744292237442935,0.5224702237983904,True,ok,True,indicative
2026-09-28,WPM,WPM261002P00135000,2026-10-02,4,135.0,put,135.58,2.38,3.28,2.83,0.31802120141342755,0.5564327451063328,True,ok,True,indicative
2026-09-28,WPM,WPM261002P00138000,2026-10-02,4,138.0,put,135.58,3.92,4.98,4.45,0.23820224719101135,0.5489291821965042,True,ok,True,indicative
2026-09-28,WPM,WPM261002C00134000,2026-10-02,4,134.0,call,135.58,3.15,3.96,3.5549999999999997,0.2278481012658228,0.47110968949747867,True,ok,True,indicative
2026-09-28,WPM,WPM261002P00136000,2026-10-02,4,136.0,put,135.58,2.97,3.86,3.415,0.26061493411420195,0.5707514723440245,True,ok,True,indicative
2026-09-28,WPM,WPM261002C00133000,2026-10-02,4,133.0,call,135.58,3.72,4.74,4.23,0.24113475177304963,0.4822838711420013,True,ok,True,indicative
2026-09-28,NUGT,NUGT261002C00150000,2026-10-02,4,150.0,call,147.74,4.42,6.05,5.234999999999999,0.3113658070678128,1.0088048037588475,True,ok,True,indicative
2026-09-28,NUGT,NUGT261002C00145000,2026-10-02,4,145.0,call,147.74,6.83,9.05,7.94,0.2795969773299749,1.0538105371051047,True,ok,True,indicative
2026-09-28,NUGT,NUGT261002C00147000,2026-10-02,4,147.0,call,147.74,5.63,8.96,7.295,0.4564770390678548,1.1189564366369464,True,ok,True,indicative
2026-09-28,NUGT,NUGT261002P00146000,2026-10-02,4,146.0,put,147.74,3.74,6.55,5.145,0.5461613216715258,0.9801064735461099,True,ok,True,indicative
2026-09-28,NUGT,NUGT261002C00148000,2026-10-02,4,148.0,call,147.74,4.54,6.95,5.745,0.4194952132288947,0.9459712698924088,True,ok,True,indicative
2026-09-28,NUGT,NUGT261002C00149000,2026-10-02,4,149.0,call,147.74,2.62,9.53,6.074999999999999,1.137448559670782,1.0742716943437944,True,ok,True,indicative
2026-09-28,NUGT,NUGT261002C00146000,2026-10-02,4,146.0,call,147.74,6.14,9.06,7.6,0.3842105263157896,1.085808117365976,True,ok,True,indicative
2026-09-28,NUGT,NUGT261002C00151000,2026-10-02,4,151.0,call,147.74,4.22,7.73,5.975,0.58744769874477,1.1969557940717754,True,ok,True,indicative
2026-09-28,NUGT,NUGT261002P00151000,2026-10-02,4,151.0,put,147.74,5.42,8.08,6.75,0.3940740740740741,0.8014164273224857,True,ok,True,indicative
2026-09-28,NUGT,NUGT261002P00148000,2026-10-02,4,148.0,put,147.74,4.62,5.92,5.27,0.24667931688804554,0.8386152128891433,True,ok,True,indicative
2026-09-28,NUGT,NUGT261002P00147000,2026-10-02,4,147.0,put,147.74,3.76,8.33,6.045,0.7559966914805625,1.0476513073609504,True,ok,True,indicative
2026-09-28,NUGT,NUGT261002P00150000,2026-10-02,4,150.0,put,147.74,5.51,7.25,6.38,0.27272727272727276,0.8391573321158639,True,ok,True,indicative
2026-09-28,NUGT,NUGT261002P00145000,2026-10-02,4,145.0,put,147.74,3.43,4.53,3.9800000000000004,0.27638190954773867,0.8621142447747641,True,ok,True,indicative
2026-09-28,NUGT,NUGT261002P00149000,2026-10-02,4,149.0,put,147.74,5.18,6.76,5.97,0.2646566164154104,0.8648581558210457,True,ok,True,indicative
2026-09-28,EFA,EFA261002C00106500,2026-10-02,4,106.5,call,105.04,0.05,0.51,0.28,1.6428571428571428,0.17953018818916341,True,ok,True,indicative
2026-09-28,EFA,EFA261002P00106000,2026-10-02,4,106.0,put,105.04,1.13,1.36,1.245,0.18473895582329333,0.15875395117279148,True,ok,True,indicative
2026-09-28,EFA,EFA261002P00103500,2026-10-02,4,103.5,put,105.04,0.01,0.53,0.27,1.9259259259259258,0.19187880561268264,True,ok,True,indicative
2026-09-28,EFA,EFA261002P00105500,2026-10-02,4,105.5,put,105.04,0.61,1.13,0.8699999999999999,0.5977011494252873,0.14688455445040835,True,ok,True,indicative
2026-09-28,EFA,EFA261002P00104500,2026-10-02,4,104.5,put,105.04,0.39,0.69,0.54,0.5555555555555554,0.18317122132831015,True,ok,True,indicative
2026-09-28,EFA,EFA261002P00106500,2026-10-02,4,106.5,put,105.04,1.42,1.67,1.545,0.16181229773462785,0.13450291735006142,True,ok,True,indicative
2026-09-28,EFA,EFA261002C00106000,2026-10-02,4,106.0,call,105.04,0.11,0.39,0.25,1.12,0.1355836692540476,True,ok,True,indicative
2026-09-28,EFA,EFA261002P00105000,2026-10-02,4,105.0,put,105.04,0.55,0.77,0.66,0.33333333333333326,0.16076620605380332,True,ok,True,indicative
2026-09-28,EFA,EFA261002P00104000,2026-10-02,4,104.0,put,105.04,0.1,0.69,0.39499999999999996,1.4936708860759493,0.18993556118671115,True,ok,True,indicative
2026-09-28,EFA,EFA261002C00104500,2026-10-02,4,104.5,call,105.04,0.83,1.21,1.02,0.37254901960784315,0.15634774233286608,True,ok,True,indicative
2026-09-28,EFA,EFA261002C00103500,2026-10-02,4,103.5,call,105.04,1.74,2.31,2.025,0.2814814814814815,0.23933418753358043,True,ok,True,indicative
2026-09-28,EFA,EFA261002C00105500,2026-10-02,4,105.5,call,105.04,0.15,0.64,0.395,1.240506329113924,0.13108464465918437,True,ok,True,indicative
2026-09-28,EFA,EFA261002C00104000,2026-10-02,4,104.0,call,105.04,0.96,1.54,1.25,0.4640000000000001,0.12303879382452891,True,ok,True,indicative
2026-09-28,EFA,EFA261002C00105000,2026-10-02,4,105.0,call,105.04,0.48,0.9,0.69,0.6086956521739132,0.14665833584929494,True,ok,True,indicative
2026-09-28,AEM,AEM261002C00187500,2026-10-02,4,187.5,call,184.21,1.87,2.8,2.335,0.3982869379014988,0.47905998190959587,True,ok,True,indicative
2026-09-28,AEM,AEM261002P00182500,2026-10-02,4,182.5,put,184.21,2.58,3.88,3.23,0.40247678018575844,0.5312851254364608,True,ok,True,indicative
2026-09-28,AEM,AEM261002P00185000,2026-10-02,4,185.0,put,184.21,3.82,4.58,4.2,0.180952380952381,0.49831826348529873,True,ok,True,indicative
2026-09-28,AEM,AEM261002C00192500,2026-10-02,4,192.5,call,184.21,0.83,1.33,1.08,0.462962962962963,0.49280780335893715,True,ok,True,indicative
2026-09-28,AEM,AEM261002C00190000,2026-10-02,4,190.0,call,184.21,1.52,1.77,1.645,0.1519756838905775,0.4915871468748182,True,ok,True,indicative
2026-09-28,AEM,AEM261002P00187500,2026-10-02,4,187.5,put,184.21,5.3,6.04,5.67,0.13051146384479723,0.49781110533742884,True,ok,True,indicative
2026-09-28,AEM,AEM261002P00180000,2026-10-02,4,180.0,put,184.21,1.53,2.029,1.7795,0.2804158471480752,0.4628942484054704,True,ok,True,indicative
2026-09-28,AEM,AEM261002P00192500,2026-10-02,4,192.5,put,184.21,8.76,9.99,9.375,0.13120000000000004,0.5107276127286531,True,ok,True,indicative
2026-09-28,AEM,AEM261002C00180000,2026-10-02,4,180.0,call,184.21,5.55,7.48,6.515000000000001,0.29623944742901004,0.5266775477294067,True,ok,True,indicative
2026-09-28,AEM,AEM261002P00190000,2026-10-02,4,190.0,put,184.21,6.55,7.78,7.165,0.17166782972784375,0.46440911760716524,True,ok,True,indicative
2026-09-28,AEM,AEM261002C00177500,2026-10-02,4,177.5,call,184.21,7.58,8.47,8.025,0.11090342679127732,0.48569646044390885,True,ok,True,indicative
2026-09-28,AEM,AEM261002C00182500,2026-10-02,4,182.5,call,184.21,4.12,5.14,4.63,0.2203023758099351,0.4781068498007879,True,ok,True,indicative
2026-09-28,AEM,AEM261002P00177500,2026-10-02,4,177.5,put,184.21,0.97,1.33,1.15,0.3130434782608697,0.47209513301207084,True,ok,True,indicative
2026-09-28,AEM,AEM261002C00185000,2026-10-02,4,185.0,call,184.21,2.87,3.58,3.225,0.2201550387596899,0.4623697169736457,True,ok,True,indicative
2026-09-28,BNO,BNO261002C00062000,2026-10-02,4,62.0,call,60.31,0.88,1.03,0.9550000000000001,0.15706806282722513,0.6479175801391466,True,ok,True,indicative
2026-09-28,BNO,BNO261002C00058000,2026-10-02,4,58.0,call,60.31,2.74,3.22,2.9800000000000004,0.16107382550335567,0.6219611573683433,True,ok,True,indicative
2026-09-28,BNO,BNO261002C00061500,2026-10-02,4,61.5,call,60.31,0.92,1.23,1.075,0.2883720930232558,0.6245677118028433,True,ok,True,indicative
2026-09-28,BNO,BNO261002C00057000,2026-10-02,4,57.0,call,60.31,3.12,4.9,4.01,0.4438902743142146,0.7722935012029329,True,ok,True,indicative
2026-09-28,BNO,BNO261002C00061000,2026-10-02,4,61.0,call,60.31,1.12,1.87,1.495,0.5016722408026756,0.7132199376186714,True,ok,True,indicative
2026-09-28,BNO,BNO261002P00060000,2026-10-02,4,60.0,put,60.31,1.47,1.63,1.5499999999999998,0.10322580645161286,0.682743551818363,True,ok,True,indicative
2026-09-28,BNO,BNO261002P00059000,2026-10-02,4,59.0,put,60.31,0.97,1.18,1.075,0.1953488372093023,0.6663336991466277,True,ok,True,indicative
2026-09-28,BNO,BNO261002C00059000,2026-10-02,4,59.0,call,60.31,1.96,2.47,2.215,0.2302483069977428,0.5814645654792026,True,ok,True,indicative
2026-09-28,BNO,BNO261002P00061000,2026-10-02,4,61.0,put,60.31,1.92,2.95,2.435,0.42299794661190976,0.824924031545435,True,ok,True,indicative
2026-09-28,BNO,BNO261002C00060000,2026-10-02,4,60.0,call,60.31,1.57,1.97,1.77,0.2259887005649717,0.6349440100164081,True,ok,True,indicative
2026-09-28,BNO,BNO261002P00062000,2026-10-02,4,62.0,put,60.31,2.58,3.78,3.1799999999999997,0.3773584905660377,0.8830173143332283,True,ok,True,indicative
2026-09-28,BNO,BNO261002P00058000,2026-10-02,4,58.0,put,60.31,0.53,0.97,0.75,0.5866666666666666,0.6741249427692219,True,ok,True,indicative
2026-09-28,BNO,BNO261002P00061500,2026-10-02,4,61.5,put,60.31,1.68,2.83,2.255,0.5099778270509978,0.6329055471350661,True,ok,True,indicative
2026-09-28,BNO,BNO261002P00057000,2026-10-02,4,57.0,put,60.31,0.52,0.58,0.55,0.10909090909090897,0.7069616351573312,True,ok,True,indicative
2026-09-28,VFC,VFC261002P00015500,2026-10-02,4,15.5,put,14.42,0.48,2.84,1.66,1.4216867469879517,1.6626860513969517,True,ok,True,indicative
2026-09-28,VFC,VFC261002P00015000,2026-10-02,4,15.0,put,14.42,0.38,0.75,0.565,0.6548672566371682,,False,below_intrinsic,True,indicative
2026-09-28,VFC,VFC261002P00014000,2026-10-02,4,14.0,put,14.42,0.03,0.32,0.175,1.6571428571428575,0.5858953773561738,True,ok,True,indicative
2026-09-28,VFC,VFC261002C00014000,2026-10-02,4,14.0,call,14.42,0.42,0.66,0.54,0.4444444444444445,0.46446931265747243,True,ok,True,indicative
2026-09-28,VFC,VFC261002C00015000,2026-10-02,4,15.0,call,14.42,0.01,0.15,0.08,1.7499999999999998,0.45134754413291506,True,ok,True,indicative
2026-09-28,VFC,VFC261002C00013500,2026-10-02,4,13.5,call,14.42,0.86,1.52,1.19,0.5546218487394958,1.0638360691705475,True,ok,True,indicative
2026-09-28,VFC,VFC261002C00014500,2026-10-02,4,14.5,call,14.42,0.16,0.7,0.43,1.2558139534883719,0.7712609484902708,True,ok,True,indicative
2026-09-28,VFC,VFC261002P00016000,2026-10-02,4,16.0,put,14.42,1.22,2.16,1.69,0.5562130177514794,0.9542394126570571,True,ok,True,indicative
2026-09-28,VFC,VFC261002C00013000,2026-10-02,4,13.0,call,14.42,1.23,2.19,1.71,0.5614035087719298,1.4057417036995692,True,ok,True,indicative
2026-09-28,VFC,VFC261002P00014500,2026-10-02,4,14.5,put,14.42,0.21,0.43,0.32,0.6875,0.4672611912051689,True,ok,True,indicative
2026-09-28,OUST,OUST261002P00041000,2026-10-02,4,41.0,put,40.91,1.07,1.97,1.52,0.5921052631578947,0.868635927583615,True,ok,True,indicative
2026-09-28,OUST,OUST261002P00040000,2026-10-02,4,40.0,put,40.91,1.02,1.47,1.245,0.36144578313253006,0.9884623008967834,True,ok,True,indicative
2026-09-28,OUST,OUST261002C00040500,2026-10-02,4,40.5,call,40.91,1.33,2.029,1.6795,0.4161952962191127,0.8560559966532276,True,ok,True,indicative
2026-09-28,OUST,OUST261002C00042000,2026-10-02,4,42.0,call,40.91,0.58,1.47,1.025,0.8682926829268294,0.866601156273816,True,ok,True,indicative
2026-09-28,OUST,OUST261002P00041500,2026-10-02,4,41.5,put,40.91,1.32,2.23,1.775,0.5126760563380282,0.8563321050255631,True,ok,True,indicative
2026-09-28,OUST,OUST261002C00039500,2026-10-02,4,39.5,call,40.91,2.16,2.61,2.385,0.18867924528301877,0.9343372242567818,True,ok,True,indicative
2026-09-28,OUST,OUST261002C00041000,2026-10-02,4,41.0,call,40.91,0.98,1.83,1.405,0.604982206405694,0.842163388020286,True,ok,True,indicative
2026-09-28,OUST,OUST261002P00042500,2026-10-02,4,42.5,put,40.91,1.72,3.18,2.45,0.5959183673469388,0.8848093409596504,True,ok,True,indicative
2026-09-28,OUST,OUST261002C00040000,2026-10-02,4,40.0,call,40.91,1.62,2.32,1.97,0.3553299492385785,0.863635573259182,True,ok,True,indicative
2026-09-28,OUST,OUST261002P00042000,2026-10-02,4,42.0,put,40.91,1.91,3.18,2.545,0.4990176817288803,1.135549413884299,True,ok,True,indicative
2026-09-28,OUST,OUST261002P00039500,2026-10-02,4,39.5,put,40.91,0.83,1.32,1.075,0.4558139534883722,1.0101069867321426,True,ok,True,indicative
2026-09-28,OUST,OUST261002P00040500,2026-10-02,4,40.5,put,40.91,1.27,1.68,1.475,0.2779661016949152,0.9896767811036592,True,ok,True,indicative
2026-09-28,OUST,OUST261002C00041500,2026-10-02,4,41.5,call,40.91,0.78,1.72,1.25,0.752,0.8825489297340141,True,ok,True,indicative
2026-09-28,OUST,OUST261002C00042500,2026-10-02,4,42.5,call,40.91,0.52,1.23,0.875,0.8114285714285714,0.8810900492215228,True,ok,True,indicative
2026-09-28,NVDX,NVDX261002C00020500,2026-10-02,4,20.5,call,20.785,0.57,0.97,0.77,0.5194805194805195,0.709250151180343,True,ok,True,indicative
2026-09-28,NVDX,NVDX261002P00021500,2026-10-02,4,21.5,put,20.785,0.67,1.47,1.07,0.747663551401869,0.7465056323758543,True,ok,True,indicative
2026-09-28,NVDX,NVDX261002P00020000,2026-10-02,4,20.0,put,20.785,0.22,0.28,0.25,0.2400000000000001,0.6578785688440302,True,ok,True,indicative
2026-09-28,NVDX,NVDX261002C00022000,2026-10-02,4,22.0,call,20.785,0.07,0.23,0.15000000000000002,1.0666666666666664,0.6236632677040861,True,ok,True,indicative
2026-09-28,NVDX,NVDX261002P00021000,2026-10-02,4,21.0,put,20.785,0.47,0.88,0.675,0.6074074074074074,0.6498993910914852,True,ok,True,indicative
2026-09-28,NVDX,NVDX261002P00022000,2026-10-02,4,22.0,put,20.785,1.03,1.83,1.4300000000000002,0.5594405594405594,0.7399213548506639,True,ok,True,indicative
2026-09-28,NVDX,NVDX261002P00022500,2026-10-02,4,22.5,put,20.785,1.48,2.32,1.9,0.44210526315789467,0.8463875401484399,True,ok,True,indicative
2026-09-28,NVDX,NVDX261002P00020500,2026-10-02,4,20.5,put,20.785,0.37,0.78,0.575,0.7130434782608697,0.8273592975132501,True,ok,True,indicative
2026-09-28,NVDX,NVDX261002P00019500,2026-10-02,4,19.5,put,20.785,0.07,0.43,0.25,1.44,0.8561028610425979,True,ok,True,indicative
2026-09-28,NVDX,NVDX261002C00021500,2026-10-02,4,21.5,call,20.785,0.23,0.38,0.305,0.4918032786885246,0.6704805684735855,True,ok,True,indicative
2026-09-28,NVDX,NVDX261002C00021000,2026-10-02,4,21.0,call,20.785,0.42,0.57,0.495,0.303030303030303,0.6784528360900586,True,ok,True,indicative
2026-09-28,NVDX,NVDX261002C00019500,2026-10-02,4,19.5,call,20.785,1.02,1.83,1.425,0.5684210526315789,0.657204054619888,True,ok,True,indicative
2026-09-28,NVDX,NVDX261002C00020000,2026-10-02,4,20.0,call,20.785,0.78,1.22,1.0,0.43999999999999995,0.5949320771806259,True,ok,True,indicative
2026-09-28,TLT,TLT261002P00077000,2026-10-02,4,77.0,put,78.66,0.18,0.21,0.195,0.15384615384615383,0.2341646639117913,True,ok,True,indicative
2026-09-28,TLT,TLT261002C00079500,2026-10-02,4,79.5,call,78.66,0.23,0.24,0.235,0.042553191489361625,0.1648330312031155,True,ok,True,indicative
2026-09-28,TLT,TLT261002P00079000,2026-10-02,4,79.0,put,78.66,0.99,1.02,1.005,0.029850746268656747,0.2570321297201628,True,ok,True,indicative
2026-09-28,TLT,TLT261002C00079000,2026-10-02,4,79.0,call,78.66,0.38,0.4,0.39,0.05128205128205133,0.16008579693693542,True,ok,True,indicative
2026-09-28,TLT,TLT261002P00079500,2026-10-02,4,79.5,put,78.66,1.31,1.4,1.355,0.06642066420664196,0.27209976316234297,True,ok,True,indicative
2026-09-28,TLT,TLT261002C00078500,2026-10-02,4,78.5,call,78.66,0.6,0.63,0.615,0.04878048780487809,0.1552908061518774,True,ok,True,indicative
2026-09-28,TLT,TLT261002C00077000,2026-10-02,4,77.0,call,78.66,1.71,1.72,1.7149999999999999,0.0058309037900874695,0.1209880232140133,True,ok,True,indicative
2026-09-28,TLT,TLT261002C00077500,2026-10-02,4,77.5,call,78.66,1.29,1.33,1.31,0.030534351145038195,0.15256437339382733,True,ok,True,indicative
2026-09-28,TLT,TLT261002C00080000,2026-10-02,4,80.0,call,78.66,0.1,0.11,0.10500000000000001,0.09523809523809518,0.15497033039582064,True,ok,True,indicative
2026-09-28,TLT,TLT261002P00078000,2026-10-02,4,78.0,put,78.66,0.46,0.49,0.475,0.06315789473684205,0.23686596726834933,True,ok,True,indicative
2026-09-28,TLT,TLT261002P00077500,2026-10-02,4,77.5,put,78.66,0.3,0.31,0.305,0.03278688524590167,0.23258894916218673,True,ok,True,indicative
2026-09-28,TLT,TLT261002P00080000,2026-10-02,4,80.0,put,78.66,1.76,1.84,1.8,0.04444444444444448,0.30815100767352016,True,ok,True,indicative
2026-09-28,TLT,TLT261002C00078000,2026-10-02,4,78.0,call,78.66,0.91,0.95,0.9299999999999999,0.04301075268817196,0.1546944983207268,True,ok,True,indicative
2026-09-28,TLT,TLT261002P00078500,2026-10-02,4,78.5,put,78.66,0.65,0.72,0.685,0.10218978102189773,0.23784289709755313,True,ok,True,indicative
2026-09-28,TMF,TMF261002C00028000,2026-10-02,4,28.0,call,26.52,0.12,0.17,0.14500000000000002,0.34482758620689663,0.5462487547660184,True,ok,True,indicative
2026-09-28,TMF,TMF261002C00025000,2026-10-02,4,25.0,call,26.52,1.55,1.91,1.73,0.20809248554913287,0.6682269766320014,True,ok,True,indicative
2026-09-28,TMF,TMF261002C00027000,2026-10-02,4,27.0,call,26.52,0.33,0.41,0.37,0.21621621621621612,0.5132555783342985,True,ok,True,indicative
2026-09-28,TMF,TMF261002P00025500,2026-10-02,4,25.5,put,26.52,0.21,0.35,0.27999999999999997,0.5,0.621016824583843,True,ok,True,indicative
2026-09-28,TMF,TMF261002P00027500,2026-10-02,4,27.5,put,26.52,1.12,1.43,1.275,0.24313725490196067,0.6086678898567677,True,ok,True,indicative
2026-09-28,TMF,TMF261002P00026500,2026-10-02,4,26.5,put,26.52,0.57,0.72,0.645,0.23255813953488375,0.5976397402481274,True,ok,True,indicative
2026-09-28,TMF,TMF261002P00028000,2026-10-02,4,28.0,put,26.52,1.42,1.87,1.645,0.2735562310030396,0.5909972664788715,True,ok,True,indicative
2026-09-28,TMF,TMF261002P00025000,2026-10-02,4,25.0,put,26.52,0.01,0.19,0.1,1.7999999999999998,0.524361043899342,True,ok,True,indicative
2026-09-28,TMF,TMF261002C00026000,2026-10-02,4,26.0,call,26.52,0.82,0.94,0.8799999999999999,0.13636363636363638,0.5242594768822952,True,ok,True,indicative
2026-09-28,TMF,TMF261002C00026500,2026-10-02,4,26.5,call,26.52,0.5,0.63,0.565,0.23008849557522126,0.4954245641346656,True,ok,True,indicative
2026-09-28,TMF,TMF261002C00025500,2026-10-02,4,25.5,call,26.52,1.02,1.43,1.225,0.3346938775510203,0.520221833695419,True,ok,True,indicative
2026-09-28,TMF,TMF261002P00026000,2026-10-02,4,26.0,put,26.52,0.37,0.46,0.41500000000000004,0.2168674698795181,0.5900189701841428,True,ok,True,indicative
2026-09-28,TMF,TMF261002P00027000,2026-10-02,4,27.0,put,26.52,0.67,1.01,0.8400000000000001,0.4047619047619047,0.5163803327501634,True,ok,True,indicative
2026-09-28,TMF,TMF261002C00027500,2026-10-02,4,27.5,call,26.52,0.2,0.3,0.25,0.3999999999999999,0.5467373166197362,True,ok,True,indicative
