symbol,first_qualified_date,last_seen_date,first_reason
OR,2026-09-28,2026-09-30,liquidity
PRCH,2026-09-28,2026-09-30,liquidity
MIAX,2026-09-28,2026-09-30,liquidity
IQV,2026-09-28,2026-09-30,liquidity
ZROZ,2026-09-28,2026-09-29,liquidity
IQLT,2026-09-28,2026-09-29,liquidity
MDGL,2026-09-28,2026-09-30,liquidity
IUSB,2026-09-28,2026-09-29,liquidity
ROG,2026-09-28,2026-09-30,liquidity
MDB,2026-09-28,2026-09-30,liquidity
PJT,2026-09-28,2026-09-30,liquidity
MKSI,2026-09-28,2026-09-30,liquidity
Z,2026-09-28,2026-09-30,liquidity
LXP,2026-09-28,2026-09-30,liquidity
IGLB,2026-09-28,2026-09-29,liquidity
ACVA,2026-09-28,2026-09-30,liquidity
ROIV,2026-09-28,2026-09-30,liquidity
MDA,2026-09-28,2026-09-30,liquidity
ACM,2026-09-28,2026-09-30,liquidity
IRDM,2026-09-28,2026-09-30,liquidity
ORA,2026-09-28,2026-09-30,liquidity
NTRS,2026-09-28,2026-09-30,liquidity
IGIB,2026-09-28,2026-09-29,liquidity
ZWS,2026-09-28,2026-09-30,liquidity
MCK,2026-09-28,2026-09-30,liquidity
YPF,2026-09-28,2026-09-30,liquidity
PRK,2026-09-28,2026-09-30,liquidity
PRCT,2026-09-28,2026-09-30,liquidity
MIDD,2026-09-28,2026-09-30,liquidity
MDU,2026-09-28,2026-09-30,liquidity
NTST,2026-09-28,2026-09-30,liquidity
OKE,2026-09-28,2026-09-30,liquidity
IR,2026-09-28,2026-09-30,liquidity
AAPD,2026-09-28,2026-09-29,liquidity
ZSL,2026-09-28,2026-09-29,liquidity
NTSK,2026-09-28,2026-09-30,liquidity
ITW,2026-09-28,2026-09-30,liquidity
IESC,2026-09-28,2026-09-30,liquidity
PR,2026-09-28,2026-09-30,liquidity
MHK,2026-09-28,2026-09-30,liquidity
NUGT,2026-09-28,2026-09-29,liquidity
ACI,2026-09-28,2026-09-30,liquidity
LYFT,2026-09-28,2026-09-30,liquidity
RF,2026-09-28,2026-09-30,liquidity
IPGP,2026-09-28,2026-09-30,liquidity
LTPZ,2026-09-28,2026-09-29,liquidity
IGSB,2026-09-28,2026-09-29,liquidity
PPTA,2026-09-28,2026-09-30,liquidity
AA,2026-09-28,2026-09-30,liquidity
OKLO,2026-09-28,2026-09-30,liquidity
IEO,2026-09-28,2026-09-29,liquidity
NPO,2026-09-28,2026-09-30,liquidity
MCHP,2026-09-28,2026-09-30,liquidity
IVE,2026-09-28,2026-09-29,liquidity
RDY,2026-09-28,2026-09-30,liquidity
REYN,2026-09-28,2026-09-30,liquidity
PRKS,2026-09-28,2026-09-30,liquidity
PK,2026-09-28,2026-09-30,liquidity
OKTA,2026-09-28,2026-09-30,liquidity
PRAX,2026-09-28,2026-09-30,liquidity
IGM,2026-09-28,2026-09-29,liquidity
NU,2026-09-28,2026-09-30,liquidity
REXR,2026-09-28,2026-09-30,liquidity
IUSG,2026-09-28,2026-09-29,liquidity
REZI,2026-09-28,2026-09-30,liquidity
PLUS,2026-09-28,2026-09-30,liquidity
NUE,2026-09-28,2026-09-30,liquidity
MHO,2026-09-28,2026-09-30,liquidity
LYB,2026-09-28,2026-09-30,liquidity
IUSV,2026-09-28,2026-09-29,liquidity
NTRA,2026-09-28,2026-09-30,liquidity
OLLI,2026-09-28,2026-09-30,liquidity
NRIX,2026-09-28,2026-09-30,liquidity
PRG,2026-09-28,2026-09-30,liquidity
NSP,2026-09-28,2026-09-30,liquidity
LVHI,2026-09-28,2026-09-29,liquidity
PRI,2026-09-28,2026-09-30,liquidity
MCY,2026-09-28,2026-09-30,liquidity
ZS,2026-09-28,2026-09-30,liquidity
MIRM,2026-09-28,2026-09-30,liquidity
ORCX,2026-09-28,2026-09-29,liquidity
ACWI,2026-09-28,2026-09-29,liquidity
OGN,2026-09-28,2026-09-30,liquidity
PIPR,2026-09-28,2026-09-30,liquidity
YOU,2026-09-28,2026-09-30,liquidity
MCRI,2026-09-28,2026-09-30,liquidity
ROL,2026-09-28,2026-09-30,liquidity
OGS,2026-09-28,2026-09-30,liquidity
ACMR,2026-09-28,2026-09-30,liquidity
ITOT,2026-09-28,2026-09-29,liquidity
MDLZ,2026-09-28,2026-09-30,liquidity
MKC,2026-09-28,2026-09-30,liquidity
OHI,2026-09-28,2026-09-30,liquidity
IEX,2026-09-28,2026-09-30,liquidity
ITA,2026-09-28,2026-09-29,liquidity
PRGS,2026-09-28,2026-09-30,liquidity
PLXS,2026-09-28,2026-09-30,liquidity
PINS,2026-09-28,2026-09-30,liquidity
ROP,2026-09-28,2026-09-30,liquidity
OIH,2026-09-28,2026-09-29,liquidity
ITB,2026-09-28,2026-09-29,liquidity
LUNR,2026-09-28,2026-09-30,liquidity
REG,2026-09-28,2026-09-30,liquidity
AAPU,2026-09-28,2026-09-29,liquidity
IT,2026-09-28,2026-09-30,liquidity
IFF,2026-09-28,2026-09-30,liquidity
NSIT,2026-09-28,2026-09-30,liquidity
PRGO,2026-09-28,2026-09-30,liquidity
ISRG,2026-09-28,2026-09-30,liquidity
ITM,2026-09-28,2026-09-29,liquidity
MDLN,2026-09-28,2026-09-30,liquidity
NSC,2026-09-28,2026-09-30,liquidity
OLED,2026-09-28,2026-09-30,liquidity
ISTB,2026-09-28,2026-09-29,liquidity
REGN,2026-09-28,2026-09-30,liquidity
ITGR,2026-09-28,2026-09-30,liquidity
LUV,2026-09-28,2026-09-30,liquidity
ORI,2026-09-28,2026-09-30,liquidity
OII,2026-09-28,2026-09-30,liquidity
YUM,2026-09-28,2026-09-30,liquidity
RELX,2026-09-28,2026-09-30,liquidity
OLN,2026-09-28,2026-09-30,liquidity
NTLA,2026-09-28,2026-09-30,liquidity
MCO,2026-09-28,2026-09-30,liquidity
AGIO,2026-09-28,2026-09-30,liquidity
ORLY,2026-09-28,2026-09-30,liquidity
MDT,2026-09-28,2026-09-30,liquidity
LW,2026-09-28,2026-09-30,liquidity
AGM,2026-09-28,2026-09-30,liquidity
IRM,2026-09-28,2026-09-30,liquidity
ITT,2026-09-28,2026-09-30,liquidity
OGE,2026-09-28,2026-09-30,liquidity
ROK,2026-09-28,2026-09-30,liquidity
NTR,2026-09-28,2026-09-30,liquidity
IREN,2026-09-28,2026-09-30,liquidity
PRDO,2026-09-28,2026-09-30,liquidity
NRG,2026-09-28,2026-09-30,liquidity
REET,2026-09-28,2026-09-29,liquidity
IGF,2026-09-28,2026-09-29,liquidity
IREX,2026-09-28,2026-09-29,liquidity
REPL,2026-09-28,2026-09-30,liquidity
NTNX,2026-09-28,2026-09-30,liquidity
MINT,2026-09-28,2026-09-29,liquidity
REMX,2026-09-28,2026-09-29,liquidity
IRT,2026-09-28,2026-09-30,liquidity
PRIM,2026-09-28,2026-09-30,liquidity
RELY,2026-09-28,2026-09-30,liquidity
PM,2026-09-28,2026-09-30,liquidity
ROKU,2026-09-28,2026-09-30,liquidity
ROST,2026-09-28,2026-09-30,liquidity
ITRI,2026-09-28,2026-09-30,liquidity
NTAP,2026-09-28,2026-09-30,liquidity
A,2026-09-28,2026-09-30,liquidity
IRTC,2026-09-28,2026-09-30,liquidity
ORKA,2026-09-28,2026-09-30,liquidity
AAPL,2026-09-28,2026-09-30,liquidity
ACN,2026-09-28,2026-09-30,liquidity
NTES,2026-09-28,2026-09-30,liquidity
MKL,2026-09-28,2026-09-30,liquidity
LULU,2026-09-28,2026-09-30,liquidity
MIR,2026-09-28,2026-09-30,liquidity
IRON,2026-09-28,2026-09-30,liquidity
IEUR,2026-09-28,2026-09-29,liquidity
XRT,2026-09-28,2026-09-29,liquidity
ORCL,2026-09-28,2026-09-30,liquidity
NTCT,2026-09-28,2026-09-30,liquidity
LVS,2026-09-28,2026-09-30,liquidity
RGEN,2026-09-28,2026-09-30,liquidity
POWI,2026-09-28,2026-09-30,liquidity
INFY,2026-09-28,2026-09-30,liquidity
ILMN,2026-09-28,2026-09-30,liquidity
ONON,2026-09-28,2026-09-30,liquidity
MARA,2026-09-28,2026-09-30,liquidity
ING,2026-09-28,2026-09-30,liquidity
INGM,2026-09-28,2026-09-30,liquidity
AAOI,2026-09-28,2026-09-30,liquidity
POWL,2026-09-28,2026-09-30,liquidity
ONB,2026-09-28,2026-09-30,liquidity
NWS,2026-09-28,2026-09-30,liquidity
RMD,2026-09-28,2026-09-30,liquidity
ONC,2026-09-28,2026-09-30,liquidity
IMAX,2026-09-28,2026-09-30,liquidity
INDV,2026-09-28,2026-09-30,liquidity
PODD,2026-09-28,2026-09-30,liquidity
MAS,2026-09-28,2026-09-30,liquidity
NWSA,2026-09-28,2026-09-30,liquidity
PLD,2026-09-28,2026-09-30,liquidity
INFQ,2026-09-28,2026-09-30,liquidity
RIVN,2026-09-28,2026-09-30,liquidity
AI,2026-09-28,2026-09-30,liquidity
RJF,2026-09-28,2026-09-30,liquidity
RIOT,2026-09-28,2026-09-30,liquidity
MAR,2026-09-28,2026-09-30,liquidity
AIA,2026-09-28,2026-09-29,liquidity
ACLS,2026-09-28,2026-09-30,liquidity
OC,2026-09-28,2026-09-30,liquidity
MAN,2026-09-28,2026-09-30,liquidity
IJT,2026-09-28,2026-09-29,liquidity
MBX,2026-09-28,2026-09-30,liquidity
MELI,2026-09-28,2026-09-30,liquidity
IJS,2026-09-28,2026-09-29,liquidity
MANE,2026-09-28,2026-09-30,liquidity
MFC,2026-09-28,2026-09-30,liquidity
ILF,2026-09-28,2026-09-29,liquidity
INGR,2026-09-28,2026-09-30,liquidity
NWG,2026-09-28,2026-09-30,liquidity
ON,2026-09-28,2026-09-30,liquidity
PNW,2026-09-28,2026-09-30,liquidity
INIO,2026-09-28,2026-09-30,liquidity
NWE,2026-09-28,2026-09-30,liquidity
RIO,2026-09-28,2026-09-30,liquidity
MFG,2026-09-28,2026-09-30,liquidity
ONTO,2026-09-28,2026-09-30,liquidity
RING,2026-09-28,2026-09-29,liquidity
AADX,2026-09-28,2026-09-30,liquidity
MANH,2026-09-28,2026-09-30,liquidity
NVTS,2026-09-28,2026-09-30,liquidity
OBDC,2026-09-28,2026-09-30,liquidity
IMNM,2026-09-28,2026-09-30,liquidity
META,2026-09-28,2026-09-30,liquidity
MBGL,2026-09-28,2026-09-30,liquidity
O,2026-09-28,2026-09-30,liquidity
AAMI,2026-09-28,2026-09-30,liquidity
POOL,2026-09-28,2026-09-30,liquidity
PLNT,2026-09-28,2026-09-30,liquidity
NXT,2026-09-28,2026-09-30,liquidity
IMVT,2026-09-28,2026-09-30,liquidity
MATX,2026-09-28,2026-09-30,liquidity
RLAY,2026-09-28,2026-09-30,liquidity
MEOH,2026-09-28,2026-09-30,liquidity
ONEQ,2026-09-28,2026-09-29,liquidity
RLI,2026-09-28,2026-09-30,liquidity
MBB,2026-09-28,2026-09-29,liquidity
NYT,2026-09-28,2026-09-30,liquidity
IMO,2026-09-28,2026-09-30,liquidity
MET,2026-09-28,2026-09-30,liquidity
ACIW,2026-09-28,2026-09-30,liquidity
MAZE,2026-09-28,2026-09-30,liquidity
NXST,2026-09-28,2026-09-30,liquidity
AHR,2026-09-28,2026-09-30,liquidity
POST,2026-09-28,2026-09-30,liquidity
INDA,2026-09-28,2026-09-29,liquidity
PLSE,2026-09-28,2026-09-30,liquidity
INDB,2026-09-28,2026-09-30,liquidity
AAL,2026-09-28,2026-09-30,liquidity
MAT,2026-09-28,2026-09-30,liquidity
RKLX,2026-09-28,2026-09-29,liquidity
RKLB,2026-09-28,2026-09-30,liquidity
NXPI,2026-09-28,2026-09-30,liquidity
POR,2026-09-28,2026-09-30,liquidity
RL,2026-09-28,2026-09-30,liquidity
INBX,2026-09-28,2026-09-30,liquidity
MATW,2026-09-28,2026-09-30,liquidity
PLMR,2026-09-28,2026-09-30,liquidity
RKT,2026-09-28,2026-09-30,liquidity
RMBS,2026-09-28,2026-09-30,liquidity
METU,2026-09-28,2026-09-29,liquidity
INCY,2026-09-28,2026-09-30,liquidity
PPA,2026-09-28,2026-09-29,liquidity
IOND,2026-09-28,2026-09-30,liquidity
ROAD,2026-09-28,2026-09-30,liquidity
PPL,2026-09-28,2026-09-30,liquidity
IHI,2026-09-28,2026-09-29,liquidity
M,2026-09-28,2026-09-30,liquidity
IONQ,2026-09-28,2026-09-30,liquidity
AGQ,2026-09-28,2026-09-29,liquidity
ODFL,2026-09-28,2026-09-30,liquidity
PPLI,2026-09-28,2026-09-30,liquidity
OPLN,2026-09-28,2026-09-30,liquidity
ROBN,2026-09-28,2026-09-29,liquidity
IONS,2026-09-28,2026-09-30,liquidity
AAAU,2026-09-28,2026-09-29,liquidity
MGNI,2026-09-28,2026-09-30,liquidity
PLTR,2026-09-28,2026-09-30,liquidity
INVH,2026-09-28,2026-09-30,liquidity
RGLD,2026-09-28,2026-09-30,liquidity
ACT,2026-09-28,2026-09-30,liquidity
INVX,2026-09-28,2026-09-30,liquidity
MAA,2026-09-28,2026-09-30,liquidity
MA,2026-09-28,2026-09-30,liquidity
NVDL,2026-09-28,2026-09-29,liquidity
NVDU,2026-09-28,2026-09-29,liquidity
IHF,2026-09-28,2026-09-29,liquidity
NVAX,2026-09-28,2026-09-30,liquidity
IOVA,2026-09-28,2026-09-30,liquidity
MGV,2026-09-28,2026-09-29,liquidity
IP,2026-09-28,2026-09-30,liquidity
ZTO,2026-09-28,2026-09-30,liquidity
MCHI,2026-09-28,2026-09-29,liquidity
MGY,2026-09-28,2026-09-30,liquidity
MDY,2026-09-28,2026-09-29,liquidity
PNC,2026-09-28,2026-09-30,liquidity
IPAR,2026-09-28,2026-09-30,liquidity
IGV,2026-09-28,2026-09-29,liquidity
LYTE,2026-09-28,2026-09-29,liquidity
OEF,2026-09-28,2026-09-29,liquidity
LYV,2026-09-28,2026-09-30,liquidity
RGA,2026-09-28,2026-09-30,liquidity
PKG,2026-09-28,2026-09-30,liquidity
OMC,2026-09-28,2026-09-30,liquidity
IONX,2026-09-28,2026-09-29,liquidity
PNFP,2026-09-28,2026-09-30,liquidity
LZB,2026-09-28,2026-09-30,liquidity
IOO,2026-09-28,2026-09-29,liquidity
PLTU,2026-09-28,2026-09-29,liquidity
NVDA,2026-09-28,2026-09-30,liquidity
PPLT,2026-09-28,2026-09-29,liquidity
AAP,2026-09-28,2026-09-30,liquidity
AGO,2026-09-28,2026-09-30,liquidity
IOT,2026-09-28,2026-09-30,liquidity
MAC,2026-09-28,2026-09-30,liquidity
OMDA,2026-09-28,2026-09-30,liquidity
RGTI,2026-09-28,2026-09-30,liquidity
MAIR,2026-09-28,2026-09-30,liquidity
YUMC,2026-09-28,2026-09-30,liquidity
RNG,2026-09-28,2026-09-30,liquidity
INSM,2026-09-28,2026-09-30,liquidity
MAIN,2026-09-28,2026-09-30,liquidity
RHP,2026-09-28,2026-09-30,liquidity
MGA,2026-09-28,2026-09-30,liquidity
AGX,2026-09-28,2026-09-30,liquidity
IJJ,2026-09-28,2026-09-29,liquidity
IJH,2026-09-28,2026-09-29,liquidity
PNR,2026-09-28,2026-09-30,liquidity
OPCH,2026-09-28,2026-09-30,liquidity
INSP,2026-09-28,2026-09-30,liquidity
INSW,2026-09-28,2026-09-30,liquidity
PPC,2026-09-28,2026-09-30,liquidity
PL,2026-09-28,2026-09-30,liquidity
XSD,2026-09-28,2026-09-29,liquidity
INOD,2026-09-28,2026-09-30,liquidity
NVT,2026-09-28,2026-09-30,liquidity
MFP,2026-09-28,2026-09-30,liquidity
NVST,2026-09-28,2026-09-30,liquidity
AGYS,2026-09-28,2026-09-30,liquidity
IJR,2026-09-28,2026-09-29,liquidity
OMF,2026-09-28,2026-09-30,liquidity
IJK,2026-09-28,2026-09-29,liquidity
MC,2026-09-28,2026-09-30,liquidity
INRO,2026-09-28,2026-09-29,liquidity
AAON,2026-09-28,2026-09-30,liquidity
PLAB,2026-09-28,2026-09-30,liquidity
NVS,2026-09-28,2026-09-30,liquidity
NVO,2026-09-28,2026-09-30,liquidity
NVDY,2026-09-28,2026-09-29,liquidity
INTU,2026-09-28,2026-09-30,liquidity
MGK,2026-09-28,2026-09-29,liquidity
ZTS,2026-09-28,2026-09-30,liquidity
INTW,2026-09-28,2026-09-29,liquidity
MGM,2026-09-28,2026-09-30,liquidity
RNST,2026-09-28,2026-09-30,liquidity
MCD,2026-09-28,2026-09-30,liquidity
PPH,2026-09-28,2026-09-29,liquidity
NVDX,2026-09-28,2026-09-29,liquidity
ODD,2026-09-28,2026-09-30,liquidity
INVA,2026-09-28,2026-09-30,liquidity
INTA,2026-09-28,2026-09-30,liquidity
RHI,2026-09-28,2026-09-30,liquidity
MGC,2026-09-28,2026-09-29,liquidity
MEDP,2026-09-28,2026-09-30,liquidity
INTC,2026-09-28,2026-09-30,liquidity
OCTV,2026-09-28,2026-09-30,liquidity
OMER,2026-09-28,2026-09-30,liquidity
PPG,2026-09-28,2026-09-30,liquidity
NVMI,2026-09-28,2026-09-30,liquidity
RNR,2026-09-28,2026-09-30,liquidity
MAGS,2026-09-28,2026-09-29,liquidity
RH,2026-09-28,2026-09-30,liquidity
XSMO,2026-09-28,2026-09-29,liquidity
PEG,2026-09-28,2026-09-30,liquidity
PBI,2026-09-28,2026-09-30,liquidity
MRK,2026-09-28,2026-09-30,liquidity
LFUS,2026-09-28,2026-09-30,liquidity
YANG,2026-09-28,2026-09-29,liquidity
KLIC,2026-09-28,2026-09-30,liquidity
PBH,2026-09-28,2026-09-30,liquidity
PTC,2026-09-28,2026-09-30,liquidity
PTCT,2026-09-28,2026-09-30,liquidity
AEO,2026-09-28,2026-09-30,liquidity
QLYS,2026-09-28,2026-09-30,liquidity
PTEN,2026-09-28,2026-09-30,liquidity
KMB,2026-09-28,2026-09-30,liquidity
LFST,2026-09-28,2026-09-30,liquidity
QMCO,2026-09-28,2026-09-30,liquidity
PFF,2026-09-28,2026-09-29,liquidity
NAIL,2026-09-28,2026-09-29,liquidity
KLAR,2026-09-28,2026-09-30,liquidity
MRCY,2026-09-28,2026-09-30,liquidity
NASA,2026-09-28,2026-09-29,liquidity
AEP,2026-09-28,2026-09-30,liquidity
PSX,2026-09-28,2026-09-30,liquidity
KIM,2026-09-28,2026-09-30,liquidity
KIE,2026-09-28,2026-09-29,liquidity
LGN,2026-09-28,2026-09-30,liquidity
QNT,2026-09-28,2026-09-30,liquidity
NAMS,2026-09-28,2026-09-30,liquidity
PBF,2026-09-28,2026-09-30,liquidity
PBLS,2026-09-28,2026-09-30,liquidity
KLAC,2026-09-28,2026-09-30,liquidity
YINN,2026-09-28,2026-09-29,liquidity
KKR,2026-09-28,2026-09-30,liquidity
MRNA,2026-09-28,2026-09-30,liquidity
AEIS,2026-09-28,2026-09-30,liquidity
MRSH,2026-09-28,2026-09-30,liquidity
KNF,2026-09-28,2026-09-30,liquidity
LEU,2026-09-28,2026-09-30,liquidity
QGEN,2026-09-28,2026-09-30,liquidity
KNSA,2026-09-28,2026-09-30,liquidity
AEHR,2026-09-28,2026-09-30,liquidity
ZD,2026-09-28,2026-09-30,liquidity
MXL,2026-09-28,2026-09-30,liquidity
KNX,2026-09-28,2026-09-30,liquidity
LEN,2026-09-28,2026-09-30,liquidity
KNTK,2026-09-28,2026-09-30,liquidity
KNSL,2026-09-28,2026-09-30,liquidity
QID,2026-09-28,2026-09-29,liquidity
PFE,2026-09-28,2026-09-30,liquidity
MRNX,2026-09-28,2026-09-29,liquidity
QLD,2026-09-28,2026-09-29,liquidity
KMI,2026-09-28,2026-09-30,liquidity
AEM,2026-09-28,2026-09-30,liquidity
ADMA,2026-09-28,2026-09-30,liquidity
KMPR,2026-09-28,2026-09-30,liquidity
MZTI,2026-09-28,2026-09-30,liquidity
MYRG,2026-09-28,2026-09-30,liquidity
MRP,2026-09-28,2026-09-30,liquidity
PBR.A,2026-09-28,2026-09-30,liquidity
KN,2026-09-28,2026-09-30,liquidity
KMX,2026-09-28,2026-09-30,liquidity
PBR,2026-09-28,2026-09-30,liquidity
LEVI,2026-09-28,2026-09-30,liquidity
KMT,2026-09-28,2026-09-30,liquidity
PTGX,2026-09-28,2026-09-30,liquidity
NATL,2026-09-28,2026-09-30,liquidity
PBA,2026-09-28,2026-09-30,liquidity
AES,2026-09-28,2026-09-30,liquidity
LIN,2026-09-28,2026-09-30,liquidity
QQQM,2026-09-28,2026-09-29,liquidity
KD,2026-09-28,2026-09-30,liquidity
ZBRA,2026-09-28,2026-09-30,liquidity
ABG,2026-09-28,2026-09-30,liquidity
MPLX,2026-09-28,2026-09-30,liquidity
PAY,2026-09-28,2026-09-30,liquidity
PSQ,2026-09-28,2026-09-29,liquidity
QQQI,2026-09-28,2026-09-29,liquidity
KDP,2026-09-28,2026-09-30,liquidity
NCLH,2026-09-28,2026-09-30,liquidity
ADI,2026-09-28,2026-09-30,liquidity
MPC,2026-09-28,2026-09-30,liquidity
KBWB,2026-09-28,2026-09-29,liquidity
PSNL,2026-09-28,2026-09-30,liquidity
NDSN,2026-09-28,2026-09-30,liquidity
PATK,2026-09-28,2026-09-30,liquidity
KBR,2026-09-28,2026-09-30,liquidity
LION,2026-09-28,2026-09-30,liquidity
NDAQ,2026-09-28,2026-09-30,liquidity
LIND,2026-09-28,2026-09-30,liquidity
LINE,2026-09-28,2026-09-30,liquidity
NCNO,2026-09-28,2026-09-30,liquidity
PAVE,2026-09-28,2026-09-29,liquidity
AESI,2026-09-28,2026-09-30,liquidity
LGND,2026-09-28,2026-09-30,liquidity
NBIZ,2026-09-28,2026-09-29,liquidity
LH,2026-09-28,2026-09-30,liquidity
NAVN,2026-09-28,2026-09-30,liquidity
ZCSH,2026-09-28,2026-09-29,liquidity
PAYX,2026-09-28,2026-09-30,liquidity
KGC,2026-09-28,2026-09-30,liquidity
LHX,2026-09-28,2026-09-30,liquidity
KGS,2026-09-28,2026-09-30,liquidity
ABNB,2026-09-28,2026-09-30,liquidity
ADM,2026-09-28,2026-09-30,liquidity
AER,2026-09-28,2026-09-30,liquidity
PB,2026-09-28,2026-09-30,liquidity
KHC,2026-09-28,2026-09-30,liquidity
PFG,2026-09-28,2026-09-30,liquidity
KFY,2026-09-28,2026-09-30,liquidity
LI,2026-09-28,2026-09-30,liquidity
LIF,2026-09-28,2026-09-30,liquidity
LIFE,2026-09-28,2026-09-30,liquidity
NBIS,2026-09-28,2026-09-30,liquidity
NBIX,2026-09-28,2026-09-30,liquidity
PAYC,2026-09-28,2026-09-30,liquidity
MPWR,2026-09-28,2026-09-30,liquidity
LII,2026-09-28,2026-09-30,liquidity
NBIL,2026-09-28,2026-09-29,liquidity
KEX,2026-09-28,2026-09-30,liquidity
PFGC,2026-09-28,2026-09-30,liquidity
KEYS,2026-09-28,2026-09-30,liquidity
QQQ,2026-09-28,2026-09-29,liquidity
KEY,2026-09-28,2026-09-30,liquidity
NBIG,2026-09-28,2026-09-29,liquidity
ABM,2026-09-28,2026-09-30,liquidity
NE,2026-09-28,2026-09-30,liquidity
KVUE,2026-09-28,2026-09-30,liquidity
LAZ,2026-09-28,2026-09-30,liquidity
MTH,2026-09-28,2026-09-30,liquidity
PENN,2026-09-28,2026-09-30,liquidity
MSFU,2026-09-28,2026-09-29,liquidity
MTG,2026-09-28,2026-09-30,liquidity
KWR,2026-09-28,2026-09-30,liquidity
LAUR,2026-09-28,2026-09-30,liquidity
MTD,2026-09-28,2026-09-30,liquidity
PENG,2026-09-28,2026-09-30,liquidity
KWEB,2026-09-28,2026-09-29,liquidity
PURR,2026-09-28,2026-09-30,liquidity
MTDR,2026-09-28,2026-09-30,liquidity
KVYO,2026-09-28,2026-09-30,liquidity
YELP,2026-09-28,2026-09-30,liquidity
KURA,2026-09-28,2026-09-30,liquidity
PDD,2026-09-28,2026-09-30,liquidity
MTUM,2026-09-28,2026-09-29,liquidity
KTB,2026-09-28,2026-09-30,liquidity
KT,2026-09-28,2026-09-30,liquidity
PDBC,2026-09-28,2026-09-29,liquidity
PZA,2026-09-28,2026-09-29,liquidity
PULS,2026-09-28,2026-09-29,liquidity
MTSI,2026-09-28,2026-09-30,liquidity
PYPL,2026-09-28,2026-09-30,liquidity
MTN,2026-09-28,2026-09-30,liquidity
MTRN,2026-09-28,2026-09-30,liquidity
MSFT,2026-09-28,2026-09-30,liquidity
PDFS,2026-09-28,2026-09-30,liquidity
ADUS,2026-09-28,2026-09-30,liquidity
KTOS,2026-09-28,2026-09-30,liquidity
LBRT,2026-09-28,2026-09-30,liquidity
ACA,2026-09-28,2026-09-30,liquidity
PWR,2026-09-28,2026-09-30,liquidity
PEGA,2026-09-28,2026-09-30,liquidity
MSM,2026-09-28,2026-09-30,liquidity
ABVX,2026-09-28,2026-09-30,liquidity
LAMR,2026-09-28,2026-09-30,liquidity
L,2026-09-28,2026-09-30,liquidity
MSTX,2026-09-28,2026-09-29,liquidity
MSI,2026-09-28,2026-09-30,liquidity
PEB,2026-09-28,2026-09-30,liquidity
PVLA,2026-09-28,2026-09-30,liquidity
MSTU,2026-09-28,2026-09-29,liquidity
LABU,2026-09-28,2026-09-29,liquidity
LAD,2026-09-28,2026-09-30,liquidity
MSTR,2026-09-28,2026-09-30,liquidity
PECO,2026-09-28,2026-09-30,liquidity
PWP,2026-09-28,2026-09-30,liquidity
LASR,2026-09-28,2026-09-30,liquidity
YETI,2026-09-28,2026-09-30,liquidity
MTB,2026-09-28,2026-09-30,liquidity
MSGE,2026-09-28,2026-09-30,liquidity
ADSK,2026-09-28,2026-09-30,liquidity
MTBA,2026-09-28,2026-09-29,liquidity
PEN,2026-09-28,2026-09-30,liquidity
MSTY,2026-09-28,2026-09-29,liquidity
PWZ,2026-09-28,2026-09-29,liquidity
MTCH,2026-09-28,2026-09-30,liquidity
MT,2026-09-28,2026-09-30,liquidity
PVH,2026-09-28,2026-09-30,liquidity
KYMR,2026-09-28,2026-09-30,liquidity
MSGS,2026-09-28,2026-09-30,liquidity
KO,2026-09-28,2026-09-30,liquidity
PUK,2026-09-28,2026-09-30,liquidity
ACAD,2026-09-28,2026-09-30,liquidity
PCG,2026-09-28,2026-09-30,liquidity
LEA,2026-09-28,2026-09-30,liquidity
MVLL,2026-09-28,2026-09-29,liquidity
MS,2026-09-28,2026-09-30,liquidity
PCOR,2026-09-28,2026-09-30,liquidity
KR,2026-09-28,2026-09-30,liquidity
MSA,2026-09-28,2026-09-30,liquidity
MUX,2026-09-28,2026-09-30,liquidity
KRE,2026-09-28,2026-09-29,liquidity
QCOM,2026-09-28,2026-09-30,liquidity
LDOS,2026-09-28,2026-09-30,liquidity
KRC,2026-09-28,2026-09-30,liquidity
ADP,2026-09-28,2026-09-30,liquidity
KORU,2026-09-28,2026-09-29,liquidity
LECO,2026-09-28,2026-09-30,liquidity
MWH,2026-09-28,2026-09-30,liquidity
MRVL,2026-09-28,2026-09-30,liquidity
PCAR,2026-09-28,2026-09-30,liquidity
PTIR,2026-09-28,2026-09-29,liquidity
KOD,2026-09-28,2026-09-30,liquidity
LEGN,2026-09-28,2026-09-30,liquidity
MRX,2026-09-28,2026-09-30,liquidity
MWA,2026-09-28,2026-09-30,liquidity
ZG,2026-09-28,2026-09-30,liquidity
ABT,2026-09-28,2026-09-30,liquidity
KOLD,2026-09-28,2026-09-29,liquidity
MU,2026-09-28,2026-09-30,liquidity
KRYS,2026-09-28,2026-09-30,liquidity
MUB,2026-09-28,2026-09-29,liquidity
MTZ,2026-09-28,2026-09-30,liquidity
QBTS,2026-09-28,2026-09-30,liquidity
KSS,2026-09-28,2026-09-30,liquidity
PEP,2026-09-28,2026-09-30,liquidity
PZZA,2026-09-28,2026-09-30,liquidity
Q,2026-09-28,2026-09-30,liquidity
KSPI,2026-09-28,2026-09-30,liquidity
PD,2026-09-28,2026-09-30,liquidity
LCII,2026-09-28,2026-09-30,liquidity
MUFG,2026-09-28,2026-09-30,liquidity
ZETA,2026-09-28,2026-09-30,liquidity
KRMN,2026-09-28,2026-09-30,liquidity
AEE,2026-09-28,2026-09-30,liquidity
MUSA,2026-09-28,2026-09-30,liquidity
MUU,2026-09-28,2026-09-29,liquidity
KRG,2026-09-28,2026-09-30,liquidity
PCTY,2026-09-28,2026-09-30,liquidity
MUR,2026-09-28,2026-09-30,liquidity
MULL,2026-09-28,2026-09-29,liquidity
PTRN,2026-09-28,2026-09-30,liquidity
MSCI,2026-09-28,2026-09-30,liquidity
MUNI,2026-09-28,2026-09-29,liquidity
PCVX,2026-09-28,2026-09-30,liquidity
ADPT,2026-09-28,2026-09-30,liquidity
KBH,2026-09-28,2026-09-30,liquidity
LITE,2026-09-28,2026-09-30,liquidity
AG,2026-09-28,2026-09-30,liquidity
IYR,2026-09-28,2026-09-29,liquidity
LPX,2026-09-28,2026-09-30,liquidity
OUST,2026-09-28,2026-09-30,liquidity
IYM,2026-09-28,2026-09-29,liquidity
IYK,2026-09-28,2026-09-29,liquidity
LQD,2026-09-28,2026-09-29,liquidity
AAXJ,2026-09-28,2026-09-29,liquidity
NLY,2026-09-28,2026-09-30,liquidity
IYW,2026-09-28,2026-09-29,liquidity
MMS,2026-09-28,2026-09-30,liquidity
LPLA,2026-09-28,2026-09-30,liquidity
NLR,2026-09-28,2026-09-29,liquidity
RBRK,2026-09-28,2026-09-30,liquidity
IYT,2026-09-28,2026-09-29,liquidity
MMM,2026-09-28,2026-09-30,liquidity
OUT,2026-09-28,2026-09-30,liquidity
IYJ,2026-09-28,2026-09-29,liquidity
IYH,2026-09-28,2026-09-29,liquidity
RCL,2026-09-28,2026-09-30,liquidity
OUNZ,2026-09-28,2026-09-29,liquidity
MLYS,2026-09-28,2026-09-30,liquidity
IXUS,2026-09-28,2026-09-29,liquidity
OTTR,2026-09-28,2026-09-30,liquidity
PHVS,2026-09-28,2026-09-30,liquidity
IXN,2026-09-28,2026-09-29,liquidity
IYE,2026-09-28,2026-09-29,liquidity
LQDA,2026-09-28,2026-09-30,liquidity
RCI,2026-09-28,2026-09-30,liquidity
AGCO,2026-09-28,2026-09-30,liquidity
NMIH,2026-09-28,2026-09-30,liquidity
IYF,2026-09-28,2026-09-29,liquidity
MMED,2026-09-28,2026-09-30,liquidity
ZM,2026-09-28,2026-09-30,liquidity
JBBB,2026-09-28,2026-09-29,liquidity
LOPE,2026-09-28,2026-09-30,liquidity
PRVA,2026-09-28,2026-09-30,liquidity
NIQ,2026-09-28,2026-09-30,liquidity
RBC,2026-09-28,2026-09-30,liquidity
JAZZ,2026-09-28,2026-09-30,liquidity
ADBE,2026-09-28,2026-09-30,liquidity
JAVA,2026-09-28,2026-09-29,liquidity
JBHT,2026-09-28,2026-09-30,liquidity
JBL,2026-09-28,2026-09-30,liquidity
MNDY,2026-09-28,2026-09-30,liquidity
RBA,2026-09-28,2026-09-30,liquidity
PS,2026-09-28,2026-09-30,liquidity
PHIN,2026-09-28,2026-09-30,liquidity
XXRP,2026-09-28,2026-09-29,liquidity
PHM,2026-09-28,2026-09-30,liquidity
J,2026-09-28,2026-09-30,liquidity
MMSI,2026-09-28,2026-09-30,liquidity
ZLAB,2026-09-28,2026-09-30,liquidity
RBLX,2026-09-28,2026-09-30,liquidity
NKTR,2026-09-28,2026-09-30,liquidity
LPG,2026-09-28,2026-09-30,liquidity
ACGL,2026-09-28,2026-09-30,liquidity
JAAA,2026-09-28,2026-09-29,liquidity
PRU,2026-09-28,2026-09-30,liquidity
JAN,2026-09-28,2026-09-30,liquidity
MMYT,2026-09-28,2026-09-30,liquidity
NJR,2026-09-28,2026-09-30,liquidity
IYZ,2026-09-28,2026-09-29,liquidity
NKE,2026-09-28,2026-09-30,liquidity
OVV,2026-09-28,2026-09-30,liquidity
LOW,2026-09-28,2026-09-30,liquidity
NMRK,2026-09-28,2026-09-30,liquidity
IVZ,2026-09-28,2026-09-30,liquidity
ACHC,2026-09-28,2026-09-30,liquidity
IVW,2026-09-28,2026-09-29,liquidity
OSIS,2026-09-28,2026-09-30,liquidity
LTC,2026-09-28,2026-09-30,liquidity
PRMB,2026-09-28,2026-09-30,liquidity
MLI,2026-09-28,2026-09-30,liquidity
MLM,2026-09-28,2026-09-30,liquidity
RDNT,2026-09-28,2026-09-30,liquidity
NOG,2026-09-28,2026-09-30,liquidity
IWD,2026-09-28,2026-09-29,liquidity
LSTR,2026-09-28,2026-09-30,liquidity
IWC,2026-09-28,2026-09-29,liquidity
IWB,2026-09-28,2026-09-29,liquidity
NOK,2026-09-28,2026-09-30,liquidity
OSK,2026-09-28,2026-09-30,liquidity
NOV,2026-09-28,2026-09-30,liquidity
RDVI,2026-09-28,2026-09-29,liquidity
IVV,2026-09-28,2026-09-29,liquidity
LTM,2026-09-28,2026-09-30,liquidity
RDW,2026-09-28,2026-09-30,liquidity
ACWX,2026-09-28,2026-09-29,liquidity
IVLU,2026-09-28,2026-09-29,liquidity
MKTX,2026-09-28,2026-09-30,liquidity
NOVT,2026-09-28,2026-09-30,liquidity
PII,2026-09-28,2026-09-30,liquidity
LTH,2026-09-28,2026-09-30,liquidity
NOC,2026-09-28,2026-09-30,liquidity
PRM,2026-09-28,2026-09-30,liquidity
AGI,2026-09-28,2026-09-30,liquidity
RDVY,2026-09-28,2026-09-29,liquidity
OSCR,2026-09-28,2026-09-30,liquidity
NOW,2026-09-28,2026-09-30,liquidity
IWY,2026-09-28,2026-09-29,liquidity
IWX,2026-09-28,2026-09-29,liquidity
IWV,2026-09-28,2026-09-29,liquidity
NNE,2026-09-28,2026-09-30,liquidity
OTIS,2026-09-28,2026-09-30,liquidity
RCUS,2026-09-28,2026-09-30,liquidity
IWS,2026-09-28,2026-09-29,liquidity
PI,2026-09-28,2026-09-30,liquidity
PHYS,2026-09-28,2026-09-29,liquidity
MLTX,2026-09-28,2026-09-30,liquidity
LRCX,2026-09-28,2026-09-30,liquidity
NN,2026-09-28,2026-09-30,liquidity
IXC,2026-09-28,2026-09-29,liquidity
IWR,2026-09-28,2026-09-29,liquidity
LRN,2026-09-28,2026-09-30,liquidity
IWMI,2026-09-28,2026-09-29,liquidity
IWM,2026-09-28,2026-09-29,liquidity
LSCC,2026-09-28,2026-09-30,liquidity
NOBL,2026-09-28,2026-09-29,liquidity
RDN,2026-09-28,2026-09-30,liquidity
AGG,2026-09-28,2026-09-29,liquidity
PICK,2026-09-28,2026-09-29,liquidity
MLPX,2026-09-28,2026-09-29,liquidity
NNN,2026-09-28,2026-09-30,liquidity
IWP,2026-09-28,2026-09-29,liquidity
OTEX,2026-09-28,2026-09-30,liquidity
IWO,2026-09-28,2026-09-29,liquidity
IWF,2026-09-28,2026-09-29,liquidity
RDDT,2026-09-28,2026-09-30,liquidity
IWN,2026-09-28,2026-09-29,liquidity
OSW,2026-09-28,2026-09-30,liquidity
NICE,2026-09-28,2026-09-30,liquidity
JPST,2026-09-28,2026-09-29,liquidity
ZION,2026-09-28,2026-09-30,liquidity
LMAT,2026-09-28,2026-09-30,liquidity
LMB,2026-09-28,2026-09-28,liquidity
QUAL,2026-09-28,2026-09-29,liquidity
XYZ,2026-09-28,2026-09-30,liquidity
NET,2026-09-28,2026-09-30,liquidity
QTWO,2026-09-28,2026-09-30,liquidity
PG,2026-09-28,2026-09-30,liquidity
NESR,2026-09-28,2026-09-30,liquidity
JQUA,2026-09-28,2026-09-29,liquidity
LLYVK,2026-09-28,2026-09-30,liquidity
MOO,2026-09-28,2026-09-29,liquidity
MOH,2026-09-28,2026-09-30,liquidity
NEU,2026-09-28,2026-09-30,liquidity
JPM,2026-09-28,2026-09-30,liquidity
MOD,2026-09-28,2026-09-30,liquidity
PSEP,2026-09-28,2026-09-28,liquidity
ABCL,2026-09-28,2026-09-30,liquidity
LMND,2026-09-28,2026-09-30,liquidity
PSI,2026-09-28,2026-09-29,liquidity
PALL,2026-09-28,2026-09-29,liquidity
JOYY,2026-09-28,2026-09-30,liquidity
LMBS,2026-09-28,2026-09-29,liquidity
ZBIO,2026-09-28,2026-09-30,liquidity
MOG.A,2026-09-28,2026-09-30,liquidity
QURE,2026-09-28,2026-09-30,liquidity
MORN,2026-09-28,2026-09-30,liquidity
MP,2026-09-28,2026-09-30,liquidity
KALU,2026-09-28,2026-09-30,liquidity
NEE,2026-09-28,2026-09-30,liquidity
LITZ,2026-09-28,2026-09-29,liquidity
KAI,2026-09-28,2026-09-30,liquidity
PARR,2026-09-28,2026-09-30,liquidity
QSR,2026-09-28,2026-09-30,liquidity
LIVN,2026-09-28,2026-09-30,liquidity
PSMT,2026-09-28,2026-09-30,liquidity
PFSI,2026-09-28,2026-09-30,liquidity
ZIM,2026-09-28,2026-09-30,liquidity
NEAR,2026-09-28,2026-09-29,liquidity
KBE,2026-09-28,2026-09-29,liquidity
PSN,2026-09-28,2026-09-30,liquidity
PATH,2026-09-28,2026-09-30,liquidity
QRVO,2026-09-28,2026-09-30,liquidity
NEBX,2026-09-28,2026-09-29,liquidity
LITX,2026-09-28,2026-09-29,liquidity
NEM,2026-09-28,2026-09-30,liquidity
QTEC,2026-09-28,2026-09-29,liquidity
AEVA,2026-09-28,2026-09-30,liquidity
NEOG,2026-09-28,2026-09-30,liquidity
PANW,2026-09-28,2026-09-30,liquidity
LLY,2026-09-28,2026-09-30,liquidity
ADEA,2026-09-28,2026-09-30,liquidity
QTUM,2026-09-28,2026-09-29,liquidity
LKQ,2026-09-28,2026-09-30,liquidity
JXN,2026-09-28,2026-09-30,liquidity
NEO,2026-09-28,2026-09-30,liquidity
MOS,2026-09-28,2026-09-30,liquidity
PSKY,2026-09-28,2026-09-30,liquidity
LMT,2026-09-28,2026-09-30,liquidity
JEF,2026-09-28,2026-09-30,liquidity
PAA,2026-09-28,2026-09-30,liquidity
PGY,2026-09-28,2026-09-30,liquidity
P,2026-09-28,2026-09-30,liquidity
RAMP,2026-09-28,2026-09-30,liquidity
LOAR,2026-09-28,2026-09-30,liquidity
PGX,2026-09-28,2026-09-29,liquidity
JETS,2026-09-28,2026-09-29,liquidity
MNST,2026-09-28,2026-09-30,liquidity
RAL,2026-09-28,2026-09-30,liquidity
JEPQ,2026-09-28,2026-09-29,liquidity
ABBV,2026-09-28,2026-09-30,liquidity
JEPI,2026-09-28,2026-09-29,liquidity
RAM,2026-09-28,2026-09-29,liquidity
AFL,2026-09-28,2026-09-30,liquidity
NHC,2026-09-28,2026-09-30,liquidity
JD,2026-09-28,2026-09-30,liquidity
AFRM,2026-09-28,2026-09-30,liquidity
JBTM,2026-09-28,2026-09-30,liquidity
LOGI,2026-09-28,2026-09-30,liquidity
NI,2026-09-28,2026-09-30,liquidity
ZBH,2026-09-28,2026-09-30,liquidity
NIC,2026-09-28,2026-09-30,liquidity
OXY,2026-09-28,2026-09-30,liquidity
RARE,2026-09-28,2026-09-30,liquidity
JBS,2026-09-28,2026-09-30,liquidity
PSA,2026-09-28,2026-09-30,liquidity
XYL,2026-09-28,2026-09-30,liquidity
NHI,2026-09-28,2026-09-30,liquidity
OZK,2026-09-28,2026-09-30,liquidity
JCPB,2026-09-28,2026-09-29,liquidity
JCI,2026-09-28,2026-09-30,liquidity
LOFF,2026-09-28,2026-09-29,liquidity
PH,2026-09-28,2026-09-30,liquidity
PAAS,2026-09-28,2026-09-30,liquidity
NGG,2026-09-28,2026-09-30,liquidity
JMKE,2026-09-28,2026-09-30,liquidity
PAG,2026-09-28,2026-09-30,liquidity
R,2026-09-28,2026-09-30,liquidity
JMBS,2026-09-28,2026-09-29,liquidity
PGNY,2026-09-28,2026-09-30,liquidity
JLL,2026-09-28,2026-09-30,liquidity
LNG,2026-09-28,2026-09-30,liquidity
PAGP,2026-09-28,2026-09-30,liquidity
MO,2026-09-28,2026-09-30,liquidity
JNUG,2026-09-28,2026-09-29,liquidity
JNK,2026-09-28,2026-09-29,liquidity
NFG,2026-09-28,2026-09-30,liquidity
MOAT,2026-09-28,2026-09-29,liquidity
NFLX,2026-09-28,2026-09-30,liquidity
QXO,2026-09-28,2026-09-30,liquidity
JMST,2026-09-28,2026-09-29,liquidity
QYLD,2026-09-28,2026-09-29,liquidity
LNC,2026-09-28,2026-09-30,liquidity
JNJ,2026-09-28,2026-09-30,liquidity
LNN,2026-09-28,2026-09-30,liquidity
PGR,2026-09-28,2026-09-30,liquidity
LNT,2026-09-28,2026-09-30,liquidity
LNTH,2026-09-28,2026-09-30,liquidity
RACE,2026-09-28,2026-09-30,liquidity
JHX,2026-09-28,2026-09-30,liquidity
ABCB,2026-09-28,2026-09-30,liquidity
JIRE,2026-09-28,2026-09-29,liquidity
JKHY,2026-09-28,2026-09-30,liquidity
AFG,2026-09-28,2026-09-30,liquidity
PACS,2026-09-28,2026-09-30,liquidity
ADC,2026-09-28,2026-09-30,liquidity
IEMG,2026-09-28,2026-09-29,liquidity
CRCL,2026-09-28,2026-09-30,liquidity
TTC,2026-09-28,2026-09-30,liquidity
CRCG,2026-09-28,2026-09-29,liquidity
TTD,2026-09-28,2026-09-30,liquidity
CRCA,2026-09-28,2026-09-28,liquidity
CRC,2026-09-28,2026-09-30,liquidity
TTE,2026-09-28,2026-09-30,liquidity
CRBG,2026-09-28,2026-09-30,liquidity
CRAK,2026-09-28,2026-09-29,liquidity
TTEK,2026-09-28,2026-09-30,liquidity
CRAI,2026-09-28,2026-09-30,liquidity
CR,2026-09-28,2026-09-30,liquidity
CQQQ,2026-09-28,2026-09-29,liquidity
WSBC,2026-09-28,2026-09-30,liquidity
TTMI,2026-09-28,2026-09-30,liquidity
TSN,2026-09-28,2026-09-30,liquidity
CRM,2026-09-28,2026-09-30,liquidity
WSC,2026-09-28,2026-09-30,liquidity
CRL,2026-09-28,2026-09-30,liquidity
CRK,2026-09-28,2026-09-30,liquidity
CRI,2026-09-28,2026-09-30,liquidity
CRH,2026-09-28,2026-09-30,liquidity
CRGY,2026-09-28,2026-09-30,liquidity
ARGX,2026-09-28,2026-09-30,liquidity
CRDO,2026-09-28,2026-09-30,liquidity
TT,2026-09-28,2026-09-30,liquidity
TTAN,2026-09-28,2026-09-30,liquidity
CPT,2026-09-28,2026-09-30,liquidity
TW,2026-09-28,2026-09-30,liquidity
COWZ,2026-09-28,2026-09-29,liquidity
TWLO,2026-09-28,2026-09-30,liquidity
TWM,2026-09-28,2026-09-29,liquidity
COST,2026-09-28,2026-09-30,liquidity
TWST,2026-09-28,2026-09-30,liquidity
CORZ,2026-09-28,2026-09-30,liquidity
TX,2026-09-28,2026-09-30,liquidity
CORT,2026-09-28,2026-09-30,liquidity
CORO,2026-09-28,2026-09-29,liquidity
TXG,2026-09-28,2026-09-30,liquidity
ARKG,2026-09-28,2026-09-29,liquidity
TVTX,2026-09-28,2026-09-30,liquidity
ARIS,2026-09-28,2026-09-30,liquidity
TTWO,2026-09-28,2026-09-30,liquidity
CPRT,2026-09-28,2026-09-30,liquidity
CPRI,2026-09-28,2026-09-30,liquidity
ARKB,2026-09-28,2026-09-29,liquidity
CPNG,2026-09-28,2026-09-30,liquidity
CPK,2026-09-28,2026-09-30,liquidity
CPER,2026-09-28,2026-09-29,liquidity
CPB,2026-09-28,2026-09-30,liquidity
CPAY,2026-09-28,2026-09-30,liquidity
CPA,2026-09-28,2026-09-30,liquidity
CP,2026-09-28,2026-09-30,liquidity
CTRE,2026-09-28,2026-09-30,liquidity
WSO,2026-09-28,2026-09-30,liquidity
TRU,2026-09-28,2026-09-30,liquidity
TRV,2026-09-28,2026-09-30,liquidity
TRVI,2026-09-28,2026-09-30,liquidity
CTAS,2026-09-28,2026-09-30,liquidity
CTA,2026-09-28,2026-09-29,liquidity
TS,2026-09-28,2026-09-30,liquidity
CSX,2026-09-28,2026-09-30,liquidity
CTRI,2026-09-28,2026-09-30,liquidity
CVBF,2026-09-28,2026-09-30,liquidity
CUZ,2026-09-28,2026-09-30,liquidity
ARCC,2026-09-28,2026-09-30,liquidity
TRNO,2026-09-28,2026-09-30,liquidity
CURB,2026-09-28,2026-09-30,liquidity
WST,2026-09-28,2026-09-30,liquidity
CUBI,2026-09-28,2026-09-30,liquidity
CUBE,2026-09-28,2026-09-30,liquidity
TROW,2026-09-28,2026-09-30,liquidity
CTVA,2026-09-28,2026-09-30,liquidity
TRP,2026-09-28,2026-09-30,liquidity
CTSH,2026-09-28,2026-09-30,liquidity
COR,2026-09-28,2026-09-30,liquidity
WSM,2026-09-28,2026-09-30,liquidity
TSLR,2026-09-28,2026-09-29,liquidity
CRWG,2026-09-28,2026-09-29,liquidity
CRWD,2026-09-28,2026-09-30,liquidity
TSLT,2026-09-28,2026-09-29,liquidity
CRUS,2026-09-28,2026-09-30,liquidity
WSE,2026-09-28,2026-09-30,liquidity
CRSP,2026-09-28,2026-09-30,liquidity
TSLZ,2026-09-28,2026-09-29,liquidity
CRS,2026-09-28,2026-09-30,liquidity
TSM,2026-09-28,2026-09-30,liquidity
CROX,2026-09-28,2026-09-30,liquidity
ARES,2026-09-28,2026-09-30,liquidity
ARE,2026-09-28,2026-09-30,liquidity
TSLQ,2026-09-28,2026-09-29,liquidity
CSTM,2026-09-28,2026-09-30,liquidity
TSCO,2026-09-28,2026-09-30,liquidity
CSR,2026-09-28,2026-09-30,liquidity
CSQR,2026-09-28,2026-09-30,liquidity
TSEM,2026-09-28,2026-09-30,liquidity
CSL,2026-09-28,2026-09-30,liquidity
CSIQ,2026-09-28,2026-09-30,liquidity
CSW,2026-09-28,2026-09-30,liquidity
CSGP,2026-09-28,2026-09-30,liquidity
TSLA,2026-09-28,2026-09-30,liquidity
WSFS,2026-09-28,2026-09-30,liquidity
CSCO,2026-09-28,2026-09-30,liquidity
CRWV,2026-09-28,2026-09-30,liquidity
TXN,2026-09-28,2026-09-30,liquidity
COPX,2026-09-28,2026-09-29,liquidity
CLSK,2026-09-28,2026-09-30,liquidity
ARMK,2026-09-28,2026-09-30,liquidity
CLS,2026-09-28,2026-09-30,liquidity
UHS,2026-09-28,2026-09-30,liquidity
WPM,2026-09-28,2026-09-30,liquidity
CLMT,2026-09-28,2026-09-30,liquidity
UL,2026-09-28,2026-09-30,liquidity
CLIP,2026-09-28,2026-09-29,liquidity
UGL,2026-09-28,2026-09-29,liquidity
CMCSA,2026-09-28,2026-09-30,liquidity
CLH,2026-09-28,2026-09-30,liquidity
CMC,2026-09-28,2026-09-30,liquidity
CMBT,2026-09-28,2026-09-30,liquidity
UFPT,2026-09-28,2026-09-30,liquidity
CM,2026-09-28,2026-09-30,liquidity
CLYM,2026-09-28,2026-09-30,liquidity
CLX,2026-09-28,2026-09-30,liquidity
UGI,2026-09-28,2026-09-30,liquidity
UFPI,2026-09-28,2026-09-30,liquidity
ARMG,2026-09-28,2026-09-29,liquidity
UNF,2026-09-28,2026-09-30,liquidity
WOR,2026-09-28,2026-09-30,liquidity
CIFR,2026-09-28,2026-09-30,liquidity
UNFI,2026-09-28,2026-09-30,liquidity
CIEN,2026-09-28,2026-09-30,liquidity
UNG,2026-09-28,2026-09-29,liquidity
CIBR,2026-09-28,2026-09-29,liquidity
UNH,2026-09-28,2026-09-30,liquidity
CIB,2026-09-28,2026-09-30,liquidity
CI,2026-09-28,2026-09-30,liquidity
CHYM,2026-09-28,2026-09-30,liquidity
CHWY,2026-09-28,2026-09-30,liquidity
CHTR,2026-09-28,2026-09-30,liquidity
CHRW,2026-09-28,2026-09-30,liquidity
UNM,2026-09-28,2026-09-30,liquidity
CIGI,2026-09-28,2026-09-30,liquidity
CLF,2026-09-28,2026-09-30,liquidity
CLDX,2026-09-28,2026-09-30,liquidity
ULS,2026-09-28,2026-09-30,liquidity
AROC,2026-09-28,2026-09-30,liquidity
CLBT,2026-09-28,2026-09-30,liquidity
ULTA,2026-09-28,2026-09-30,liquidity
WPC,2026-09-28,2026-09-30,liquidity
CLBK,2026-09-28,2026-09-30,liquidity
UMAC,2026-09-28,2026-09-30,liquidity
CL,2026-09-28,2026-09-30,liquidity
UMBF,2026-09-28,2026-09-30,liquidity
UMC,2026-09-28,2026-09-30,liquidity
CINF,2026-09-28,2026-09-30,liquidity
CME,2026-09-28,2026-09-30,liquidity
TYRA,2026-09-28,2026-09-30,liquidity
COLB,2026-09-28,2026-09-30,liquidity
TZA,2026-09-28,2026-09-29,liquidity
COKE,2026-09-28,2026-09-30,liquidity
COIN,2026-09-28,2026-09-30,liquidity
U,2026-09-28,2026-09-30,liquidity
COHX,2026-09-28,2026-09-29,liquidity
COHU,2026-09-28,2026-09-30,liquidity
COHR,2026-09-28,2026-09-30,liquidity
COGT,2026-09-28,2026-09-30,liquidity
COF,2026-09-28,2026-09-30,liquidity
UAL,2026-09-28,2026-09-30,liquidity
COCO,2026-09-28,2026-09-30,liquidity
COLD,2026-09-28,2026-09-30,liquidity
COLL,2026-09-28,2026-09-30,liquidity
WRB,2026-09-28,2026-09-30,liquidity
TXNM,2026-09-28,2026-09-30,liquidity
ARKK,2026-09-28,2026-09-29,liquidity
WRBY,2026-09-28,2026-09-30,liquidity
COP,2026-09-28,2026-09-30,liquidity
TXRH,2026-09-28,2026-09-30,liquidity
COO,2026-09-28,2026-09-30,liquidity
TXT,2026-09-28,2026-09-30,liquidity
CON,2026-09-28,2026-09-30,liquidity
TYL,2026-09-28,2026-09-30,liquidity
COLM,2026-09-28,2026-09-30,liquidity
CMF,2026-09-28,2026-09-29,liquidity
CNH,2026-09-28,2026-09-30,liquidity
UCO,2026-09-28,2026-09-29,liquidity
CNC,2026-09-28,2026-09-30,liquidity
CNA,2026-09-28,2026-09-30,liquidity
UCTT,2026-09-28,2026-09-30,liquidity
CMS,2026-09-28,2026-09-30,liquidity
UDOW,2026-09-28,2026-09-29,liquidity
CMPS,2026-09-28,2026-09-30,liquidity
ARM,2026-09-28,2026-09-30,liquidity
UDR,2026-09-28,2026-09-30,liquidity
CMI,2026-09-28,2026-09-30,liquidity
CMG,2026-09-28,2026-09-30,liquidity
CNI,2026-09-28,2026-09-30,liquidity
CNK,2026-09-28,2026-09-30,liquidity
UCB,2026-09-28,2026-09-30,liquidity
UBER,2026-09-28,2026-09-30,liquidity
CNXC,2026-09-28,2026-09-30,liquidity
CNX,2026-09-28,2026-09-30,liquidity
CNS,2026-09-28,2026-09-30,liquidity
CNR,2026-09-28,2026-09-30,liquidity
CNQ,2026-09-28,2026-09-30,liquidity
CNP,2026-09-28,2026-09-30,liquidity
UBS,2026-09-28,2026-09-30,liquidity
CNO,2026-09-28,2026-09-30,liquidity
UBSI,2026-09-28,2026-09-30,liquidity
CNM,2026-09-28,2026-09-30,liquidity
CVCO,2026-09-28,2026-09-30,liquidity
CVE,2026-09-28,2026-09-30,liquidity
ARCB,2026-09-28,2026-09-30,liquidity
TGTX,2026-09-28,2026-09-30,liquidity
TH,2026-09-28,2026-09-30,liquidity
DLTR,2026-09-28,2026-09-30,liquidity
THC,2026-09-28,2026-09-30,liquidity
DLR,2026-09-28,2026-09-30,liquidity
DLO,2026-09-28,2026-09-30,liquidity
THG,2026-09-28,2026-09-30,liquidity
DLLL,2026-09-28,2026-09-29,liquidity
DLB,2026-09-28,2026-09-30,liquidity
APLD,2026-09-28,2026-09-30,liquidity
DKS,2026-09-28,2026-09-30,liquidity
TGT,2026-09-28,2026-09-30,liquidity
TFLO,2026-09-28,2026-09-29,liquidity
DOG,2026-09-28,2026-09-29,liquidity
DOCU,2026-09-28,2026-09-30,liquidity
DOCS,2026-09-28,2026-09-30,liquidity
DOCN,2026-09-28,2026-09-30,liquidity
TFX,2026-09-28,2026-09-30,liquidity
APH,2026-09-28,2026-09-30,liquidity
DNTH,2026-09-28,2026-09-30,liquidity
DNOW,2026-09-28,2026-09-30,liquidity
WULF,2026-09-28,2026-09-30,liquidity
DNLI,2026-09-28,2026-09-30,liquidity
DOC,2026-09-28,2026-09-30,liquidity
DKNG,2026-09-28,2026-09-30,liquidity
THO,2026-09-28,2026-09-30,liquidity
DIHP,2026-09-28,2026-09-29,liquidity
WTV,2026-09-28,2026-09-29,liquidity
DIA,2026-09-28,2026-09-29,liquidity
DHT,2026-09-28,2026-09-30,liquidity
DHR,2026-09-28,2026-09-30,liquidity
DHI,2026-09-28,2026-09-30,liquidity
TIP,2026-09-28,2026-09-29,liquidity
DGX,2026-09-28,2026-09-30,liquidity
APO,2026-09-28,2026-09-30,liquidity
WTTR,2026-09-28,2026-09-30,liquidity
DINO,2026-09-28,2026-09-30,liquidity
DK,2026-09-28,2026-09-30,liquidity
APLE,2026-09-28,2026-09-30,liquidity
THRO,2026-09-28,2026-09-29,liquidity
WTW,2026-09-28,2026-09-30,liquidity
DIVO,2026-09-28,2026-09-29,liquidity
DIVB,2026-09-28,2026-09-29,liquidity
TIGO,2026-09-28,2026-09-30,liquidity
DIS,2026-09-28,2026-09-30,liquidity
DIOD,2026-09-28,2026-09-30,liquidity
TDW,2026-09-28,2026-09-30,liquidity
DTE,2026-09-28,2026-09-30,liquidity
TDY,2026-09-28,2026-09-30,liquidity
DT,2026-09-28,2026-09-30,liquidity
TEAM,2026-09-28,2026-09-30,liquidity
WWD,2026-09-28,2026-09-30,liquidity
TECH,2026-09-28,2026-09-30,liquidity
DSGX,2026-09-28,2026-09-30,liquidity
TECK,2026-09-28,2026-09-30,liquidity
DTM,2026-09-28,2026-09-30,liquidity
TD,2026-09-28,2026-09-30,liquidity
DVN,2026-09-28,2026-09-30,liquidity
TDC,2026-09-28,2026-09-30,liquidity
DVA,2026-09-28,2026-09-30,liquidity
DV,2026-09-28,2026-09-30,liquidity
TDG,2026-09-28,2026-09-30,liquidity
DUST,2026-09-28,2026-09-29,liquidity
TDIV,2026-09-28,2026-09-29,liquidity
TECL,2026-09-28,2026-09-29,liquidity
AOS,2026-09-28,2026-09-30,liquidity
TDS,2026-09-28,2026-09-30,liquidity
DUOL,2026-09-28,2026-09-30,liquidity
DUK,2026-09-28,2026-09-30,liquidity
TFII,2026-09-28,2026-09-30,liquidity
TECS,2026-09-28,2026-09-29,liquidity
APD,2026-09-28,2026-09-30,liquidity
TER,2026-09-28,2026-09-30,liquidity
DPZ,2026-09-28,2026-09-30,liquidity
DPST,2026-09-28,2026-09-29,liquidity
DPC,2026-09-28,2026-09-30,liquidity
TETH,2026-09-28,2026-09-29,liquidity
TEVA,2026-09-28,2026-09-30,liquidity
DOX,2026-09-28,2026-09-30,liquidity
DOW,2026-09-28,2026-09-30,liquidity
TEX,2026-09-28,2026-09-30,liquidity
DOV,2026-09-28,2026-09-30,liquidity
TFC,2026-09-28,2026-09-30,liquidity
DORM,2026-09-28,2026-09-30,liquidity
DOO,2026-09-28,2026-09-30,liquidity
TFI,2026-09-28,2026-09-29,liquidity
APG,2026-09-28,2026-09-30,liquidity
DRAM,2026-09-28,2026-09-29,liquidity
APA,2026-09-28,2026-09-30,liquidity
DRS,2026-09-28,2026-09-30,liquidity
TEL,2026-09-28,2026-09-30,liquidity
TEM,2026-09-28,2026-09-30,liquidity
TEN,2026-09-28,2026-09-30,liquidity
DRIP,2026-09-28,2026-09-29,liquidity
APAM,2026-09-28,2026-09-30,liquidity
TENB,2026-09-28,2026-09-30,liquidity
DRI,2026-09-28,2026-09-30,liquidity
DRH,2026-09-28,2026-09-30,liquidity
TJX,2026-09-28,2026-09-30,liquidity
DAN,2026-09-28,2026-09-30,liquidity
DAL,2026-09-28,2026-09-30,liquidity
TPB,2026-09-28,2026-09-30,liquidity
WTFC,2026-09-28,2026-09-30,liquidity
TPC,2026-09-28,2026-09-30,liquidity
D,2026-09-28,2026-09-30,liquidity
CZR,2026-09-28,2026-09-30,liquidity
TPG,2026-09-28,2026-09-30,liquidity
CYTK,2026-09-28,2026-09-30,liquidity
TPL,2026-09-28,2026-09-30,liquidity
TPR,2026-09-28,2026-09-30,liquidity
CXW,2026-09-28,2026-09-30,liquidity
CXT,2026-09-28,2026-09-30,liquidity
DAPP,2026-09-28,2026-09-29,liquidity
DBEF,2026-09-28,2026-09-29,liquidity
DBC,2026-09-28,2026-09-29,liquidity
DB,2026-09-28,2026-09-30,liquidity
TOST,2026-09-28,2026-09-30,liquidity
DAVE,2026-09-28,2026-09-30,liquidity
TOTL,2026-09-28,2026-09-29,liquidity
DASH,2026-09-28,2026-09-30,liquidity
DAR,2026-09-28,2026-09-30,liquidity
DBA,2026-09-28,2026-09-29,liquidity
CVX,2026-09-28,2026-09-30,liquidity
CVSA,2026-09-28,2026-09-30,liquidity
CVS,2026-09-28,2026-09-30,liquidity
TRGP,2026-09-28,2026-09-30,liquidity
TRI,2026-09-28,2026-09-30,liquidity
CVNA,2026-09-28,2026-09-30,liquidity
CVLT,2026-09-28,2026-09-30,liquidity
WT,2026-09-28,2026-09-30,liquidity
TRLV,2026-09-28,2026-09-30,liquidity
CVI,2026-09-28,2026-09-30,liquidity
TRMB,2026-09-28,2026-09-30,liquidity
TRMD,2026-09-28,2026-09-30,liquidity
TREX,2026-09-28,2026-09-30,liquidity
CW,2026-09-28,2026-09-30,liquidity
TQQQ,2026-09-28,2026-09-29,liquidity
CWVX,2026-09-28,2026-09-29,liquidity
CWT,2026-09-28,2026-09-30,liquidity
CWST,2026-09-28,2026-09-30,liquidity
AR,2026-09-28,2026-09-30,liquidity
CWK,2026-09-28,2026-09-30,liquidity
TRAX,2026-09-28,2026-09-30,liquidity
CWEN,2026-09-28,2026-09-30,liquidity
CWB,2026-09-28,2026-09-29,liquidity
DGRW,2026-09-28,2026-09-29,liquidity
DFIC,2026-09-28,2026-09-29,liquidity
TLT,2026-09-28,2026-09-29,liquidity
APPF,2026-09-28,2026-09-30,liquidity
TLTW,2026-09-28,2026-09-29,liquidity
WTRG,2026-09-28,2026-09-30,liquidity
DFAX,2026-09-28,2026-09-29,liquidity
TM,2026-09-28,2026-09-30,liquidity
DFAU,2026-09-28,2026-09-29,liquidity
DFAT,2026-09-28,2026-09-29,liquidity
DFAS,2026-09-28,2026-09-29,liquidity
APPN,2026-09-28,2026-09-30,liquidity
DFAI,2026-09-28,2026-09-29,liquidity
DFAC,2026-09-28,2026-09-29,liquidity
APP,2026-09-28,2026-09-30,liquidity
DGRO,2026-09-28,2026-09-29,liquidity
DGII,2026-09-28,2026-09-30,liquidity
DG,2026-09-28,2026-09-30,liquidity
TKO,2026-09-28,2026-09-30,liquidity
DFUS,2026-09-28,2026-09-29,liquidity
DFTX,2026-09-28,2026-09-30,liquidity
TLH,2026-09-28,2026-09-29,liquidity
WTS,2026-09-28,2026-09-30,liquidity
TLN,2026-09-28,2026-09-30,liquidity
DFLV,2026-09-28,2026-09-29,liquidity
DFIV,2026-09-28,2026-09-29,liquidity
TKR,2026-09-28,2026-09-30,liquidity
TOL,2026-09-28,2026-09-30,liquidity
TNA,2026-09-28,2026-09-29,liquidity
DD,2026-09-28,2026-09-30,liquidity
TNDM,2026-09-28,2026-09-30,liquidity
DCO,2026-09-28,2026-09-30,liquidity
DCI,2026-09-28,2026-09-30,liquidity
TNET,2026-09-28,2026-09-30,liquidity
APTV,2026-09-28,2026-09-30,liquidity
TNGX,2026-09-28,2026-09-30,liquidity
TNK,2026-09-28,2026-09-30,liquidity
DBX,2026-09-28,2026-09-30,liquidity
TNL,2026-09-28,2026-09-30,liquidity
DBRG,2026-09-28,2026-09-29,liquidity
DBMF,2026-09-28,2026-09-29,liquidity
TMV,2026-09-28,2026-09-29,liquidity
APPS,2026-09-28,2026-09-30,liquidity
TMDX,2026-09-28,2026-09-30,liquidity
DEO,2026-09-28,2026-09-30,liquidity
TMF,2026-09-28,2026-09-29,liquidity
DELL,2026-09-28,2026-09-30,liquidity
TMO,2026-09-28,2026-09-30,liquidity
DECK,2026-09-28,2026-09-30,liquidity
APPX,2026-09-28,2026-09-29,liquidity
DE,2026-09-28,2026-09-30,liquidity
DDOG,2026-09-28,2026-09-30,liquidity
TMUS,2026-09-28,2026-09-30,liquidity
UNP,2026-09-28,2026-09-30,liquidity
CHRD,2026-09-28,2026-09-30,liquidity
VOYA,2026-09-28,2026-09-30,liquidity
VOYG,2026-09-28,2026-09-30,liquidity
BHYP,2026-09-28,2026-09-29,liquidity
VPG,2026-09-28,2026-09-30,liquidity
BHVN,2026-09-28,2026-09-30,liquidity
ATEX,2026-09-28,2026-09-30,liquidity
VPL,2026-09-28,2026-09-29,liquidity
BHP,2026-09-28,2026-09-30,liquidity
VPLS,2026-09-28,2026-09-29,liquidity
BHF,2026-09-28,2026-09-30,liquidity
WING,2026-09-28,2026-09-30,liquidity
VPU,2026-09-28,2026-09-29,liquidity
BHE,2026-09-28,2026-09-30,liquidity
VRDN,2026-09-28,2026-09-30,liquidity
BIDU,2026-09-28,2026-09-30,liquidity
BIIB,2026-09-28,2026-09-30,liquidity
BITO,2026-09-28,2026-09-29,liquidity
VONE,2026-09-28,2026-09-29,liquidity
BITI,2026-09-28,2026-09-29,liquidity
BITB,2026-09-28,2026-09-29,liquidity
VONG,2026-09-28,2026-09-29,liquidity
VONV,2026-09-28,2026-09-29,liquidity
BIRK,2026-09-28,2026-09-30,liquidity
VOO,2026-09-28,2026-09-29,liquidity
BIPC,2026-09-28,2026-09-30,liquidity
BIP,2026-09-28,2026-09-30,liquidity
BGC,2026-09-28,2026-09-30,liquidity
ATEN,2026-09-28,2026-09-30,liquidity
BIO,2026-09-28,2026-09-30,liquidity
BILS,2026-09-28,2026-09-29,liquidity
VOR,2026-09-28,2026-09-30,liquidity
BILL,2026-09-28,2026-09-30,liquidity
VOT,2026-09-28,2026-09-29,liquidity
BILI,2026-09-28,2026-09-30,liquidity
BIL,2026-09-28,2026-09-29,liquidity
VOX,2026-09-28,2026-09-29,liquidity
VOOG,2026-09-28,2026-09-29,liquidity
WHR,2026-09-28,2026-09-30,liquidity
VSEC,2026-09-28,2026-09-30,liquidity
BEAM,2026-09-28,2026-09-30,liquidity
BE,2026-09-28,2026-09-30,liquidity
BDX,2026-09-28,2026-09-30,liquidity
VSH,2026-09-28,2026-09-30,liquidity
VSNT,2026-09-28,2026-09-30,liquidity
BDC,2026-09-28,2026-09-30,liquidity
VSS,2026-09-28,2026-09-29,liquidity
VST,2026-09-28,2026-09-30,liquidity
BCS,2026-09-28,2026-09-30,liquidity
BEKE,2026-09-28,2026-09-30,liquidity
BELFB,2026-09-28,2026-09-30,liquidity
VSAT,2026-09-28,2026-09-30,liquidity
ATI,2026-09-28,2026-09-30,liquidity
VRNS,2026-09-28,2026-09-30,liquidity
BFH,2026-09-28,2026-09-30,liquidity
BFAM,2026-09-28,2026-09-30,liquidity
BF.B,2026-09-28,2026-09-30,liquidity
BG,2026-09-28,2026-09-30,liquidity
VRSK,2026-09-28,2026-09-30,liquidity
VRSN,2026-09-28,2026-09-30,liquidity
BEX,2026-09-28,2026-09-29,liquidity
VRT,2026-09-28,2026-09-30,liquidity
ATKR,2026-09-28,2026-09-30,liquidity
BETA,2026-09-28,2026-09-30,liquidity
BEPC,2026-09-28,2026-09-30,liquidity
VRTX,2026-09-28,2026-09-30,liquidity
BEP,2026-09-28,2026-09-30,liquidity
BEN,2026-09-28,2026-09-30,liquidity
ATEC,2026-09-28,2026-09-30,liquidity
BMNU,2026-09-28,2026-09-29,liquidity
BMNR,2026-09-28,2026-09-30,liquidity
VIXY,2026-09-28,2026-09-29,liquidity
BMI,2026-09-28,2026-09-30,liquidity
VKTX,2026-09-28,2026-09-30,liquidity
ASTS,2026-09-28,2026-09-30,liquidity
VLO,2026-09-28,2026-09-30,liquidity
BLZE,2026-09-28,2026-09-30,liquidity
BLV,2026-09-28,2026-09-29,liquidity
VLTO,2026-09-28,2026-09-30,liquidity
BLSH,2026-09-28,2026-09-30,liquidity
ASTX,2026-09-28,2026-09-28,liquidity
WK,2026-09-28,2026-09-30,liquidity
VLUE,2026-09-28,2026-09-29,liquidity
BMO,2026-09-28,2026-09-30,liquidity
VIR,2026-09-28,2026-09-30,liquidity
BNL,2026-09-28,2026-09-30,liquidity
VIRT,2026-09-28,2026-09-30,liquidity
VIS,2026-09-28,2026-09-29,liquidity
BNDX,2026-09-28,2026-09-29,liquidity
VLY,2026-09-28,2026-09-30,liquidity
BND,2026-09-28,2026-09-29,liquidity
BN,2026-09-28,2026-09-30,liquidity
BMY,2026-09-28,2026-09-30,liquidity
BMRN,2026-09-28,2026-09-30,liquidity
WKC,2026-09-28,2026-09-30,liquidity
VIST,2026-09-28,2026-09-30,liquidity
VMBS,2026-09-28,2026-09-29,liquidity
VNOM,2026-09-28,2026-09-30,liquidity
VNQ,2026-09-28,2026-09-29,liquidity
BKH,2026-09-28,2026-09-30,liquidity
BKE,2026-09-28,2026-09-30,liquidity
BKD,2026-09-28,2026-09-30,liquidity
VNT,2026-09-28,2026-09-30,liquidity
BJRI,2026-09-28,2026-09-30,liquidity
BJ,2026-09-28,2026-09-30,liquidity
VO,2026-09-28,2026-09-29,liquidity
BIZD,2026-09-28,2026-09-29,liquidity
ATAT,2026-09-28,2026-09-30,liquidity
BIV,2026-09-28,2026-09-29,liquidity
VOD,2026-09-28,2026-09-30,liquidity
BITX,2026-09-28,2026-09-29,liquidity
VOE,2026-09-28,2026-09-29,liquidity
BITU,2026-09-28,2026-09-29,liquidity
BKLN,2026-09-28,2026-09-29,liquidity
VNO,2026-09-28,2026-09-30,liquidity
BKNG,2026-09-28,2026-09-30,liquidity
BKR,2026-09-28,2026-09-30,liquidity
BLLN,2026-09-28,2026-09-30,liquidity
VMC,2026-09-28,2026-09-30,liquidity
BLK,2026-09-28,2026-09-30,liquidity
BLFS,2026-09-28,2026-09-30,liquidity
VMI,2026-09-28,2026-09-30,liquidity
BLDR,2026-09-28,2026-09-30,liquidity
VMRK,2026-09-28,2026-09-30,liquidity
WIX,2026-09-28,2026-09-30,liquidity
BLBD,2026-09-28,2026-09-30,liquidity
BL,2026-09-28,2026-09-30,liquidity
BKV,2026-09-28,2026-09-30,liquidity
ASX,2026-09-28,2026-09-30,liquidity
VNLA,2026-09-28,2026-09-29,liquidity
BKU,2026-09-28,2026-09-30,liquidity
BKSY,2026-09-28,2026-09-30,liquidity
BNO,2026-09-28,2026-09-29,liquidity
BCPC,2026-09-28,2026-09-30,liquidity
BCO,2026-09-28,2026-09-30,liquidity
AWK,2026-09-28,2026-09-30,liquidity
AWI,2026-09-28,2026-09-30,liquidity
WBD,2026-09-28,2026-09-30,liquidity
AVY,2026-09-28,2026-09-30,liquidity
WFRD,2026-09-28,2026-09-30,liquidity
WBI,2026-09-28,2026-09-30,liquidity
AVUV,2026-09-28,2026-09-29,liquidity
AVUS,2026-09-28,2026-09-29,liquidity
AVTR,2026-09-28,2026-09-30,liquidity
AVT,2026-09-28,2026-09-30,liquidity
WCC,2026-09-28,2026-09-30,liquidity
AU,2026-09-28,2026-09-30,liquidity
WCLD,2026-09-28,2026-09-29,liquidity
WCN,2026-09-28,2026-09-30,liquidity
WAY,2026-09-28,2026-09-30,liquidity
AX,2026-09-28,2026-09-30,liquidity
AZO,2026-09-28,2026-09-30,liquidity
AZN,2026-09-28,2026-09-30,liquidity
W,2026-09-28,2026-09-30,liquidity
WAB,2026-09-28,2026-09-30,liquidity
AYI,2026-09-28,2026-09-30,liquidity
ATRO,2026-09-28,2026-09-30,liquidity
AYA,2026-09-28,2026-09-30,liquidity
AXTX,2026-09-28,2026-09-29,liquidity
WAFD,2026-09-28,2026-09-30,liquidity
AVPT,2026-09-28,2026-09-30,liquidity
WGMI,2026-09-28,2026-09-29,liquidity
AXTI,2026-09-28,2026-09-30,liquidity
AXTA,2026-09-28,2026-09-30,liquidity
AXSM,2026-09-28,2026-09-30,liquidity
AXS,2026-09-28,2026-09-30,liquidity
AXP,2026-09-28,2026-09-30,liquidity
WAT,2026-09-28,2026-09-30,liquidity
AXON,2026-09-28,2026-09-30,liquidity
AXGN,2026-09-28,2026-09-30,liquidity
WAL,2026-09-28,2026-09-30,liquidity
ATRC,2026-09-28,2026-09-30,liquidity
AVEM,2026-09-28,2026-09-29,liquidity
WEC,2026-09-28,2026-09-30,liquidity
AVDV,2026-09-28,2026-09-29,liquidity
AVDE,2026-09-28,2026-09-29,liquidity
AUGO,2026-09-28,2026-09-30,liquidity
WELL,2026-09-28,2026-09-30,liquidity
AVAV,2026-09-28,2026-09-30,liquidity
AVAH,2026-09-28,2026-09-30,liquidity
WEX,2026-09-28,2026-09-30,liquidity
WERN,2026-09-28,2026-09-30,liquidity
AVA,2026-09-28,2026-09-30,liquidity
WES,2026-09-28,2026-09-30,liquidity
AVGO,2026-09-28,2026-09-30,liquidity
WDAY,2026-09-28,2026-09-30,liquidity
AVNT,2026-09-28,2026-09-30,liquidity
WDC,2026-09-28,2026-09-30,liquidity
WDCX,2026-09-28,2026-09-29,liquidity
WDFC,2026-09-28,2026-09-30,liquidity
AUB,2026-09-28,2026-09-30,liquidity
AVL,2026-09-28,2026-09-29,liquidity
AVGX,2026-09-28,2026-09-29,liquidity
WFC,2026-09-28,2026-09-30,liquidity
AVLV,2026-09-28,2026-09-29,liquidity
VSTS,2026-09-28,2026-09-30,liquidity
BBT,2026-09-28,2026-09-30,liquidity
VTIP,2026-09-28,2026-09-29,liquidity
BBNX,2026-09-28,2026-09-30,liquidity
VTR,2026-09-28,2026-09-30,liquidity
BBJP,2026-09-28,2026-09-29,liquidity
BBIO,2026-09-28,2026-09-30,liquidity
WHD,2026-09-28,2026-09-30,liquidity
VTRS,2026-09-28,2026-09-30,liquidity
BBEU,2026-09-28,2026-09-29,liquidity
VTV,2026-09-28,2026-09-29,liquidity
BBCA,2026-09-28,2026-09-29,liquidity
ATO,2026-09-28,2026-09-30,liquidity
VTI,2026-09-28,2026-09-29,liquidity
BBUS,2026-09-28,2026-09-29,liquidity
VSXY,2026-09-28,2026-09-30,liquidity
VT,2026-09-28,2026-09-29,liquidity
BCI,2026-09-28,2026-09-29,liquidity
BCE,2026-09-28,2026-09-30,liquidity
VTEB,2026-09-28,2026-09-29,liquidity
ATMU,2026-09-28,2026-09-30,liquidity
VTWO,2026-09-28,2026-09-29,liquidity
VTEC,2026-09-28,2026-09-29,liquidity
VTEI,2026-09-28,2026-09-29,liquidity
VTES,2026-09-28,2026-09-29,liquidity
BC,2026-09-28,2026-09-30,liquidity
BBY,2026-09-28,2026-09-30,liquidity
BBWI,2026-09-28,2026-09-30,liquidity
BBVA,2026-09-28,2026-09-30,liquidity
BCC,2026-09-28,2026-09-30,liquidity
AZTA,2026-09-28,2026-09-30,liquidity
BALL,2026-09-28,2026-09-30,liquidity
VXF,2026-09-28,2026-09-29,liquidity
BAI,2026-09-28,2026-09-29,liquidity
VXUS,2026-09-28,2026-09-29,liquidity
BAH,2026-09-28,2026-09-30,liquidity
VXX,2026-09-28,2026-09-29,liquidity
BAC,2026-09-28,2026-09-30,liquidity
BABA,2026-09-28,2026-09-30,liquidity
VYM,2026-09-28,2026-09-29,liquidity
BA,2026-09-28,2026-09-30,liquidity
VYMI,2026-09-28,2026-09-29,liquidity
B,2026-09-28,2026-09-30,liquidity
AZZ,2026-09-28,2026-09-30,liquidity
VZ,2026-09-28,2026-09-30,liquidity
VWOB,2026-09-28,2026-09-29,liquidity
WGS,2026-09-28,2026-09-30,liquidity
VWO,2026-09-28,2026-09-29,liquidity
VUG,2026-09-28,2026-09-29,liquidity
WH,2026-09-28,2026-09-30,liquidity
VUSB,2026-09-28,2026-09-29,liquidity
BAX,2026-09-28,2026-09-30,liquidity
BATRK,2026-09-28,2026-09-30,liquidity
VV,2026-09-28,2026-09-29,liquidity
VVV,2026-09-28,2026-09-30,liquidity
BANR,2026-09-28,2026-09-29,liquidity
VVX,2026-09-28,2026-09-30,liquidity
BAND,2026-09-28,2026-09-30,liquidity
BANC,2026-09-28,2026-09-30,liquidity
BAM,2026-09-28,2026-09-30,liquidity
ATR,2026-09-28,2026-09-30,liquidity
BAP,2026-09-28,2026-09-30,liquidity
VIPS,2026-09-28,2026-09-30,liquidity
USMV,2026-09-28,2026-09-29,liquidity
CC,2026-09-28,2026-09-30,liquidity
CBZ,2026-09-28,2026-09-30,liquidity
USO,2026-09-28,2026-09-29,liquidity
CBT,2026-09-28,2026-09-30,liquidity
CBSH,2026-09-28,2026-09-30,liquidity
CBRS,2026-09-28,2026-09-30,liquidity
CBRL,2026-09-28,2026-09-30,liquidity
USRT,2026-09-28,2026-09-29,liquidity
CBRE,2026-09-28,2026-09-30,liquidity
AS,2026-09-28,2026-09-30,liquidity
CCXI,2026-09-28,2026-09-30,liquidity
ARX,2026-09-28,2026-09-30,liquidity
USFR,2026-09-28,2026-09-29,liquidity
ARXS,2026-09-28,2026-09-30,liquidity
USHY,2026-09-28,2026-09-29,liquidity
USIG,2026-09-28,2026-09-29,liquidity
CCL,2026-09-28,2026-09-30,liquidity
CCK,2026-09-28,2026-09-30,liquidity
CCJ,2026-09-28,2026-09-30,liquidity
CCI,2026-09-28,2026-09-30,liquidity
CCEP,2026-09-28,2026-09-30,liquidity
USFD,2026-09-28,2026-09-30,liquidity
CBOE,2026-09-28,2026-09-30,liquidity
UUP,2026-09-28,2026-09-29,liquidity
CART,2026-09-28,2026-09-30,liquidity
CARR,2026-09-28,2026-09-30,liquidity
CARG,2026-09-28,2026-09-30,liquidity
UUUU,2026-09-28,2026-09-30,liquidity
CAR,2026-09-28,2026-09-30,liquidity
ASH,2026-09-28,2026-09-30,liquidity
UVIX,2026-09-28,2026-09-29,liquidity
CAMT,2026-09-28,2026-09-30,liquidity
CALY,2026-09-28,2026-09-30,liquidity
CALX,2026-09-28,2026-09-30,liquidity
UVXY,2026-09-28,2026-09-29,liquidity
CALM,2026-09-28,2026-09-30,liquidity
CALF,2026-09-28,2026-09-29,liquidity
UTZ,2026-09-28,2026-09-30,liquidity
WMT,2026-09-28,2026-09-30,liquidity
CBC,2026-09-28,2026-09-30,liquidity
UTHR,2026-09-28,2026-09-30,liquidity
ASB,2026-09-28,2026-09-30,liquidity
CB,2026-09-28,2026-09-30,liquidity
CAVA,2026-09-28,2026-09-30,liquidity
CATY,2026-09-28,2026-09-30,liquidity
CAT,2026-09-28,2026-09-30,liquidity
WMS,2026-09-28,2026-09-30,liquidity
CASY,2026-09-28,2026-09-30,liquidity
UTI,2026-09-28,2026-09-30,liquidity
CGUS,2026-09-28,2026-09-29,liquidity
CGON,2026-09-28,2026-09-30,liquidity
CGNX,2026-09-28,2026-09-30,liquidity
UPRO,2026-09-28,2026-09-29,liquidity
CGGR,2026-09-28,2026-09-29,liquidity
UPS,2026-09-28,2026-09-30,liquidity
WOLF,2026-09-28,2026-09-30,liquidity
CGEM,2026-09-28,2026-09-30,liquidity
UPST,2026-09-28,2026-09-30,liquidity
CGDV,2026-09-28,2026-09-29,liquidity
CGAU,2026-09-28,2026-09-30,liquidity
CG,2026-09-28,2026-09-30,liquidity
CFR,2026-09-28,2026-09-30,liquidity
ARTY,2026-09-28,2026-09-29,liquidity
CHAT,2026-09-28,2026-09-29,liquidity
CHPY,2026-09-28,2026-09-29,liquidity
ARQT,2026-09-28,2026-09-30,liquidity
CHKP,2026-09-28,2026-09-30,liquidity
CHH,2026-09-28,2026-09-30,liquidity
CFG,2026-09-28,2026-09-30,liquidity
ARR,2026-09-28,2026-09-30,liquidity
CHEF,2026-09-28,2026-09-30,liquidity
CHE,2026-09-28,2026-09-30,liquidity
CHDN,2026-09-28,2026-09-30,liquidity
CHD,2026-09-28,2026-09-30,liquidity
CEG,2026-09-28,2026-09-30,liquidity
CECO,2026-09-28,2026-09-30,liquidity
CE,2026-09-28,2026-09-30,liquidity
USAR,2026-09-28,2026-09-30,liquidity
ARW,2026-09-28,2026-09-30,liquidity
CDW,2026-09-28,2026-09-30,liquidity
CDP,2026-09-28,2026-09-30,liquidity
CDNS,2026-09-28,2026-09-30,liquidity
ARWR,2026-09-28,2026-09-30,liquidity
USB,2026-09-28,2026-09-30,liquidity
CDNA,2026-09-28,2026-09-30,liquidity
USD,2026-09-28,2026-09-29,liquidity
CDE,2026-09-28,2026-09-30,liquidity
CELC,2026-09-28,2026-09-30,liquidity
URTY,2026-09-28,2026-09-29,liquidity
URA,2026-09-28,2026-09-29,liquidity
CF,2026-09-28,2026-09-30,liquidity
URBN,2026-09-28,2026-09-30,liquidity
URGN,2026-09-28,2026-09-30,liquidity
URI,2026-09-28,2026-09-30,liquidity
CENX,2026-09-28,2026-09-30,liquidity
URNM,2026-09-28,2026-09-29,liquidity
URTH,2026-09-28,2026-09-29,liquidity
CELH,2026-09-28,2026-09-30,liquidity
BNS,2026-09-28,2026-09-30,liquidity
ASHR,2026-09-28,2026-09-29,liquidity
VFH,2026-09-28,2026-09-29,liquidity
VFLO,2026-09-28,2026-09-29,liquidity
BRZE,2026-09-28,2026-09-30,liquidity
BRX,2026-09-28,2026-09-30,liquidity
BRUN,2026-09-28,2026-09-30,liquidity
BROS,2026-09-28,2026-09-30,liquidity
BRO,2026-09-28,2026-09-30,liquidity
VG,2026-09-28,2026-09-30,liquidity
WLK,2026-09-28,2026-09-30,liquidity
BSOL,2026-09-28,2026-09-29,liquidity
BSP,2026-09-28,2026-09-30,liquidity
BTDR,2026-09-28,2026-09-30,liquidity
VERA,2026-09-28,2026-09-30,liquidity
ASO,2026-09-28,2026-09-30,liquidity
BRKR,2026-09-28,2026-09-30,liquidity
BTC,2026-09-28,2026-09-29,liquidity
BSY,2026-09-28,2026-09-30,liquidity
VEU,2026-09-28,2026-09-29,liquidity
BSX,2026-09-28,2026-09-30,liquidity
VFC,2026-09-28,2026-09-30,liquidity
BSV,2026-09-28,2026-09-29,liquidity
BTCI,2026-09-28,2026-09-29,liquidity
VGIT,2026-09-28,2026-09-29,liquidity
VGK,2026-09-28,2026-09-29,liquidity
VICR,2026-09-28,2026-09-30,liquidity
BOOT,2026-09-28,2026-09-30,liquidity
VIG,2026-09-28,2026-09-29,liquidity
BOND,2026-09-28,2026-09-29,liquidity
VIGI,2026-09-28,2026-09-29,liquidity
BOKF,2026-09-28,2026-09-30,liquidity
BOIL,2026-09-28,2026-09-29,liquidity
VIK,2026-09-28,2026-09-30,liquidity
BOH,2026-09-28,2026-09-30,liquidity
BNY,2026-09-28,2026-09-30,liquidity
BNTX,2026-09-28,2026-09-30,liquidity
VICI,2026-09-28,2026-09-30,liquidity
BOTZ,2026-09-28,2026-09-29,liquidity
BOX,2026-09-28,2026-09-30,liquidity
VIAV,2026-09-28,2026-09-30,liquidity
BRK.B,2026-09-28,2026-09-30,liquidity
VGLT,2026-09-28,2026-09-29,liquidity
VGNT,2026-09-28,2026-09-30,liquidity
BRC,2026-09-28,2026-09-30,liquidity
VGSH,2026-09-28,2026-09-29,liquidity
VGT,2026-09-28,2026-09-29,liquidity
ASST,2026-09-28,2026-09-30,liquidity
BR,2026-09-28,2026-09-30,liquidity
BPOP,2026-09-28,2026-09-30,liquidity
VHT,2026-09-28,2026-09-29,liquidity
VIA,2026-09-28,2026-09-30,liquidity
BP,2026-09-28,2026-09-30,liquidity
BOXX,2026-09-28,2026-09-29,liquidity
ASND,2026-09-28,2026-09-30,liquidity
WMB,2026-09-28,2026-09-30,liquidity
BZH,2026-09-28,2026-09-30,liquidity
BZ,2026-09-28,2026-09-30,liquidity
BYD,2026-09-28,2026-09-30,liquidity
VB,2026-09-28,2026-09-29,liquidity
VBK,2026-09-28,2026-09-29,liquidity
BXSL,2026-09-28,2026-09-30,liquidity
BXP,2026-09-28,2026-09-30,liquidity
BXMT,2026-09-28,2026-09-30,liquidity
BXDC,2026-09-28,2026-09-30,liquidity
VBR,2026-09-28,2026-09-29,liquidity
VALE,2026-09-28,2026-09-30,liquidity
C,2026-09-28,2026-09-30,liquidity
CAKE,2026-09-28,2026-09-30,liquidity
CAI,2026-09-28,2026-09-30,liquidity
CAH,2026-09-28,2026-09-30,liquidity
CAG,2026-09-28,2026-09-30,liquidity
WMG,2026-09-28,2026-09-30,liquidity
CAE,2026-09-28,2026-09-30,liquidity
CACI,2026-09-28,2026-09-30,liquidity
CACC,2026-09-28,2026-09-30,liquidity
V,2026-09-28,2026-09-30,liquidity
VAC,2026-09-28,2026-09-30,liquidity
VAL,2026-09-28,2026-09-30,liquidity
WM,2026-09-28,2026-09-30,liquidity
BX,2026-09-28,2026-09-30,liquidity
BURL,2026-09-28,2026-09-30,liquidity
VDE,2026-09-28,2026-09-29,liquidity
VEA,2026-09-28,2026-09-29,liquidity
BUG,2026-09-28,2026-09-29,liquidity
VECO,2026-09-28,2026-09-30,liquidity
ASML,2026-09-28,2026-09-30,liquidity
BUD,2026-09-28,2026-09-30,liquidity
VEEV,2026-09-28,2026-09-30,liquidity
WLTH,2026-09-28,2026-09-30,liquidity
BTU,2026-09-28,2026-09-30,liquidity
BTSG,2026-09-28,2026-09-30,liquidity
BTI,2026-09-28,2026-09-30,liquidity
VDC,2026-09-28,2026-09-29,liquidity
BUSE,2026-09-28,2026-09-30,liquidity
VCYT,2026-09-28,2026-09-30,liquidity
BWXT,2026-09-28,2026-09-30,liquidity
VCEL,2026-09-28,2026-09-28,liquidity
VCIT,2026-09-28,2026-09-29,liquidity
BWIN,2026-09-28,2026-09-30,liquidity
BWET,2026-09-28,2026-09-29,liquidity
VCLT,2026-09-28,2026-09-29,liquidity
VC,2026-09-28,2026-09-30,liquidity
VCRB,2026-09-28,2026-09-29,liquidity
BWA,2026-09-28,2026-09-30,liquidity
VCSH,2026-09-28,2026-09-29,liquidity
WLY,2026-09-28,2026-09-30,liquidity
BVN,2026-09-28,2026-09-30,liquidity
VCTR,2026-09-28,2026-09-30,liquidity
DVY,2026-09-28,2026-09-29,liquidity
GNTX,2026-09-28,2026-09-30,liquidity
SHC,2026-09-28,2026-09-30,liquidity
GNRC,2026-09-28,2026-09-30,liquidity
GNR,2026-09-28,2026-09-29,liquidity
SHEL,2026-09-28,2026-09-30,liquidity
SHLD,2026-09-28,2026-09-29,liquidity
GMED,2026-09-28,2026-09-30,liquidity
GME,2026-09-28,2026-09-30,liquidity
GO,2026-09-28,2026-09-30,liquidity
SHAZ,2026-09-28,2026-09-30,liquidity
ALL,2026-09-28,2026-09-30,liquidity
SGOL,2026-09-28,2026-09-29,liquidity
SGOV,2026-09-28,2026-09-29,liquidity
GOOGL,2026-09-28,2026-09-30,liquidity
SGRY,2026-09-28,2026-09-30,liquidity
ALLE,2026-09-28,2026-09-30,liquidity
GOLF,2026-09-28,2026-09-30,liquidity
GOLD,2026-09-28,2026-09-30,liquidity
SH,2026-09-28,2026-09-29,liquidity
SHAK,2026-09-28,2026-09-30,liquidity
GOOG,2026-09-28,2026-09-30,liquidity
GMAB,2026-09-28,2026-09-30,liquidity
GM,2026-09-28,2026-09-30,liquidity
GLBE,2026-09-28,2026-09-30,liquidity
GL,2026-09-28,2026-09-30,liquidity
GKOS,2026-09-28,2026-09-30,liquidity
GIS,2026-09-28,2026-09-30,liquidity
SIG,2026-09-28,2026-09-30,liquidity
GILD,2026-09-28,2026-09-30,liquidity
SIGI,2026-09-28,2026-09-30,liquidity
GIL,2026-09-28,2026-09-30,liquidity
GIII,2026-09-28,2026-09-30,liquidity
XMTR,2026-09-28,2026-09-30,liquidity
GLD,2026-09-28,2026-09-29,liquidity
SHYG,2026-09-28,2026-09-29,liquidity
GLXY,2026-09-28,2026-09-30,liquidity
SHO,2026-09-28,2026-09-30,liquidity
GLW,2026-09-28,2026-09-30,liquidity
ALLY,2026-09-28,2026-09-30,liquidity
XNCR,2026-09-28,2026-09-30,liquidity
GLPI,2026-09-28,2026-09-30,liquidity
SHOO,2026-09-28,2026-09-30,liquidity
SHOP,2026-09-28,2026-09-30,liquidity
GLOB,2026-09-28,2026-09-30,liquidity
GLNG,2026-09-28,2026-09-30,liquidity
SHV,2026-09-28,2026-09-29,liquidity
GLL,2026-09-28,2026-09-29,liquidity
SHW,2026-09-28,2026-09-30,liquidity
ALM,2026-09-28,2026-09-30,liquidity
SHY,2026-09-28,2026-09-29,liquidity
SEI,2026-09-28,2026-09-30,liquidity
GSG,2026-09-28,2026-09-29,liquidity
SEIC,2026-09-28,2026-09-30,liquidity
ALGT,2026-09-28,2026-09-30,liquidity
GSAT,2026-09-28,2026-09-30,liquidity
GS,2026-09-28,2026-09-30,liquidity
ALH,2026-09-28,2026-09-30,liquidity
GRPN,2026-09-28,2026-09-30,liquidity
GSHD,2026-09-28,2026-09-30,liquidity
XOP,2026-09-28,2026-09-29,liquidity
SDY,2026-09-28,2026-09-29,liquidity
ALGN,2026-09-28,2026-09-30,liquidity
SE,2026-09-28,2026-09-30,liquidity
GSY,2026-09-28,2026-09-29,liquidity
SECZ,2026-09-28,2026-09-30,liquidity
SEDG,2026-09-28,2026-09-30,liquidity
GSLC,2026-09-28,2026-09-29,liquidity
GSK,2026-09-28,2026-09-30,liquidity
SGI,2026-09-28,2026-09-30,liquidity
GPRE,2026-09-28,2026-09-30,liquidity
ALKS,2026-09-28,2026-09-30,liquidity
GPOR,2026-09-28,2026-09-30,liquidity
GPN,2026-09-28,2026-09-30,liquidity
GPIX,2026-09-28,2026-09-29,liquidity
GPIQ,2026-09-28,2026-09-29,liquidity
GPI,2026-09-28,2026-09-30,liquidity
GPGI,2026-09-28,2026-09-30,liquidity
GPCR,2026-09-28,2026-09-30,liquidity
GPC,2026-09-28,2026-09-30,liquidity
ALKT,2026-09-28,2026-09-30,liquidity
SGHC,2026-09-28,2026-09-30,liquidity
GOVT,2026-09-28,2026-09-29,liquidity
SFNC,2026-09-28,2026-09-30,liquidity
GRND,2026-09-28,2026-09-30,liquidity
GRMN,2026-09-28,2026-09-30,liquidity
SEZL,2026-09-28,2026-09-30,liquidity
GRID,2026-09-28,2026-09-29,liquidity
SF,2026-09-28,2026-09-30,liquidity
GRNY,2026-09-28,2026-09-29,liquidity
XOM,2026-09-28,2026-09-30,liquidity
GRDN,2026-09-28,2026-09-30,liquidity
SFD,2026-09-28,2026-09-30,liquidity
GRBK,2026-09-28,2026-09-30,liquidity
GRAL,2026-09-28,2026-09-30,liquidity
SFL,2026-09-28,2026-09-30,liquidity
SFM,2026-09-28,2026-09-30,liquidity
ALK,2026-09-28,2026-09-30,liquidity
SFBS,2026-09-28,2026-09-30,liquidity
GTES,2026-09-28,2026-09-30,liquidity
SLM,2026-09-28,2026-09-30,liquidity
ALV,2026-09-28,2026-09-30,liquidity
XLY,2026-09-28,2026-09-29,liquidity
FXI,2026-09-28,2026-09-29,liquidity
SLS,2026-09-28,2026-09-30,liquidity
SLAB,2026-09-28,2026-09-30,liquidity
SLB,2026-09-28,2026-09-30,liquidity
SLDE,2026-09-28,2026-09-30,liquidity
FWONK,2026-09-28,2026-09-30,liquidity
G,2026-09-28,2026-09-30,liquidity
SLF,2026-09-28,2026-09-30,liquidity
SLG,2026-09-28,2026-09-30,liquidity
SLGN,2026-09-28,2026-09-30,liquidity
GAP,2026-09-28,2026-09-30,liquidity
FTV,2026-09-28,2026-09-30,liquidity
SMCI,2026-09-28,2026-09-30,liquidity
FTSM,2026-09-28,2026-09-29,liquidity
FTS,2026-09-28,2026-09-30,liquidity
SMCX,2026-09-28,2026-09-29,liquidity
AMAT,2026-09-28,2026-09-30,liquidity
FTRE,2026-09-28,2026-09-30,liquidity
FTNT,2026-09-28,2026-09-30,liquidity
FTI,2026-09-28,2026-09-30,liquidity
SMFG,2026-09-28,2026-09-30,liquidity
FTXL,2026-09-28,2026-09-29,liquidity
FTXN,2026-09-28,2026-09-29,liquidity
XLV,2026-09-28,2026-09-29,liquidity
FVD,2026-09-28,2026-09-29,liquidity
FUTY,2026-09-28,2026-09-29,liquidity
FUTU,2026-09-28,2026-09-30,liquidity
SLV,2026-09-28,2026-09-29,liquidity
FUN,2026-09-28,2026-09-30,liquidity
SLYV,2026-09-28,2026-09-29,liquidity
FULT,2026-09-28,2026-09-30,liquidity
AM,2026-09-28,2026-09-30,liquidity
SM,2026-09-28,2026-09-30,liquidity
FUL,2026-09-28,2026-09-30,liquidity
SMA,2026-09-28,2026-09-30,liquidity
XLU,2026-09-28,2026-09-29,liquidity
SKYY,2026-09-28,2026-09-29,liquidity
SKYW,2026-09-28,2026-09-30,liquidity
SIVR,2026-09-28,2026-09-29,liquidity
GEV,2026-09-28,2026-09-30,liquidity
ALRM,2026-09-28,2026-09-30,liquidity
SJM,2026-09-28,2026-09-30,liquidity
SJNK,2026-09-28,2026-09-29,liquidity
GEO,2026-09-28,2026-09-30,liquidity
GEN,2026-09-28,2026-09-30,liquidity
GFF,2026-09-28,2026-09-30,liquidity
GFI,2026-09-28,2026-09-30,liquidity
GIB,2026-09-28,2026-09-30,liquidity
SIL,2026-09-28,2026-09-29,liquidity
SILJ,2026-09-28,2026-09-29,liquidity
ALNT,2026-09-28,2026-09-30,liquidity
SIMO,2026-09-28,2026-09-30,liquidity
GH,2026-09-28,2026-09-30,liquidity
GGLL,2026-09-28,2026-09-29,liquidity
SIRI,2026-09-28,2026-09-30,liquidity
GGG,2026-09-28,2026-09-30,liquidity
XMMO,2026-09-28,2026-09-29,liquidity
GGAL,2026-09-28,2026-09-30,liquidity
SITE,2026-09-28,2026-09-30,liquidity
GFS,2026-09-28,2026-09-30,liquidity
SITM,2026-09-28,2026-09-30,liquidity
GFL,2026-09-28,2026-09-30,liquidity
ALNY,2026-09-28,2026-09-30,liquidity
SKT,2026-09-28,2026-09-30,liquidity
SKUU,2026-09-28,2026-09-29,liquidity
SKWD,2026-09-28,2026-09-30,liquidity
SKY,2026-09-28,2026-09-30,liquidity
GBTC,2026-09-28,2026-09-29,liquidity
GBIL,2026-09-28,2026-09-29,liquidity
GBCI,2026-09-28,2026-09-30,liquidity
GATX,2026-09-28,2026-09-30,liquidity
GCT,2026-09-28,2026-09-30,liquidity
XME,2026-09-28,2026-09-29,liquidity
GEHC,2026-09-28,2026-09-30,liquidity
GEF,2026-09-28,2026-09-30,liquidity
GE,2026-09-28,2026-09-30,liquidity
ALSN,2026-09-28,2026-09-30,liquidity
GDXJ,2026-09-28,2026-09-29,liquidity
SKHX,2026-09-28,2026-09-29,liquidity
GDX,2026-09-28,2026-09-29,liquidity
SKHY,2026-09-28,2026-09-30,liquidity
GDDY,2026-09-28,2026-09-30,liquidity
GD,2026-09-28,2026-09-30,liquidity
SKM,2026-09-28,2026-09-30,liquidity
GDS,2026-09-28,2026-09-30,liquidity
SDVY,2026-09-28,2026-09-29,liquidity
GTLB,2026-09-28,2026-09-30,liquidity
HUT,2026-09-28,2026-09-30,liquidity
HURN,2026-09-28,2026-09-30,liquidity
AIRR,2026-09-28,2026-09-29,liquidity
HUM,2026-09-28,2026-09-30,liquidity
HUBS,2026-09-28,2026-09-30,liquidity
HUBG,2026-09-28,2026-09-30,liquidity
RXO,2026-09-28,2026-09-30,liquidity
HUBB,2026-09-28,2026-09-30,liquidity
HTO,2026-09-28,2026-09-30,liquidity
HYLB,2026-09-28,2026-09-29,liquidity
HYG,2026-09-28,2026-09-29,liquidity
RVTY,2026-09-28,2026-09-30,liquidity
HYD,2026-09-28,2026-09-29,liquidity
HXL,2026-09-28,2026-09-30,liquidity
RWL,2026-09-28,2026-09-29,liquidity
HWM,2026-09-28,2026-09-30,liquidity
HWKN,2026-09-28,2026-09-30,liquidity
RWM,2026-09-28,2026-09-29,liquidity
HWC,2026-09-28,2026-09-30,liquidity
HYMB,2026-09-28,2026-09-29,liquidity
HTHT,2026-09-28,2026-09-30,liquidity
HRL,2026-09-28,2026-09-30,liquidity
HRI,2026-09-28,2026-09-30,liquidity
AIT,2026-09-28,2026-09-30,liquidity
HRB,2026-09-28,2026-09-30,liquidity
HR,2026-09-28,2026-09-30,liquidity
S,2026-09-28,2026-09-30,liquidity
HQY,2026-09-28,2026-09-30,liquidity
HPQ,2026-09-28,2026-09-30,liquidity
HPE,2026-09-28,2026-09-30,liquidity
HP,2026-09-28,2026-09-30,liquidity
HRMY,2026-09-28,2026-09-30,liquidity
AIS,2026-09-28,2026-09-29,liquidity
HTGC,2026-09-28,2026-09-30,liquidity
RYAAY,2026-09-28,2026-09-30,liquidity
HTFL,2026-09-28,2026-09-30,liquidity
RYAN,2026-09-28,2026-09-30,liquidity
HSY,2026-09-28,2026-09-30,liquidity
HST,2026-09-28,2026-09-30,liquidity
RY,2026-09-28,2026-09-30,liquidity
HSIC,2026-09-28,2026-09-30,liquidity
RYN,2026-09-28,2026-09-30,liquidity
HSBC,2026-09-28,2026-09-30,liquidity
RYTM,2026-09-28,2026-09-30,liquidity
HSAI,2026-09-28,2026-09-29,liquidity
RVMD,2026-09-28,2026-09-30,liquidity
RRX,2026-09-28,2026-09-30,liquidity
IDEF,2026-09-28,2026-09-29,liquidity
RS,2026-09-28,2026-09-30,liquidity
IDCC,2026-09-28,2026-09-30,liquidity
IDA,2026-09-28,2026-09-30,liquidity
RSG,2026-09-28,2026-09-30,liquidity
ICVT,2026-09-28,2026-09-29,liquidity
ICUI,2026-09-28,2026-09-30,liquidity
RSI,2026-09-28,2026-09-30,liquidity
ICSH,2026-09-28,2026-09-29,liquidity
RSP,2026-09-28,2026-09-29,liquidity
ICLR,2026-09-28,2026-09-30,liquidity
ICLN,2026-09-28,2026-09-29,liquidity
ICHR,2026-09-28,2026-09-30,liquidity
ICE,2026-09-28,2026-09-30,liquidity
IDEV,2026-09-28,2026-09-29,liquidity
RRR,2026-09-28,2026-09-30,liquidity
IEI,2026-09-28,2026-09-29,liquidity
RPD,2026-09-28,2026-09-30,liquidity
IEFA,2026-09-28,2026-09-29,liquidity
IEF,2026-09-28,2026-09-29,liquidity
IE,2026-09-28,2026-09-29,liquidity
RPM,2026-09-28,2026-09-30,liquidity
IDYA,2026-09-28,2026-09-30,liquidity
IDXX,2026-09-28,2026-09-30,liquidity
RPRX,2026-09-28,2026-09-30,liquidity
IDV,2026-09-28,2026-09-29,liquidity
AIG,2026-09-28,2026-09-30,liquidity
IDU,2026-09-28,2026-09-29,liquidity
RRC,2026-09-28,2026-09-30,liquidity
HYMC,2026-09-28,2026-09-30,liquidity
IAU,2026-09-28,2026-09-29,liquidity
RTO,2026-09-28,2026-09-30,liquidity
RTX,2026-09-28,2026-09-30,liquidity
IAGG,2026-09-28,2026-09-29,liquidity
IAG,2026-09-28,2026-09-30,liquidity
HZO,2026-09-28,2026-09-30,liquidity
AIR,2026-09-28,2026-09-30,liquidity
RUSHA,2026-09-28,2026-09-30,liquidity
XRP,2026-09-28,2026-09-29,liquidity
AIQ,2026-09-28,2026-09-29,liquidity
IBB,2026-09-28,2026-09-29,liquidity
IBP,2026-09-28,2026-09-30,liquidity
RSPN,2026-09-28,2026-09-29,liquidity
IBOC,2026-09-28,2026-09-30,liquidity
IBN,2026-09-28,2026-09-30,liquidity
RSPT,2026-09-28,2026-09-29,liquidity
IBKR,2026-09-28,2026-09-30,liquidity
IBIT,2026-09-28,2026-09-29,liquidity
AIPO,2026-09-28,2026-09-29,liquidity
IBM,2026-09-28,2026-09-30,liquidity
HBAN,2026-09-28,2026-09-30,liquidity
SCHR,2026-09-28,2026-09-29,liquidity
HAYW,2026-09-28,2026-09-30,liquidity
HAWK,2026-09-28,2026-09-30,liquidity
SCHV,2026-09-28,2026-09-29,liquidity
SCHW,2026-09-28,2026-09-30,liquidity
HASI,2026-09-28,2026-09-30,liquidity
SCHX,2026-09-28,2026-09-29,liquidity
HAS,2026-09-28,2026-09-30,liquidity
HAPN,2026-09-28,2026-09-30,liquidity
SCHZ,2026-09-28,2026-09-29,liquidity
HALO,2026-09-28,2026-09-30,liquidity
SCI,2026-09-28,2026-09-30,liquidity
HAL,2026-09-28,2026-09-30,liquidity
ALB,2026-09-28,2026-09-30,liquidity
SCHP,2026-09-28,2026-09-29,liquidity
SCHF,2026-09-28,2026-09-29,liquidity
HDB,2026-09-28,2026-09-30,liquidity
HD,2026-09-28,2026-09-30,liquidity
SCHG,2026-09-28,2026-09-29,liquidity
SCHH,2026-09-28,2026-09-29,liquidity
SCHI,2026-09-28,2026-09-29,liquidity
HCI,2026-09-28,2026-09-30,liquidity
HCA,2026-09-28,2026-09-30,liquidity
SCHK,2026-09-28,2026-09-29,liquidity
ALAB,2026-09-28,2026-09-30,liquidity
SCHM,2026-09-28,2026-09-29,liquidity
HBM,2026-09-28,2026-09-30,liquidity
SCHO,2026-09-28,2026-09-29,liquidity
HCC,2026-09-28,2026-09-30,liquidity
SCHE,2026-09-28,2026-09-29,liquidity
GWRE,2026-09-28,2026-09-30,liquidity
ALG,2026-09-28,2026-09-30,liquidity
SDGR,2026-09-28,2026-09-30,liquidity
GVA,2026-09-28,2026-09-30,liquidity
XOVR,2026-09-28,2026-09-29,liquidity
GUSH,2026-09-28,2026-09-29,liquidity
SDOW,2026-09-28,2026-09-29,liquidity
GTY,2026-09-28,2026-09-30,liquidity
GTX,2026-09-28,2026-09-30,liquidity
SDRL,2026-09-28,2026-09-30,liquidity
ALGM,2026-09-28,2026-09-30,liquidity
SDS,2026-09-28,2026-09-29,liquidity
GWW,2026-09-28,2026-09-30,liquidity
HACK,2026-09-28,2026-09-29,liquidity
H,2026-09-28,2026-09-30,liquidity
ALC,2026-09-28,2026-09-30,liquidity
SCO,2026-09-28,2026-09-29,liquidity
HAE,2026-09-28,2026-09-30,liquidity
SCYB,2026-09-28,2026-09-29,liquidity
XP,2026-09-28,2026-09-30,liquidity
GXO,2026-09-28,2026-09-30,liquidity
SCZ,2026-09-28,2026-09-29,liquidity
HLT,2026-09-28,2026-09-30,liquidity
XPO,2026-09-28,2026-09-30,liquidity
HLNE,2026-09-28,2026-09-30,liquidity
SARO,2026-09-28,2026-09-30,liquidity
HLIO,2026-09-28,2026-09-30,liquidity
SATA,2026-09-28,2026-09-30,liquidity
HLI,2026-09-28,2026-09-30,liquidity
HLF,2026-09-28,2026-09-28,liquidity
HL,2026-09-28,2026-09-30,liquidity
AIZ,2026-09-28,2026-09-30,liquidity
HIW,2026-09-28,2026-09-30,liquidity
SBAC,2026-09-28,2026-09-30,liquidity
HMC,2026-09-28,2026-09-30,liquidity
SAP,2026-09-28,2026-09-30,liquidity
SAH,2026-09-28,2026-09-30,liquidity
HOOD,2026-09-28,2026-09-30,liquidity
SAIA,2026-09-28,2026-09-30,liquidity
HONA,2026-09-28,2026-09-30,liquidity
SAIC,2026-09-28,2026-09-30,liquidity
HON,2026-09-28,2026-09-30,liquidity
SAIL,2026-09-28,2026-09-30,liquidity
HOMB,2026-09-28,2026-09-30,liquidity
HOG,2026-09-28,2026-09-30,liquidity
SAN,2026-09-28,2026-09-30,liquidity
HNI,2026-09-28,2026-09-30,liquidity
HNGE,2026-09-28,2026-09-30,liquidity
SANM,2026-09-28,2026-09-30,liquidity
HMY,2026-09-28,2026-09-30,liquidity
SAM,2026-09-28,2026-09-30,liquidity
SCHD,2026-09-28,2026-09-29,liquidity
SBSW,2026-09-28,2026-09-30,liquidity
HELP,2026-09-28,2026-09-30,liquidity
SBUX,2026-09-28,2026-09-30,liquidity
AKR,2026-09-28,2026-09-30,liquidity
HEI.A,2026-09-28,2026-09-30,liquidity
HEI,2026-09-28,2026-09-30,liquidity
SCCO,2026-09-28,2026-09-30,liquidity
HEFA,2026-09-28,2026-09-29,liquidity
SCHA,2026-09-28,2026-09-29,liquidity
SCHB,2026-09-28,2026-09-29,liquidity
HDV,2026-09-28,2026-09-29,liquidity
HESM,2026-09-28,2026-09-30,liquidity
HIMS,2026-09-28,2026-09-30,liquidity
SBCF,2026-09-28,2026-09-30,liquidity
HII,2026-09-28,2026-09-30,liquidity
AJG,2026-09-28,2026-09-30,liquidity
HIG,2026-09-28,2026-09-30,liquidity
SBH,2026-09-28,2026-09-30,liquidity
HHH,2026-09-28,2026-09-30,liquidity
AKAM,2026-09-28,2026-09-30,liquidity
HGER,2026-09-28,2026-09-29,liquidity
SBIT,2026-09-28,2026-09-29,liquidity
SBLK,2026-09-28,2026-09-30,liquidity
SBRA,2026-09-28,2026-09-30,liquidity
HGV,2026-09-28,2026-09-30,liquidity
SMG,2026-09-28,2026-09-30,liquidity
ESLT,2026-09-28,2026-09-30,liquidity
ESI,2026-09-28,2026-09-30,liquidity
ESGV,2026-09-28,2026-09-29,liquidity
ESGU,2026-09-28,2026-09-29,liquidity
ESGE,2026-09-28,2026-09-29,liquidity
STLD,2026-09-28,2026-09-30,liquidity
ESGD,2026-09-28,2026-09-29,liquidity
ESE,2026-09-28,2026-09-30,liquidity
ESAB,2026-09-28,2026-09-30,liquidity
STM,2026-09-28,2026-09-30,liquidity
ES,2026-09-28,2026-09-30,liquidity
STN,2026-09-28,2026-09-30,liquidity
ERX,2026-09-28,2026-09-29,liquidity
EROC,2026-09-28,2026-09-30,liquidity
STNG,2026-09-28,2026-09-30,liquidity
ERO,2026-09-28,2026-09-30,liquidity
AMZU,2026-09-28,2026-09-29,liquidity
ESNT,2026-09-28,2026-09-30,liquidity
STE,2026-09-28,2026-09-30,liquidity
ETHU,2026-09-28,2026-09-29,liquidity
ETHT,2026-09-28,2026-09-29,liquidity
STEP,2026-09-28,2026-09-30,liquidity
ETHE,2026-09-28,2026-09-29,liquidity
ETHD,2026-09-28,2026-09-29,liquidity
ETHB,2026-09-28,2026-09-29,liquidity
ETHA,2026-09-28,2026-09-29,liquidity
ETH,2026-09-28,2026-09-29,liquidity
ET,2026-09-28,2026-09-30,liquidity
ESTC,2026-09-28,2026-09-30,liquidity
ESTA,2026-09-28,2026-09-30,liquidity
ESS,2026-09-28,2026-09-30,liquidity
STIP,2026-09-28,2026-09-29,liquidity
ETN,2026-09-28,2026-09-30,liquidity
STOK,2026-09-28,2026-09-30,liquidity
EPRT,2026-09-28,2026-09-30,liquidity
EPR,2026-09-28,2026-09-30,liquidity
STWD,2026-09-28,2026-09-30,liquidity
ANAB,2026-09-28,2026-09-30,liquidity
STX,2026-09-28,2026-09-30,liquidity
EPD,2026-09-28,2026-09-30,liquidity
EPAM,2026-09-28,2026-09-30,liquidity
ANDE,2026-09-28,2026-09-30,liquidity
EOG,2026-09-28,2026-09-30,liquidity
ERAS,2026-09-28,2026-09-30,liquidity
STRA,2026-09-28,2026-09-30,liquidity
EQX,2026-09-28,2026-09-30,liquidity
STRC,2026-09-28,2026-09-30,liquidity
EQT,2026-09-28,2026-09-30,liquidity
EQPT,2026-09-28,2026-09-30,liquidity
EQNR,2026-09-28,2026-09-30,liquidity
ERIE,2026-09-28,2026-09-30,liquidity
STRL,2026-09-28,2026-09-30,liquidity
EQIX,2026-09-28,2026-09-30,liquidity
EQH,2026-09-28,2026-09-30,liquidity
AN,2026-09-28,2026-09-30,liquidity
STT,2026-09-28,2026-09-30,liquidity
ETON,2026-09-28,2026-09-30,liquidity
SRRK,2026-09-28,2026-09-30,liquidity
EWU,2026-09-28,2026-09-29,liquidity
EWTX,2026-09-28,2026-09-30,liquidity
EWT,2026-09-28,2026-09-29,liquidity
EWS,2026-09-28,2026-09-29,liquidity
EWP,2026-09-28,2026-09-29,liquidity
SRTY,2026-09-28,2026-09-29,liquidity
EWL,2026-09-28,2026-09-29,liquidity
EWJ,2026-09-28,2026-09-29,liquidity
SRZN,2026-09-28,2026-09-30,liquidity
EWH,2026-09-28,2026-09-29,liquidity
SSB,2026-09-28,2026-09-30,liquidity
EWG,2026-09-28,2026-09-29,liquidity
EWW,2026-09-28,2026-09-29,liquidity
SRPT,2026-09-28,2026-09-30,liquidity
EXTR,2026-09-28,2026-09-30,liquidity
EXR,2026-09-28,2026-09-30,liquidity
SR,2026-09-28,2026-09-30,liquidity
EXPO,2026-09-28,2026-09-30,liquidity
SRAD,2026-09-28,2026-09-30,liquidity
EXPE,2026-09-28,2026-09-30,liquidity
EXPD,2026-09-28,2026-09-30,liquidity
EXP,2026-09-28,2026-09-30,liquidity
EXLS,2026-09-28,2026-09-30,liquidity
SRE,2026-09-28,2026-09-30,liquidity
AMTM,2026-09-28,2026-09-30,liquidity
EXEL,2026-09-28,2026-09-30,liquidity
XE,2026-09-28,2026-09-30,liquidity
EXE,2026-09-28,2026-09-30,liquidity
EXC,2026-09-28,2026-09-30,liquidity
EWZ,2026-09-28,2026-09-29,liquidity
EWY,2026-09-28,2026-09-29,liquidity
SRLN,2026-09-28,2026-09-29,liquidity
AMX,2026-09-28,2026-09-30,liquidity
EWC,2026-09-28,2026-09-29,liquidity
ST,2026-09-28,2026-09-30,liquidity
EUFN,2026-09-28,2026-09-29,liquidity
STAA,2026-09-28,2026-09-30,liquidity
STAG,2026-09-28,2026-09-30,liquidity
AMZN,2026-09-28,2026-09-30,liquidity
ETSY,2026-09-28,2026-09-30,liquidity
ETR,2026-09-28,2026-09-30,liquidity
ETOR,2026-09-28,2026-09-30,liquidity
EWBC,2026-09-28,2026-09-30,liquidity
EWA,2026-09-28,2026-09-29,liquidity
EW,2026-09-28,2026-09-30,liquidity
SSL,2026-09-28,2026-09-30,liquidity
SSNC,2026-09-28,2026-09-30,liquidity
EVRG,2026-09-28,2026-09-30,liquidity
EVR,2026-09-28,2026-09-30,liquidity
SSD,2026-09-28,2026-09-30,liquidity
SSO,2026-09-28,2026-09-29,liquidity
SSRM,2026-09-28,2026-09-30,liquidity
SQQQ,2026-09-28,2026-09-29,liquidity
ENVA,2026-09-28,2026-09-30,liquidity
EDV,2026-09-28,2026-09-29,liquidity
EDU,2026-09-28,2026-09-30,liquidity
TAK,2026-09-28,2026-09-30,liquidity
TAL,2026-09-28,2026-09-30,liquidity
TALO,2026-09-28,2026-09-30,liquidity
TAN,2026-09-28,2026-09-29,liquidity
ED,2026-09-28,2026-09-30,liquidity
TAP,2026-09-28,2026-09-30,liquidity
ECPG,2026-09-28,2026-09-30,liquidity
ECO,2026-09-28,2026-09-30,liquidity
WYFI,2026-09-28,2026-09-30,liquidity
TARS,2026-09-28,2026-09-30,liquidity
WYNN,2026-09-28,2026-09-30,liquidity
SYM,2026-09-28,2026-09-30,liquidity
EFAV,2026-09-28,2026-09-29,liquidity
SYNA,2026-09-28,2026-09-30,liquidity
EFA,2026-09-28,2026-09-29,liquidity
SYRE,2026-09-28,2026-09-30,liquidity
ECL,2026-09-28,2026-09-30,liquidity
SYY,2026-09-28,2026-09-30,liquidity
T,2026-09-28,2026-09-30,liquidity
EEM,2026-09-28,2026-09-29,liquidity
TAC,2026-09-28,2026-09-30,liquidity
EEFT,2026-09-28,2026-09-30,liquidity
ECHO,2026-09-28,2026-09-30,liquidity
AON,2026-09-28,2026-09-30,liquidity
TCBI,2026-09-28,2026-09-30,liquidity
DY,2026-09-28,2026-09-30,liquidity
DXYZ,2026-09-28,2026-09-29,liquidity
DXPE,2026-09-28,2026-09-30,liquidity
DXJ,2026-09-28,2026-09-29,liquidity
DXD,2026-09-28,2026-09-29,liquidity
DXCM,2026-09-28,2026-09-30,liquidity
DXC,2026-09-28,2026-09-30,liquidity
DX,2026-09-28,2026-09-30,liquidity
TCOM,2026-09-28,2026-09-30,liquidity
AOR,2026-09-28,2026-09-29,liquidity
DYN,2026-09-28,2026-09-30,liquidity
TCAF,2026-09-28,2026-09-29,liquidity
TBBB,2026-09-28,2026-09-30,liquidity
ECG,2026-09-28,2026-09-30,liquidity
TBBK,2026-09-28,2026-09-30,liquidity
EC,2026-09-28,2026-09-30,liquidity
EBC,2026-09-28,2026-09-30,liquidity
TBIL,2026-09-28,2026-09-29,liquidity
EAT,2026-09-28,2026-09-30,liquidity
WY,2026-09-28,2026-09-30,liquidity
DYNF,2026-09-28,2026-09-29,liquidity
EBAY,2026-09-28,2026-09-30,liquidity
EFG,2026-09-28,2026-09-29,liquidity
EMN,2026-09-28,2026-09-30,liquidity
XAR,2026-09-28,2026-09-29,liquidity
EMLC,2026-09-28,2026-09-29,liquidity
EME,2026-09-28,2026-09-30,liquidity
EMBJ,2026-09-28,2026-09-30,liquidity
EMB,2026-09-28,2026-09-29,liquidity
ELVN,2026-09-28,2026-09-30,liquidity
ANGL,2026-09-28,2026-09-29,liquidity
ELV,2026-09-28,2026-09-30,liquidity
SUPN,2026-09-28,2026-09-30,liquidity
ANF,2026-09-28,2026-09-30,liquidity
ENTG,2026-09-28,2026-09-30,liquidity
STZ,2026-09-28,2026-09-30,liquidity
ANET,2026-09-28,2026-09-30,liquidity
ENSG,2026-09-28,2026-09-30,liquidity
SU,2026-09-28,2026-09-30,liquidity
ENS,2026-09-28,2026-09-30,liquidity
ENR,2026-09-28,2026-09-28,liquidity
SUI,2026-09-28,2026-09-30,liquidity
ENPH,2026-09-28,2026-09-30,liquidity
ENOV,2026-09-28,2026-09-30,liquidity
XBI,2026-09-28,2026-09-29,liquidity
SUN,2026-09-28,2026-09-30,liquidity
SUNB,2026-09-28,2026-09-30,liquidity
SUNC,2026-09-28,2026-09-30,liquidity
ENB,2026-09-28,2026-09-30,liquidity
EMXC,2026-09-28,2026-09-29,liquidity
EMR,2026-09-28,2026-09-30,liquidity
SVIX,2026-09-28,2026-09-29,liquidity
SWKS,2026-09-28,2026-09-30,liquidity
SWX,2026-09-28,2026-09-30,liquidity
EGP,2026-09-28,2026-09-30,liquidity
EGO,2026-09-28,2026-09-30,liquidity
SXI,2026-09-28,2026-09-30,liquidity
EG,2026-09-28,2026-09-30,liquidity
SXT,2026-09-28,2026-09-30,liquidity
EFX,2026-09-28,2026-09-30,liquidity
EFV,2026-09-28,2026-09-29,liquidity
ANIP,2026-09-28,2026-09-30,liquidity
SYF,2026-09-28,2026-09-30,liquidity
EFOR,2026-09-28,2026-09-30,liquidity
SYK,2026-09-28,2026-09-30,liquidity
EHC,2026-09-28,2026-09-30,liquidity
SWK,2026-09-28,2026-09-30,liquidity
SVM,2026-09-28,2026-09-30,liquidity
ELF,2026-09-28,2026-09-30,liquidity
ELS,2026-09-28,2026-09-30,liquidity
ELAN,2026-09-28,2026-09-30,liquidity
EL,2026-09-28,2026-09-30,liquidity
SW,2026-09-28,2026-09-30,liquidity
EIX,2026-09-28,2026-09-30,liquidity
SVXY,2026-09-28,2026-09-29,liquidity
EYE,2026-09-28,2026-09-30,liquidity
FMDE,2026-09-28,2026-09-29,liquidity
SO,2026-09-28,2026-09-30,liquidity
SOBO,2026-09-28,2026-09-30,liquidity
FLYW,2026-09-28,2026-09-30,liquidity
FLY,2026-09-28,2026-09-30,liquidity
SOFI,2026-09-28,2026-09-30,liquidity
FLUT,2026-09-28,2026-09-30,liquidity
FLTR,2026-09-28,2026-09-29,liquidity
XLC,2026-09-28,2026-09-29,liquidity
FLS,2026-09-28,2026-09-30,liquidity
FLRN,2026-09-28,2026-09-29,liquidity
XLE,2026-09-28,2026-09-29,liquidity
SNY,2026-09-28,2026-09-30,liquidity
SNN,2026-09-28,2026-09-30,liquidity
FNF,2026-09-28,2026-09-30,liquidity
FNDX,2026-09-28,2026-09-29,liquidity
XLF,2026-09-28,2026-09-29,liquidity
FNDF,2026-09-28,2026-09-29,liquidity
SNOW,2026-09-28,2026-09-30,liquidity
FNDE,2026-09-28,2026-09-29,liquidity
FNDB,2026-09-28,2026-09-28,liquidity
FNDA,2026-09-28,2026-09-29,liquidity
FND,2026-09-28,2026-09-30,liquidity
SNPS,2026-09-28,2026-09-30,liquidity
FNB,2026-09-28,2026-09-30,liquidity
FN,2026-09-28,2026-09-30,liquidity
SNX,2026-09-28,2026-09-30,liquidity
AMDL,2026-09-28,2026-09-29,liquidity
FMX,2026-09-28,2026-09-30,liquidity
SNXX,2026-09-28,2026-09-29,liquidity
SNPE,2026-09-28,2026-09-29,liquidity
SNK,2026-09-28,2026-09-29,liquidity
AMGN,2026-09-28,2026-09-30,liquidity
SOXQ,2026-09-28,2026-09-29,liquidity
FLEX,2026-09-28,2026-09-30,liquidity
SOXS,2026-09-28,2026-09-29,liquidity
SOXX,2026-09-28,2026-09-29,liquidity
AMH,2026-09-28,2026-09-30,liquidity
SPAB,2026-09-28,2026-09-29,liquidity
FIXD,2026-09-28,2026-09-29,liquidity
FIX,2026-09-28,2026-09-30,liquidity
AMKR,2026-09-28,2026-09-30,liquidity
FLG,2026-09-28,2026-09-30,liquidity
SOXL,2026-09-28,2026-09-29,liquidity
SOLS,2026-09-28,2026-09-30,liquidity
SOLT,2026-09-28,2026-09-29,liquidity
AME,2026-09-28,2026-09-30,liquidity
FLOT,2026-09-28,2026-09-29,liquidity
SOLV,2026-09-28,2026-09-30,liquidity
FLR,2026-09-28,2026-09-30,liquidity
SON,2026-09-28,2026-09-30,liquidity
XLB,2026-09-28,2026-09-29,liquidity
SONO,2026-09-28,2026-09-30,liquidity
SONY,2026-09-28,2026-09-30,liquidity
FLKR,2026-09-28,2026-09-29,liquidity
FLJP,2026-09-28,2026-09-29,liquidity
AMG,2026-09-28,2026-09-30,liquidity
FIVN,2026-09-28,2026-09-30,liquidity
SNEX,2026-09-28,2026-09-30,liquidity
XLP,2026-09-28,2026-09-29,liquidity
FSM,2026-09-28,2026-09-30,liquidity
FSLY,2026-09-28,2026-09-30,liquidity
FSLR,2026-09-28,2026-09-30,liquidity
AMBQ,2026-09-28,2026-09-30,liquidity
FRVO,2026-09-28,2026-09-30,liquidity
FRT,2026-09-28,2026-09-30,liquidity
FRSH,2026-09-28,2026-09-30,liquidity
FRPT,2026-09-28,2026-09-30,liquidity
FROG,2026-09-28,2026-09-30,liquidity
SMST,2026-09-28,2026-09-29,liquidity
FRO,2026-09-28,2026-09-30,liquidity
SMMT,2026-09-28,2026-09-30,liquidity
SMH,2026-09-28,2026-09-29,liquidity
FTEC,2026-09-28,2026-09-29,liquidity
FTDR,2026-09-28,2026-09-30,liquidity
FTCS,2026-09-28,2026-09-29,liquidity
AMBA,2026-09-28,2026-09-30,liquidity
XLRE,2026-09-28,2026-09-29,liquidity
XLK,2026-09-28,2026-09-29,liquidity
FTAI,2026-09-28,2026-09-30,liquidity
FSV,2026-09-28,2026-09-30,liquidity
SMMD,2026-09-28,2026-09-29,liquidity
FSS,2026-09-28,2026-09-30,liquidity
SMTC,2026-09-28,2026-09-30,liquidity
FOXA,2026-09-28,2026-09-30,liquidity
FOX,2026-09-28,2026-09-30,liquidity
FOUR,2026-09-28,2026-09-30,liquidity
SNDG,2026-09-28,2026-09-29,liquidity
SNDK,2026-09-28,2026-09-30,liquidity
FORM,2026-09-28,2026-09-30,liquidity
AMD,2026-09-28,2026-09-30,liquidity
XLG,2026-09-28,2026-09-29,liquidity
SNDQ,2026-09-28,2026-09-29,liquidity
SNDR,2026-09-28,2026-09-30,liquidity
SNDU,2026-09-28,2026-09-29,liquidity
FNV,2026-09-28,2026-09-30,liquidity
SNDX,2026-09-28,2026-09-30,liquidity
FPE,2026-09-28,2026-09-29,liquidity
FRME,2026-09-28,2026-09-30,liquidity
FRDM,2026-09-28,2026-09-29,liquidity
FR,2026-09-28,2026-09-30,liquidity
SN,2026-09-28,2026-09-30,liquidity
AMCR,2026-09-28,2026-09-30,liquidity
SNA,2026-09-28,2026-09-30,liquidity
XLI,2026-09-28,2026-09-29,liquidity
FPS,2026-09-28,2026-09-30,liquidity
FIVE,2026-09-28,2026-09-30,liquidity
FCX,2026-09-28,2026-09-30,liquidity
SPTI,2026-09-28,2026-09-29,liquidity
FCPT,2026-09-28,2026-09-30,liquidity
SPTL,2026-09-28,2026-09-29,liquidity
FCOM,2026-09-28,2026-09-29,liquidity
SPTM,2026-09-28,2026-09-29,liquidity
FCNCA,2026-09-28,2026-09-30,liquidity
FCN,2026-09-28,2026-09-30,liquidity
SPTS,2026-09-28,2026-09-29,liquidity
FCG,2026-09-28,2026-09-29,liquidity
FCFS,2026-09-28,2026-09-30,liquidity
FCF,2026-09-28,2026-09-30,liquidity
FCEL,2026-09-28,2026-09-30,liquidity
SPSM,2026-09-28,2026-09-29,liquidity
FDS,2026-09-28,2026-09-30,liquidity
SPOT,2026-09-28,2026-09-30,liquidity
FDN,2026-09-28,2026-09-29,liquidity
SPXC,2026-09-28,2026-09-30,liquidity
FDL,2026-09-28,2026-09-29,liquidity
AMR,2026-09-28,2026-09-30,liquidity
SPSB,2026-09-28,2026-09-29,liquidity
SPSC,2026-09-28,2026-09-30,liquidity
FBTC,2026-09-28,2026-09-29,liquidity
FAF,2026-09-28,2026-09-30,liquidity
XENE,2026-09-28,2026-09-30,liquidity
SPYI,2026-09-28,2026-09-29,liquidity
SPYM,2026-09-28,2026-09-29,liquidity
FA,2026-09-28,2026-09-30,liquidity
F,2026-09-28,2026-09-30,liquidity
EZU,2026-09-28,2026-09-29,liquidity
SPYV,2026-09-28,2026-09-29,liquidity
EZPW,2026-09-28,2026-09-30,liquidity
AMT,2026-09-28,2026-09-30,liquidity
SQM,2026-09-28,2026-09-30,liquidity
XEL,2026-09-28,2026-09-30,liquidity
FANG,2026-09-28,2026-09-30,liquidity
AMRX,2026-09-28,2026-09-30,liquidity
SPXL,2026-09-28,2026-09-29,liquidity
FBP,2026-09-28,2026-09-30,liquidity
FBND,2026-09-28,2026-09-29,liquidity
SPXS,2026-09-28,2026-09-29,liquidity
FBL,2026-09-28,2026-09-29,liquidity
FBK,2026-09-28,2026-09-30,liquidity
FBIN,2026-09-28,2026-09-30,liquidity
AMRZ,2026-09-28,2026-09-30,liquidity
FBCG,2026-09-28,2026-09-29,liquidity
FAZ,2026-09-28,2026-09-29,liquidity
SPY,2026-09-28,2026-09-29,liquidity
FAST,2026-09-28,2026-09-30,liquidity
SPYD,2026-09-28,2026-09-29,liquidity
FAS,2026-09-28,2026-09-29,liquidity
AMSC,2026-09-28,2026-09-30,liquidity
SPYG,2026-09-28,2026-09-29,liquidity
SPXU,2026-09-28,2026-09-29,liquidity
SPB,2026-09-28,2026-09-30,liquidity
FHN,2026-09-28,2026-09-30,liquidity
FHLC,2026-09-28,2026-09-29,liquidity
SPCX,2026-09-28,2026-09-30,liquidity
FHI,2026-09-28,2026-09-30,liquidity
FHB,2026-09-28,2026-09-30,liquidity
SPDW,2026-09-28,2026-09-29,liquidity
SPEM,2026-09-28,2026-09-29,liquidity
FFIV,2026-09-28,2026-09-30,liquidity
FFIN,2026-09-28,2026-09-30,liquidity
FIBK,2026-09-28,2026-09-30,liquidity
FICO,2026-09-28,2026-09-30,liquidity
FITB,2026-09-28,2026-09-30,liquidity
FISV,2026-09-28,2026-09-30,liquidity
FIS,2026-09-28,2026-09-30,liquidity
SPCF,2026-09-28,2026-09-29,liquidity
AMLP,2026-09-28,2026-09-29,liquidity
FIGS,2026-09-28,2026-09-30,liquidity
FIGR,2026-09-28,2026-09-30,liquidity
FIG,2026-09-28,2026-09-30,liquidity
AMLX,2026-09-28,2026-09-30,liquidity
FIDU,2026-09-28,2026-09-29,liquidity
SPIB,2026-09-28,2026-09-29,liquidity
XHB,2026-09-28,2026-09-29,liquidity
FELE,2026-09-28,2026-09-30,liquidity
SPLB,2026-09-28,2026-09-29,liquidity
FELC,2026-09-28,2026-09-29,liquidity
FEIM,2026-09-28,2026-09-30,liquidity
SPLV,2026-09-28,2026-09-29,liquidity
AMPL,2026-09-28,2026-09-30,liquidity
SPMB,2026-09-28,2026-09-29,liquidity
FE,2026-09-28,2026-09-30,liquidity
SPMD,2026-09-28,2026-09-29,liquidity
FDXF,2026-09-28,2026-09-30,liquidity
FDX,2026-09-28,2026-09-30,liquidity
SPMO,2026-09-28,2026-09-29,liquidity
FDVV,2026-09-28,2026-09-29,liquidity
SPNT,2026-09-28,2026-09-30,liquidity
SPHY,2026-09-28,2026-09-29,liquidity
SPG,2026-09-28,2026-09-30,liquidity
FFBC,2026-09-28,2026-09-30,liquidity
AMP,2026-09-28,2026-09-30,liquidity
SPGI,2026-09-28,2026-09-30,liquidity
FEZ,2026-09-28,2026-09-29,liquidity
FETH,2026-09-28,2026-09-29,liquidity
FESM,2026-09-28,2026-09-29,liquidity
SPHB,2026-09-28,2026-09-29,liquidity
FERG,2026-09-28,2026-09-30,liquidity
FER,2026-09-28,2026-09-30,liquidity
SPHD,2026-09-28,2026-09-29,liquidity
SPHQ,2026-09-28,2026-09-29,liquidity
FENY,2026-09-28,2026-09-29,liquidity
SPHR,2026-09-28,2026-09-30,liquidity
FENI,2026-09-28,2026-09-29,liquidity
ZYME,2026-09-28,2026-09-30,liquidity
OMAH,2026-09-29,2026-09-29,liquidity
AVEX,2026-09-29,2026-09-30,liquidity
DUHP,2026-09-29,2026-09-29,liquidity
OGC,2026-09-29,2026-09-30,liquidity
DFSV,2026-09-29,2026-09-29,liquidity
IVT,2026-09-29,2026-09-30,liquidity
SPCG,2026-09-29,2026-09-29,liquidity
ABSI,2026-09-29,2026-09-30,liquidity
AMN,2026-09-29,2026-09-30,liquidity
IFRA,2026-09-29,2026-09-29,liquidity
IDT,2026-09-29,2026-09-30,liquidity
DAC,2026-09-29,2026-09-30,liquidity
PFFA,2026-09-29,2026-09-29,liquidity
LPTH,2026-09-29,2026-09-30,liquidity
DFAR,2026-09-29,2026-09-29,liquidity
MLPI,2026-09-29,2026-09-29,liquidity
IIPR,2026-09-29,2026-09-30,liquidity
CEVA,2026-09-29,2026-09-30,liquidity
IMMX,2026-09-29,2026-09-30,liquidity
IOSP,2026-09-30,2026-09-30,liquidity
TRMK,2026-09-30,2026-09-30,liquidity
CHPT,2026-09-30,2026-09-30,liquidity
AWR,2026-09-30,2026-09-30,liquidity
PRLB,2026-09-30,2026-09-30,liquidity
