symbol,raw_industry,seen_at
AAAU,,2026-09-29T01:24:53.139329+00:00
AAOI,Communications,2026-09-29T01:24:58.018941+00:00
AAON,Building,2026-09-29T01:24:59.234482+00:00
AAPD,,2026-09-29T01:25:01.698107+00:00
AAPU,,2026-09-29T01:25:04.143540+00:00
AAXJ,,2026-09-29T01:25:05.382928+00:00
ABM,Commercial Services & Supplies,2026-09-29T01:25:11.479123+00:00
ACVA,Commercial Services & Supplies,2026-09-29T01:25:29.802207+00:00
ACWI,,2026-09-29T01:25:31.033743+00:00
ACWX,,2026-09-29T01:25:32.287628+00:00
ADP,Professional Services,2026-09-29T01:25:40.846682+00:00
AEIS,Electrical Equipment,2026-09-29T01:25:48.169073+00:00
AER,Trading Companies & Distributors,2026-09-29T01:25:53.043539+00:00
AEVA,Electrical Equipment,2026-09-29T01:25:56.704020+00:00
AGG,,2026-09-29T01:26:04.025517+00:00
AGQ,,2026-09-29T01:26:10.139871+00:00
AIA,,2026-09-29T01:26:16.244148+00:00
AIPO,,2026-09-29T01:26:18.683600+00:00
AIQ,,2026-09-29T01:26:19.918760+00:00
AIRR,,2026-09-29T01:26:22.352542+00:00
AIS,,2026-09-29T01:26:23.583396+00:00
AIT,Trading Companies & Distributors,2026-09-29T01:26:24.797285+00:00
ALLE,Building,2026-09-29T01:26:45.579069+00:00
ALNT,Electrical Equipment,2026-09-29T01:26:49.234699+00:00
ALV,Auto Components,2026-09-29T01:26:54.118624+00:00
AMCR,Packaging,2026-09-29T01:27:00.257847+00:00
AMDL,,2026-09-29T01:27:02.688257+00:00
AME,Electrical Equipment,2026-09-29T01:27:03.917726+00:00
AMLP,,2026-09-29T01:27:10.015750+00:00
AMSC,Electrical Equipment,2026-09-29T01:27:18.548433+00:00
AMTM,Professional Services,2026-09-29T01:27:20.987972+00:00
AMZU,,2026-09-29T01:27:24.685120+00:00
ANET,Communications,2026-09-29T01:27:29.549837+00:00
ANGL,,2026-09-29T01:27:31.985255+00:00
AOR,,2026-09-29T01:27:35.649940+00:00
AOS,Building,2026-09-29T01:27:36.904374+00:00
APH,Electrical Equipment,2026-09-29T01:27:43.013784+00:00
APPX,,2026-09-29T01:27:52.827302+00:00
APTV,Auto Components,2026-09-29T01:27:54.042456+00:00
ARCB,Road & Rail,2026-09-29T01:27:56.473755+00:00
ARKB,,2026-09-29T01:28:04.006664+00:00
ARKG,,2026-09-29T01:28:05.229153+00:00
ARKK,,2026-09-29T01:28:06.449939+00:00
ARMG,,2026-09-29T01:28:08.906734+00:00
ARTY,,2026-09-29T01:28:15.019936+00:00
ARW,Electrical Equipment,2026-09-29T01:28:16.239649+00:00
AS,"Textiles, Apparel & Luxury Goods",2026-09-29T01:28:21.117617+00:00
ASHR,,2026-09-29T01:28:24.812288+00:00
ASTX,,2026-09-29T01:28:32.154535+00:00
ATKR,Electrical Equipment,2026-09-29T01:28:40.684179+00:00
ATR,Packaging,2026-09-29T01:28:44.344637+00:00
AVDE,,2026-09-29T01:28:55.333539+00:00
AVDV,,2026-09-29T01:28:56.549982+00:00
AVEM,,2026-09-29T01:28:57.773640+00:00
AVGX,,2026-09-29T01:29:00.299952+00:00
AVL,,2026-09-29T01:29:01.515975+00:00
AVLV,,2026-09-29T01:29:02.734198+00:00
AVT,Electrical Equipment,2026-09-29T01:29:06.401397+00:00
AVUS,,2026-09-29T01:29:08.846710+00:00
AVUV,,2026-09-29T01:29:10.066100+00:00
AVY,Packaging,2026-09-29T01:29:11.283606+00:00
AWI,Building,2026-09-29T01:29:12.506332+00:00
AXTX,,2026-09-29T01:29:24.734067+00:00
AYI,Electrical Equipment,2026-09-29T01:29:27.168529+00:00
AZZ,Building,2026-09-29T01:29:32.026179+00:00
BAH,Professional Services,2026-09-29T01:29:38.128807+00:00
BAI,,2026-09-29T01:29:39.353424+00:00
BALL,Packaging,2026-09-29T01:29:40.573763+00:00
BBCA,,2026-09-29T01:29:50.321784+00:00
BBEU,,2026-09-29T01:29:51.735860+00:00
BBJP,,2026-09-29T01:29:54.182205+00:00
BBUS,,2026-09-29T01:29:57.831772+00:00
BC,Leisure Products,2026-09-29T01:30:02.731203+00:00
BCC,Trading Companies & Distributors,2026-09-29T01:30:03.950107+00:00
BCI,,2026-09-29T01:30:06.402017+00:00
BCO,Commercial Services & Supplies,2026-09-29T01:30:07.623755+00:00
BDC,Electrical Equipment,2026-09-29T01:30:11.282605+00:00
BE,Electrical Equipment,2026-09-29T01:30:13.721508+00:00
BELFB,Electrical Equipment,2026-09-29T01:30:17.391283+00:00
BEX,,2026-09-29T01:30:23.526200+00:00
BFAM,Diversified Consumer Services,2026-09-29T01:30:25.968177+00:00
BHE,Electrical Equipment,2026-09-29T01:30:30.869989+00:00
BHYP,,2026-09-29T01:30:35.778978+00:00
BIL,,2026-09-29T01:30:39.489836+00:00
BILS,,2026-09-29T01:30:43.197435+00:00
BIRK,"Textiles, Apparel & Luxury Goods",2026-09-29T01:30:48.094696+00:00
BITB,,2026-09-29T01:30:49.325181+00:00
BITI,,2026-09-29T01:30:50.544862+00:00
BITO,,2026-09-29T01:30:51.773458+00:00
BITU,,2026-09-29T01:30:52.999041+00:00
BITX,,2026-09-29T01:30:54.222048+00:00
BIV,,2026-09-29T01:30:55.451709+00:00
BIZD,,2026-09-29T01:30:56.690057+00:00
BKLN,,2026-09-29T01:31:04.037095+00:00
BKSY,Professional Services,2026-09-29T01:31:07.711499+00:00
BLDR,Building,2026-09-29T01:31:13.841093+00:00
BLV,,2026-09-29T01:31:19.975492+00:00
BMI,Electrical Equipment,2026-09-29T01:31:22.418646+00:00
BMNU,,2026-09-29T01:31:24.871820+00:00
BND,,2026-09-29T01:31:31.009089+00:00
BNDX,,2026-09-29T01:31:32.229919+00:00
BNO,,2026-09-29T01:31:34.671296+00:00
BOIL,,2026-09-29T01:31:40.790617+00:00
BOND,,2026-09-29T01:31:43.236536+00:00
BOTZ,,2026-09-29T01:31:45.702662+00:00
BOXX,,2026-09-29T01:31:48.154491+00:00
BR,Professional Services,2026-09-29T01:31:51.823110+00:00
BRC,Commercial Services & Supplies,2026-09-29T01:31:53.041733+00:00
BRUN,,2026-09-29T01:31:59.146750+00:00
BSOL,,2026-09-29T01:32:02.808066+00:00
BSV,,2026-09-29T01:32:05.257595+00:00
BTC,,2026-09-29T01:32:08.933010+00:00
BTCI,,2026-09-29T01:32:10.147790+00:00
BTI,Tobacco,2026-09-29T01:32:12.609955+00:00
BUG,,2026-09-29T01:32:17.489224+00:00
BWA,Auto Components,2026-09-29T01:32:22.398243+00:00
BWET,,2026-09-29T01:32:23.660508+00:00
BZ,Professional Services,2026-09-29T01:32:34.641290+00:00
CACI,Professional Services,2026-09-29T01:32:39.517940+00:00
CALF,,2026-09-29T01:32:46.839660+00:00
CALX,Communications,2026-09-29T01:32:49.277082+00:00
CALY,Leisure Products,2026-09-29T01:32:50.499318+00:00
CAR,Road & Rail,2026-09-29T01:32:52.935040+00:00
CARR,Building,2026-09-29T01:32:55.371364+00:00
CBZ,Professional Services,2026-09-29T01:33:12.527297+00:00
CCK,Packaging,2026-09-29T01:33:18.625851+00:00
CCXI,,2026-09-29T01:33:21.068883+00:00
CDW,Electrical Equipment,2026-09-29T01:33:27.189222+00:00
CGDV,,2026-09-29T01:33:41.803446+00:00
CGGR,,2026-09-29T01:33:44.257091+00:00
CGNX,Electrical Equipment,2026-09-29T01:33:45.474597+00:00
CGUS,,2026-09-29T01:33:47.911742+00:00
CHAT,,2026-09-29T01:33:49.132450+00:00
CHPY,,2026-09-29T01:33:57.701837+00:00
CHRW,Logistics & Transportation,2026-09-29T01:34:00.290340+00:00
CIBR,,2026-09-29T01:34:07.600168+00:00
CIEN,Communications,2026-09-29T01:34:08.821475+00:00
CLH,Commercial Services & Supplies,2026-09-29T01:34:19.824855+00:00
CLIP,,2026-09-29T01:34:21.045322+00:00
CLS,Electrical Equipment,2026-09-29T01:34:23.491498+00:00
CMF,,2026-09-29T01:34:34.467325+00:00
CNI,Road & Rail,2026-09-29T01:34:44.234458+00:00
CNM,Trading Companies & Distributors,2026-09-29T01:34:46.673132+00:00
CNXC,Professional Services,2026-09-29T01:34:55.424729+00:00
COHR,Electrical Equipment,2026-09-29T01:35:00.346615+00:00
COHX,,2026-09-29T01:35:02.788374+00:00
COLM,"Textiles, Apparel & Luxury Goods",2026-09-29T01:35:10.104905+00:00
COPX,,2026-09-29T01:35:15.004734+00:00
CORO,,2026-09-29T01:35:17.472893+00:00
COWZ,,2026-09-29T01:35:22.355505+00:00
CP,Road & Rail,2026-09-29T01:35:23.573629+00:00
CPER,,2026-09-29T01:35:28.465382+00:00
CPRI,"Textiles, Apparel & Luxury Goods",2026-09-29T01:35:32.130116+00:00
CPRT,Commercial Services & Supplies,2026-09-29T01:35:33.347642+00:00
CQQQ,,2026-09-29T01:35:35.782169+00:00
CRAI,Professional Services,2026-09-29T01:35:38.227753+00:00
CRAK,,2026-09-29T01:35:39.449954+00:00
CRCA,,2026-09-29T01:35:43.110128+00:00
CRCG,,2026-09-29T01:35:44.331022+00:00
CRI,"Textiles, Apparel & Luxury Goods",2026-09-29T01:35:50.418864+00:00
CROX,"Textiles, Apparel & Luxury Goods",2026-09-29T01:35:55.313448+00:00
CRWG,,2026-09-29T01:36:01.430750+00:00
CSCO,Communications,2026-09-29T01:36:03.862330+00:00
CSL,Building,2026-09-29T01:36:07.524081+00:00
CSQR,,2026-09-29T01:36:08.746229+00:00
CSW,Building,2026-09-29T01:36:12.435486+00:00
CSX,Road & Rail,2026-09-29T01:36:13.659421+00:00
CTA,,2026-09-29T01:36:14.876656+00:00
CTAS,Commercial Services & Supplies,2026-09-29T01:36:16.095975+00:00
CVSA,Diversified Consumer Services,2026-09-29T01:36:35.650197+00:00
CWB,,2026-09-29T01:36:39.293945+00:00
CWST,Commercial Services & Supplies,2026-09-29T01:36:42.943428+00:00
CWVX,,2026-09-29T01:36:45.374394+00:00
CXT,Electrical Equipment,2026-09-29T01:36:46.592099+00:00
CXW,Commercial Services & Supplies,2026-09-29T01:36:47.809208+00:00
DAN,Auto Components,2026-09-29T01:36:53.888418+00:00
DAPP,,2026-09-29T01:36:55.103176+00:00
DBA,,2026-09-29T01:37:01.205946+00:00
DBC,,2026-09-29T01:37:02.426866+00:00
DBEF,,2026-09-29T01:37:03.648210+00:00
DBMF,,2026-09-29T01:37:04.869214+00:00
DECK,"Textiles, Apparel & Luxury Goods",2026-09-29T01:37:14.613625+00:00
DFAC,,2026-09-29T01:37:18.265869+00:00
DFAI,,2026-09-29T01:37:19.489212+00:00
DFAS,,2026-09-29T01:37:20.709435+00:00
DFAT,,2026-09-29T01:37:21.927318+00:00
DFAU,,2026-09-29T01:37:23.145670+00:00
DFAX,,2026-09-29T01:37:24.363765+00:00
DFIC,,2026-09-29T01:37:25.585603+00:00
DFIV,,2026-09-29T01:37:26.805274+00:00
DFLV,,2026-09-29T01:37:28.021666+00:00
DFUS,,2026-09-29T01:37:30.465769+00:00
DGII,Communications,2026-09-29T01:37:32.901488+00:00
DGRO,,2026-09-29T01:37:34.121968+00:00
DGRW,,2026-09-29T01:37:35.339135+00:00
DIA,,2026-09-29T01:37:41.427105+00:00
DIHP,,2026-09-29T01:37:42.646297+00:00
DIVB,,2026-09-29T01:37:47.515263+00:00
DIVO,,2026-09-29T01:37:48.740407+00:00
DLLL,,2026-09-29T01:37:54.817827+00:00
DNOW,Trading Companies & Distributors,2026-09-29T01:38:00.903838+00:00
DOG,,2026-09-29T01:38:08.226190+00:00
DOO,Leisure Products,2026-09-29T01:38:09.443154+00:00
DORM,Auto Components,2026-09-29T01:38:10.659189+00:00
DPC,Electrical Equipment,2026-09-29T01:38:15.542606+00:00
DPST,,2026-09-29T01:38:16.761829+00:00
DRAM,,2026-09-29T01:38:19.200423+00:00
DRIP,,2026-09-29T01:38:22.881524+00:00
DUOL,Diversified Consumer Services,2026-09-29T01:38:31.406733+00:00
DUST,,2026-09-29T01:38:32.703769+00:00
DVY,,2026-09-29T01:38:37.581075+00:00
DXD,,2026-09-29T01:38:42.452056+00:00
DXJ,,2026-09-29T01:38:43.670043+00:00
DXPE,Trading Companies & Distributors,2026-09-29T01:38:44.882326+00:00
DXYZ,,2026-09-29T01:38:46.113508+00:00
DYNF,,2026-09-29T01:38:49.766393+00:00
EDU,Diversified Consumer Services,2026-09-29T01:39:03.180294+00:00
EDV,,2026-09-29T01:39:04.403920+00:00
EEM,,2026-09-29T01:39:06.839136+00:00
EFA,,2026-09-29T01:39:08.055134+00:00
EFAV,,2026-09-29T01:39:09.274597+00:00
EFG,,2026-09-29T01:39:10.506148+00:00
EFV,,2026-09-29T01:39:12.955001+00:00
EFX,Professional Services,2026-09-29T01:39:14.170735+00:00
EMB,,2026-09-29T01:39:28.802849+00:00
EMLC,,2026-09-29T01:39:32.453808+00:00
EMR,Electrical Equipment,2026-09-29T01:39:34.898117+00:00
EMXC,,2026-09-29T01:39:36.118083+00:00
ENS,Electrical Equipment,2026-09-29T01:39:42.214491+00:00
EQPT,Trading Companies & Distributors,2026-09-29T01:39:57.053106+00:00
EROC,Electrical Equipment,2026-09-29T01:40:04.372290+00:00
ERX,,2026-09-29T01:40:05.600205+00:00
ESGD,,2026-09-29T01:40:10.486212+00:00
ESGE,,2026-09-29T01:40:11.703015+00:00
ESGU,,2026-09-29T01:40:12.966797+00:00
ESGV,,2026-09-29T01:40:14.191237+00:00
ETH,,2026-09-29T01:40:23.962982+00:00
ETHA,,2026-09-29T01:40:25.180753+00:00
ETHB,,2026-09-29T01:40:26.404249+00:00
ETHD,,2026-09-29T01:40:27.624504+00:00
ETHE,,2026-09-29T01:40:28.850153+00:00
ETHT,,2026-09-29T01:40:30.068751+00:00
ETHU,,2026-09-29T01:40:31.315096+00:00
ETN,Electrical Equipment,2026-09-29T01:40:32.535633+00:00
EUFN,,2026-09-29T01:40:38.637440+00:00
EWA,,2026-09-29T01:40:43.514863+00:00
EWC,,2026-09-29T01:40:45.942269+00:00
EWG,,2026-09-29T01:40:47.159523+00:00
EWH,,2026-09-29T01:40:48.402346+00:00
EWJ,,2026-09-29T01:40:49.623906+00:00
EWL,,2026-09-29T01:40:50.839360+00:00
EWP,,2026-09-29T01:40:52.065299+00:00
EWS,,2026-09-29T01:40:53.286497+00:00
EWT,,2026-09-29T01:40:54.504944+00:00
EWU,,2026-09-29T01:40:56.948086+00:00
EWW,,2026-09-29T01:40:58.165108+00:00
EWY,,2026-09-29T01:40:59.382397+00:00
EWZ,,2026-09-29T01:41:00.598501+00:00
EXLS,Professional Services,2026-09-29T01:41:05.492932+00:00
EXPD,Logistics & Transportation,2026-09-29T01:41:07.923208+00:00
EXPO,Professional Services,2026-09-29T01:41:10.367548+00:00
EXTR,Communications,2026-09-29T01:41:12.813732+00:00
EZU,,2026-09-29T01:41:16.477194+00:00
FA,Professional Services,2026-09-29T01:41:18.916283+00:00
FAS,,2026-09-29T01:41:22.568750+00:00
FAST,Trading Companies & Distributors,2026-09-29T01:41:23.780218+00:00
FAZ,,2026-09-29T01:41:25.001415+00:00
FBCG,,2026-09-29T01:41:26.225296+00:00
FBIN,Building,2026-09-29T01:41:27.447443+00:00
FBL,,2026-09-29T01:41:29.893493+00:00
FBND,,2026-09-29T01:41:31.111199+00:00
FBTC,,2026-09-29T01:41:33.543868+00:00
FCEL,Electrical Equipment,2026-09-29T01:41:34.761172+00:00
FCG,,2026-09-29T01:41:38.427547+00:00
FCN,Professional Services,2026-09-29T01:41:39.657145+00:00
FCOM,,2026-09-29T01:41:42.104471+00:00
FDL,,2026-09-29T01:41:45.797331+00:00
FDN,,2026-09-29T01:41:47.017511+00:00
FDVV,,2026-09-29T01:41:49.459380+00:00
FDX,Logistics & Transportation,2026-09-29T01:41:50.678488+00:00
FDXF,Road & Rail,2026-09-29T01:41:51.892361+00:00
FEIM,Electrical Equipment,2026-09-29T01:41:54.339238+00:00
FELC,,2026-09-29T01:41:55.558282+00:00
FENI,,2026-09-29T01:41:57.987284+00:00
FENY,,2026-09-29T01:41:59.205398+00:00
FERG,Trading Companies & Distributors,2026-09-29T01:42:01.661043+00:00
FESM,,2026-09-29T01:42:02.883180+00:00
FETH,,2026-09-29T01:42:04.098080+00:00
FEZ,,2026-09-29T01:42:05.321513+00:00
FFIV,Communications,2026-09-29T01:42:08.990927+00:00
FHLC,,2026-09-29T01:42:12.689803+00:00
FIDU,,2026-09-29T01:42:17.568890+00:00
FIGS,"Textiles, Apparel & Luxury Goods",2026-09-29T01:42:21.227361+00:00
FIXD,,2026-09-29T01:42:29.783456+00:00
FLEX,Electrical Equipment,2026-09-29T01:42:31.000330+00:00
FLJP,,2026-09-29T01:42:33.437004+00:00
FLKR,,2026-09-29T01:42:34.654119+00:00
FLOT,,2026-09-29T01:42:35.873979+00:00
FLRN,,2026-09-29T01:42:38.310945+00:00
FLTR,,2026-09-29T01:42:40.752982+00:00
FMDE,,2026-09-29T01:42:45.637664+00:00
FN,Electrical Equipment,2026-09-29T01:42:48.079412+00:00
FNDA,,2026-09-29T01:42:51.737543+00:00
FNDB,,2026-09-29T01:42:52.956588+00:00
FNDE,,2026-09-29T01:42:54.177356+00:00
FNDF,,2026-09-29T01:42:55.398737+00:00
FNDX,,2026-09-29T01:42:56.619431+00:00
FPE,,2026-09-29T01:43:05.153429+00:00
FPS,Electrical Equipment,2026-09-29T01:43:06.373846+00:00
FRDM,,2026-09-29T01:43:08.823211+00:00
FTCS,,2026-09-29T01:43:25.896346+00:00
FTDR,Diversified Consumer Services,2026-09-29T01:43:27.112120+00:00
FTEC,,2026-09-29T01:43:28.330032+00:00
FTSM,,2026-09-29T01:43:34.432072+00:00
FTXL,,2026-09-29T01:43:36.874733+00:00
FTXN,,2026-09-29T01:43:38.095215+00:00
FUTY,,2026-09-29T01:43:44.179236+00:00
FVD,,2026-09-29T01:43:45.406040+00:00
FXI,,2026-09-29T01:43:47.847093+00:00
G,Professional Services,2026-09-29T01:43:49.062755+00:00
GATX,Trading Companies & Distributors,2026-09-29T01:43:51.503581+00:00
GBIL,,2026-09-29T01:43:53.942005+00:00
GBTC,,2026-09-29T01:43:55.156439+00:00
GCT,Distributors,2026-09-29T01:43:56.373249+00:00
GDX,,2026-09-29T01:44:01.239378+00:00
GDXJ,,2026-09-29T01:44:02.461908+00:00
GEF,Packaging,2026-09-29T01:44:04.908192+00:00
GEO,Commercial Services & Supplies,2026-09-29T01:44:08.562606+00:00
GEV,Electrical Equipment,2026-09-29T01:44:09.783787+00:00
GFF,Building,2026-09-29T01:44:11.002113+00:00
GFL,Commercial Services & Supplies,2026-09-29T01:44:13.441329+00:00
GGLL,,2026-09-29T01:44:18.329002+00:00
GIII,"Textiles, Apparel & Luxury Goods",2026-09-29T01:44:21.990492+00:00
GIL,"Textiles, Apparel & Luxury Goods",2026-09-29T01:44:23.214898+00:00
GLD,,2026-09-29T01:44:30.544365+00:00
GLL,,2026-09-29T01:44:31.764372+00:00
GLW,Electrical Equipment,2026-09-29T01:44:36.640043+00:00
GNR,,2026-09-29T01:44:43.966595+00:00
GNRC,Electrical Equipment,2026-09-29T01:44:45.189941+00:00
GNTX,Auto Components,2026-09-29T01:44:46.411640+00:00
GOLD,Distributors,2026-09-29T01:44:48.864868+00:00
GOLF,Leisure Products,2026-09-29T01:44:50.085533+00:00
GOVT,,2026-09-29T01:44:53.877532+00:00
GPC,Distributors,2026-09-29T01:44:55.103332+00:00
GPIQ,,2026-09-29T01:44:59.984056+00:00
GPIX,,2026-09-29T01:45:01.205796+00:00
GRID,,2026-09-29T01:45:09.815310+00:00
GRNY,,2026-09-29T01:45:13.480505+00:00
GSG,,2026-09-29T01:45:18.347615+00:00
GSLC,,2026-09-29T01:45:22.017772+00:00
GSY,,2026-09-29T01:45:23.240488+00:00
GTX,Auto Components,2026-09-29T01:45:26.898549+00:00
GUSH,,2026-09-29T01:45:29.346149+00:00
GWW,Trading Companies & Distributors,2026-09-29T01:45:33.011844+00:00
GXO,Logistics & Transportation,2026-09-29T01:45:34.235108+00:00
HACK,,2026-09-29T01:45:36.667099+00:00
HAS,Leisure Products,2026-09-29T01:45:42.786537+00:00
HAYW,Building,2026-09-29T01:45:46.440017+00:00
HDV,,2026-09-29T01:45:56.242263+00:00
HEFA,,2026-09-29T01:45:57.485251+00:00
HGER,,2026-09-29T01:46:03.581651+00:00
HNI,Commercial Services & Supplies,2026-09-29T01:46:23.096299+00:00
HRB,Diversified Consumer Services,2026-09-29T01:46:36.526654+00:00
HRI,Trading Companies & Distributors,2026-09-29T01:46:37.741665+00:00
HSAI,Auto Components,2026-09-29T01:46:41.387692+00:00
HUBB,Electrical Equipment,2026-09-29T01:46:52.374955+00:00
HUBG,Logistics & Transportation,2026-09-29T01:46:53.593084+00:00
HURN,Professional Services,2026-09-29T01:46:57.238276+00:00
HYD,,2026-09-29T01:47:04.607443+00:00
HYG,,2026-09-29T01:47:05.823181+00:00
HYLB,,2026-09-29T01:47:07.041678+00:00
HYMB,,2026-09-29T01:47:08.264243+00:00
IAGG,,2026-09-29T01:47:13.139022+00:00
IAU,,2026-09-29T01:47:14.351585+00:00
IBB,,2026-09-29T01:47:15.576486+00:00
IBIT,,2026-09-29T01:47:16.792298+00:00
ICLN,,2026-09-29T01:47:26.582440+00:00
ICSH,,2026-09-29T01:47:29.026228+00:00
ICVT,,2026-09-29T01:47:31.455858+00:00
IDEF,,2026-09-29T01:47:35.132355+00:00
IDEV,,2026-09-29T01:47:36.363467+00:00
IDU,,2026-09-29T01:47:37.582912+00:00
IDV,,2026-09-29T01:47:38.803356+00:00
IEF,,2026-09-29T01:47:43.678470+00:00
IEFA,,2026-09-29T01:47:44.901207+00:00
IEI,,2026-09-29T01:47:46.135072+00:00
IEMG,,2026-09-29T01:47:47.352462+00:00
IEO,,2026-09-29T01:47:48.573353+00:00
IEUR,,2026-09-29T01:47:51.004475+00:00
IGF,,2026-09-29T01:47:54.666243+00:00
IGIB,,2026-09-29T01:47:55.882257+00:00
IGLB,,2026-09-29T01:47:57.101488+00:00
IGM,,2026-09-29T01:47:58.319272+00:00
IGSB,,2026-09-29T01:47:59.548611+00:00
IGV,,2026-09-29T01:48:00.776951+00:00
IHF,,2026-09-29T01:48:02.006102+00:00
IHI,,2026-09-29T01:48:03.257431+00:00
IJH,,2026-09-29T01:48:04.513889+00:00
IJJ,,2026-09-29T01:48:05.743677+00:00
IJK,,2026-09-29T01:48:06.976187+00:00
IJR,,2026-09-29T01:48:08.200926+00:00
IJS,,2026-09-29T01:48:09.419037+00:00
IJT,,2026-09-29T01:48:10.642790+00:00
ILF,,2026-09-29T01:48:11.863776+00:00
INDA,,2026-09-29T01:48:21.628927+00:00
INGM,Electrical Equipment,2026-09-29T01:48:28.947822+00:00
INIO,Electrical Equipment,2026-09-29T01:48:31.383405+00:00
INOD,Professional Services,2026-09-29T01:48:32.610365+00:00
INRO,,2026-09-29T01:48:33.823758+00:00
INTW,,2026-09-29T01:48:42.364876+00:00
IOND,,2026-09-29T01:48:47.254255+00:00
IONX,,2026-09-29T01:48:50.930808+00:00
IOO,,2026-09-29T01:48:52.167171+00:00
IP,Packaging,2026-09-29T01:48:55.819961+00:00
IPGP,Electrical Equipment,2026-09-29T01:48:58.255381+00:00
IQLT,,2026-09-29T01:48:59.473641+00:00
IREX,,2026-09-29T01:49:05.586942+00:00
ISTB,,2026-09-29T01:49:13.053220+00:00
ITA,,2026-09-29T01:49:15.494754+00:00
ITB,,2026-09-29T01:49:16.714618+00:00
ITM,,2026-09-29T01:49:19.154098+00:00
ITOT,,2026-09-29T01:49:20.374834+00:00
ITRI,Electrical Equipment,2026-09-29T01:49:21.599778+00:00
IUSB,,2026-09-29T01:49:25.252620+00:00
IUSG,,2026-09-29T01:49:26.511653+00:00
IUSV,,2026-09-29T01:49:27.763417+00:00
IVE,,2026-09-29T01:49:28.979077+00:00
IVLU,,2026-09-29T01:49:30.199436+00:00
IVV,,2026-09-29T01:49:31.433350+00:00
IVW,,2026-09-29T01:49:32.673941+00:00
IWB,,2026-09-29T01:49:35.115842+00:00
IWC,,2026-09-29T01:49:36.334715+00:00
IWD,,2026-09-29T01:49:37.561527+00:00
IWF,,2026-09-29T01:49:38.801899+00:00
IWM,,2026-09-29T01:49:40.024451+00:00
IWMI,,2026-09-29T01:49:41.255533+00:00
IWN,,2026-09-29T01:49:42.477539+00:00
IWO,,2026-09-29T01:49:43.701666+00:00
IWP,,2026-09-29T01:49:44.919054+00:00
IWR,,2026-09-29T01:49:46.141862+00:00
IWS,,2026-09-29T01:49:47.369712+00:00
IWV,,2026-09-29T01:49:48.587295+00:00
IWX,,2026-09-29T01:49:49.819762+00:00
IWY,,2026-09-29T01:49:51.046309+00:00
IXC,,2026-09-29T01:49:52.279398+00:00
IXN,,2026-09-29T01:49:53.510712+00:00
IXUS,,2026-09-29T01:49:54.742031+00:00
IYE,,2026-09-29T01:49:55.961338+00:00
IYF,,2026-09-29T01:49:57.181772+00:00
IYH,,2026-09-29T01:49:58.415527+00:00
IYJ,,2026-09-29T01:49:59.633500+00:00
IYK,,2026-09-29T01:50:00.862738+00:00
IYM,,2026-09-29T01:50:02.147358+00:00
IYR,,2026-09-29T01:50:03.367870+00:00
IYT,,2026-09-29T01:50:04.617486+00:00
IYW,,2026-09-29T01:50:05.844755+00:00
IYZ,,2026-09-29T01:50:07.063772+00:00
J,Professional Services,2026-09-29T01:50:08.285360+00:00
JAAA,,2026-09-29T01:50:09.503015+00:00
JAVA,,2026-09-29T01:50:11.972990+00:00
JBBB,,2026-09-29T01:50:14.423262+00:00
JBHT,Road & Rail,2026-09-29T01:50:15.644489+00:00
JBL,Electrical Equipment,2026-09-29T01:50:16.871292+00:00
JCI,Building,2026-09-29T01:50:20.524938+00:00
JCPB,,2026-09-29T01:50:21.744044+00:00
JEPI,,2026-09-29T01:50:25.617826+00:00
JEPQ,,2026-09-29T01:50:26.864442+00:00
JETS,,2026-09-29T01:50:28.091151+00:00
JIRE,,2026-09-29T01:50:30.543191+00:00
JMBS,,2026-09-29T01:50:34.221328+00:00
JMST,,2026-09-29T01:50:36.666644+00:00
JNK,,2026-09-29T01:50:39.130734+00:00
JNUG,,2026-09-29T01:50:40.361342+00:00
JPST,,2026-09-29T01:50:44.037121+00:00
JQUA,,2026-09-29T01:50:45.261079+00:00
KBE,,2026-09-29T01:50:50.164668+00:00
KBR,Professional Services,2026-09-29T01:50:52.600824+00:00
KBWB,,2026-09-29T01:50:53.822402+00:00
KEX,Marine,2026-09-29T01:50:57.478514+00:00
KEYS,Electrical Equipment,2026-09-29T01:50:59.914379+00:00
KFY,Professional Services,2026-09-29T01:51:01.130516+00:00
KIE,,2026-09-29T01:51:06.028212+00:00
KN,Electrical Equipment,2026-09-29T01:51:19.451886+00:00
KNX,Road & Rail,2026-09-29T01:51:25.582940+00:00
KOLD,,2026-09-29T01:51:29.276292+00:00
KORU,,2026-09-29T01:51:30.493251+00:00
KRE,,2026-09-29T01:51:34.156410+00:00
KTB,"Textiles, Apparel & Luxury Goods",2026-09-29T01:51:42.683445+00:00
KWEB,,2026-09-29T01:51:48.779077+00:00
LABU,,2026-09-29T01:51:53.668107+00:00
LASR,Electrical Equipment,2026-09-29T01:51:57.327209+00:00
LAUR,Diversified Consumer Services,2026-09-29T01:51:58.538020+00:00
LCII,Auto Components,2026-09-29T01:52:02.203165+00:00
LDOS,Professional Services,2026-09-29T01:52:03.431993+00:00
LEA,Auto Components,2026-09-29T01:52:04.655053+00:00
LEVI,"Textiles, Apparel & Luxury Goods",2026-09-29T01:52:10.768402+00:00
LFUS,Electrical Equipment,2026-09-29T01:52:13.218647+00:00
LII,Building,2026-09-29T01:52:23.020105+00:00
LITE,Communications,2026-09-29T01:52:29.123588+00:00
LITX,,2026-09-29T01:52:30.341406+00:00
LITZ,,2026-09-29T01:52:31.553341+00:00
LKQ,Distributors,2026-09-29T01:52:33.992359+00:00
LMBS,,2026-09-29T01:52:40.088277+00:00
LOFF,,2026-09-29T01:52:51.080972+00:00
LOPE,Diversified Consumer Services,2026-09-29T01:52:53.528443+00:00
LPX,Paper & Forest,2026-09-29T01:52:58.417009+00:00
LQD,,2026-09-29T01:52:59.646191+00:00
LRN,Diversified Consumer Services,2026-09-29T01:53:03.302360+00:00
LSTR,Road & Rail,2026-09-29T01:53:05.742756+00:00
LTPZ,,2026-09-29T01:53:10.621427+00:00
LULU,"Textiles, Apparel & Luxury Goods",2026-09-29T01:53:11.842098+00:00
LVHI,,2026-09-29T01:53:15.498934+00:00
LYFT,Road & Rail,2026-09-29T01:53:21.669835+00:00
LYTE,,2026-09-29T01:53:22.892978+00:00
MAGS,,2026-09-29T01:53:31.451350+00:00
MAIR,Building,2026-09-29T01:53:33.886762+00:00
MAN,Professional Services,2026-09-29T01:53:35.105466+00:00
MAS,Building,2026-09-29T01:53:41.227181+00:00
MAT,Leisure Products,2026-09-29T01:53:42.446854+00:00
MATW,Diversified Consumer Services,2026-09-29T01:53:43.667488+00:00
MATX,Marine,2026-09-29T01:53:44.888129+00:00
MBB,,2026-09-29T01:53:47.337966+00:00
MBGL,Professional Services,2026-09-29T01:53:48.556334+00:00
MCHI,,2026-09-29T01:53:53.437890+00:00
MDY,,2026-09-29T01:54:09.283504+00:00
METU,,2026-09-29T01:54:16.617875+00:00
MGA,Auto Components,2026-09-29T01:54:21.501506+00:00
MGC,,2026-09-29T01:54:22.739755+00:00
MGK,,2026-09-29T01:54:23.959950+00:00
MGV,,2026-09-29T01:54:27.611672+00:00
MINT,,2026-09-29T01:54:34.930963+00:00
MIR,Electrical Equipment,2026-09-29T01:54:36.143754+00:00
MLPX,,2026-09-29T01:54:45.887448+00:00
MMS,Professional Services,2026-09-29T01:54:51.979492+00:00
MO,Tobacco,2026-09-29T01:54:58.100915+00:00
MOAT,,2026-09-29T01:54:59.320736+00:00
MOD,Building,2026-09-29T01:55:00.555772+00:00
MOO,,2026-09-29T01:55:04.223276+00:00
MRNX,,2026-09-29T01:55:16.416837+00:00
MSA,Commercial Services & Supplies,2026-09-29T01:55:23.714024+00:00
MSFU,,2026-09-29T01:55:27.369050+00:00
MSI,Communications,2026-09-29T01:55:31.022799+00:00
MSM,Trading Companies & Distributors,2026-09-29T01:55:32.240754+00:00
MSTU,,2026-09-29T01:55:34.674475+00:00
MSTX,,2026-09-29T01:55:35.893598+00:00
MSTY,,2026-09-29T01:55:37.111975+00:00
MTBA,,2026-09-29T01:55:40.773046+00:00
MTUM,,2026-09-29T01:55:51.760312+00:00
MUB,,2026-09-29T01:55:55.419363+00:00
MULL,,2026-09-29T01:55:57.858607+00:00
MUNI,,2026-09-29T01:55:59.089917+00:00
MUU,,2026-09-29T01:56:02.738335+00:00
MVLL,,2026-09-29T01:56:05.175373+00:00
NAIL,,2026-09-29T01:56:12.492680+00:00
NASA,,2026-09-29T01:56:14.926045+00:00
NBIG,,2026-09-29T01:56:18.589482+00:00
NBIL,,2026-09-29T01:56:19.806780+00:00
NBIZ,,2026-09-29T01:56:23.463538+00:00
NEAR,,2026-09-29T01:56:30.795047+00:00
NEBX,,2026-09-29T01:56:32.007023+00:00
NKE,"Textiles, Apparel & Luxury Goods",2026-09-29T01:56:53.937944+00:00
NLR,,2026-09-29T01:56:56.370385+00:00
NNE,Electrical Equipment,2026-09-29T01:57:02.475913+00:00
NOBL,,2026-09-29T01:57:04.923399+00:00
NOK,Communications,2026-09-29T01:57:08.586703+00:00
NOVT,Electrical Equipment,2026-09-29T01:57:11.021230+00:00
NSC,Road & Rail,2026-09-29T01:57:17.118592+00:00
NSIT,Electrical Equipment,2026-09-29T01:57:18.338894+00:00
NSP,Professional Services,2026-09-29T01:57:19.556928+00:00
NTCT,Communications,2026-09-29T01:57:21.996023+00:00
NUGT,,2026-09-29T01:57:35.389550+00:00
NVDL,,2026-09-29T01:57:39.051832+00:00
NVDU,,2026-09-29T01:57:40.282457+00:00
NVDX,,2026-09-29T01:57:41.495893+00:00
NVDY,,2026-09-29T01:57:42.723101+00:00
NVT,Electrical Equipment,2026-09-29T01:57:48.911819+00:00
NXT,Electrical Equipment,2026-09-29T01:57:58.669275+00:00
OC,Building,2026-09-29T01:58:03.544468+00:00
ODFL,Road & Rail,2026-09-29T01:58:07.205957+00:00
OEF,,2026-09-29T01:58:08.443068+00:00
OIH,,2026-09-29T01:58:14.557872+00:00
ONEQ,,2026-09-29T01:58:32.908706+00:00
ONON,"Textiles, Apparel & Luxury Goods",2026-09-29T01:58:34.134970+00:00
OPLN,Commercial Services & Supplies,2026-09-29T01:58:37.807232+00:00
ORCX,,2026-09-29T01:58:42.701534+00:00
OSIS,Electrical Equipment,2026-09-29T01:58:48.809679+00:00
OSW,Diversified Consumer Services,2026-09-29T01:58:51.236469+00:00
OUNZ,,2026-09-29T01:58:56.140285+00:00
OUST,Electrical Equipment,2026-09-29T01:58:57.356286+00:00
PALL,,2026-09-29T01:59:10.778864+00:00
PATK,Auto Components,2026-09-29T01:59:15.660967+00:00
PAVE,,2026-09-29T01:59:16.881758+00:00
PAYC,Professional Services,2026-09-29T01:59:19.323630+00:00
PAYX,Professional Services,2026-09-29T01:59:20.537056+00:00
PBI,Commercial Services & Supplies,2026-09-29T01:59:26.642407+00:00
PCTY,Professional Services,2026-09-29T01:59:35.188645+00:00
PDBC,,2026-09-29T01:59:38.849445+00:00
PFF,,2026-09-29T01:59:53.515587+00:00
PGX,,2026-09-29T02:00:02.116591+00:00
PHIN,Auto Components,2026-09-29T02:00:05.859696+00:00
PHYS,,2026-09-29T02:00:09.558240+00:00
PICK,,2026-09-29T02:00:12.006703+00:00
PII,Leisure Products,2026-09-29T02:00:13.237872+00:00
PKG,Packaging,2026-09-29T02:00:19.361978+00:00
PL,Professional Services,2026-09-29T02:00:20.581480+00:00
PLTU,,2026-09-29T02:00:29.169496+00:00
PLUS,Electrical Equipment,2026-09-29T02:00:30.390208+00:00
PLXS,Electrical Equipment,2026-09-29T02:00:31.624541+00:00
PM,Tobacco,2026-09-29T02:00:32.847998+00:00
POOL,Distributors,2026-09-29T02:00:40.212809+00:00
POWL,Electrical Equipment,2026-09-29T02:00:45.091164+00:00
PPA,,2026-09-29T02:00:46.314993+00:00
PPH,,2026-09-29T02:00:49.990513+00:00
PPLT,,2026-09-29T02:00:53.679099+00:00
PRDO,Diversified Consumer Services,2026-09-29T02:01:01.035070+00:00
PSEP,,2026-09-29T02:01:18.158305+00:00
PSI,,2026-09-29T02:01:19.377282+00:00
PSN,Professional Services,2026-09-29T02:01:23.067096+00:00
PSQ,,2026-09-29T02:01:25.510833+00:00
PTIR,,2026-09-29T02:01:32.859729+00:00
PULS,,2026-09-29T02:01:36.581849+00:00
PVH,"Textiles, Apparel & Luxury Goods",2026-09-29T02:01:39.018183+00:00
PWZ,,2026-09-29T02:01:43.950881+00:00
PZA,,2026-09-29T02:01:46.425892+00:00
QID,,2026-09-29T02:01:53.778432+00:00
QLD,,2026-09-29T02:01:55.008909+00:00
QQQ,,2026-09-29T02:01:59.903248+00:00
QQQI,,2026-09-29T02:02:01.132524+00:00
QQQM,,2026-09-29T02:02:02.350223+00:00
QTEC,,2026-09-29T02:02:06.055103+00:00
QTUM,,2026-09-29T02:02:07.277083+00:00
QUAL,,2026-09-29T02:02:09.729301+00:00
QXO,Trading Companies & Distributors,2026-09-29T02:02:12.176164+00:00
QYLD,,2026-09-29T02:02:13.399198+00:00
R,Road & Rail,2026-09-29T02:02:14.646914+00:00
RAL,Electrical Equipment,2026-09-29T02:02:17.090309+00:00
RAM,,2026-09-29T02:02:18.317095+00:00
RBA,Commercial Services & Supplies,2026-09-29T02:02:21.982514+00:00
RDVI,,2026-09-29T02:02:34.246672+00:00
RDVY,,2026-09-29T02:02:35.477876+00:00
REET,,2026-09-29T02:02:39.151043+00:00
RELX,Professional Services,2026-09-29T02:02:42.836124+00:00
REMX,,2026-09-29T02:02:45.289104+00:00
REZI,Building,2026-09-29T02:02:50.192145+00:00
RHI,Professional Services,2026-09-29T02:02:58.717783+00:00
RING,,2026-09-29T02:03:01.183708+00:00
RKLX,,2026-09-29T02:03:08.538811+00:00
RL,"Textiles, Apparel & Luxury Goods",2026-09-29T02:03:10.988180+00:00
ROBN,,2026-09-29T02:03:21.973300+00:00
ROG,Electrical Equipment,2026-09-29T02:03:23.193980+00:00
ROK,Electrical Equipment,2026-09-29T02:03:25.637623+00:00
ROL,Commercial Services & Supplies,2026-09-29T02:03:28.081024+00:00
RRX,Electrical Equipment,2026-09-29T02:03:37.868112+00:00
RSG,Commercial Services & Supplies,2026-09-29T02:03:40.314890+00:00
RSP,,2026-09-29T02:03:42.762874+00:00
RSPN,,2026-09-29T02:03:43.981903+00:00
RSPT,,2026-09-29T02:03:45.203008+00:00
RTO,Commercial Services & Supplies,2026-09-29T02:03:46.418982+00:00
RUSHA,Trading Companies & Distributors,2026-09-29T02:03:48.855869+00:00
RWL,,2026-09-29T02:03:52.522873+00:00
RWM,,2026-09-29T02:03:53.749202+00:00
RXO,Road & Rail,2026-09-29T02:03:54.972423+00:00
SAIA,Road & Rail,2026-09-29T02:04:04.777031+00:00
SAIC,Professional Services,2026-09-29T02:04:05.991822+00:00
SANM,Electrical Equipment,2026-09-29T02:04:10.873955+00:00
SBIT,,2026-09-29T02:04:19.444101+00:00
SBLK,Marine,2026-09-29T02:04:20.663206+00:00
SCHA,,2026-09-29T02:04:26.778423+00:00
SCHB,,2026-09-29T02:04:27.998743+00:00
SCHD,,2026-09-29T02:04:29.228330+00:00
SCHE,,2026-09-29T02:04:30.479364+00:00
SCHF,,2026-09-29T02:04:31.708513+00:00
SCHG,,2026-09-29T02:04:32.934244+00:00
SCHH,,2026-09-29T02:04:34.159108+00:00
SCHI,,2026-09-29T02:04:35.388476+00:00
SCHK,,2026-09-29T02:04:36.638473+00:00
SCHM,,2026-09-29T02:04:37.864233+00:00
SCHO,,2026-09-29T02:04:39.080093+00:00
SCHP,,2026-09-29T02:04:40.301510+00:00
SCHR,,2026-09-29T02:04:41.521905+00:00
SCHV,,2026-09-29T02:04:42.749811+00:00
SCHX,,2026-09-29T02:04:45.183076+00:00
SCHZ,,2026-09-29T02:04:46.408056+00:00
SCI,Diversified Consumer Services,2026-09-29T02:04:47.633901+00:00
SCO,,2026-09-29T02:04:48.855452+00:00
SCYB,,2026-09-29T02:04:50.101027+00:00
SCZ,,2026-09-29T02:04:51.347966+00:00
SDOW,,2026-09-29T02:04:53.780521+00:00
SDS,,2026-09-29T02:04:56.463369+00:00
SDVY,,2026-09-29T02:04:57.691423+00:00
SDY,,2026-09-29T02:04:58.931680+00:00
SGOL,,2026-09-29T02:05:17.295198+00:00
SGOV,,2026-09-29T02:05:18.512064+00:00
SH,,2026-09-29T02:05:21.233484+00:00
SHLD,,2026-09-29T02:05:27.490248+00:00
SHOO,"Textiles, Apparel & Luxury Goods",2026-09-29T02:05:29.919223+00:00
SHV,,2026-09-29T02:05:32.402554+00:00
SHY,,2026-09-29T02:05:34.847367+00:00
SHYG,,2026-09-29T02:05:36.069810+00:00
SIL,,2026-09-29T02:05:39.726361+00:00
SILJ,,2026-09-29T02:05:40.943388+00:00
SITE,Trading Companies & Distributors,2026-09-29T02:05:44.606722+00:00
SIVR,,2026-09-29T02:05:47.050188+00:00
SJNK,,2026-09-29T02:05:49.490821+00:00
SKHX,,2026-09-29T02:05:50.723711+00:00
SKUU,,2026-09-29T02:05:55.616002+00:00
SKYY,,2026-09-29T02:06:00.509168+00:00
SLGN,Packaging,2026-09-29T02:06:07.930453+00:00
SLV,,2026-09-29T02:06:11.620785+00:00
SLYV,,2026-09-29T02:06:12.843381+00:00
SMCX,,2026-09-29T02:06:17.729450+00:00
SMH,,2026-09-29T02:06:21.408980+00:00
SMMD,,2026-09-29T02:06:22.643044+00:00
SMST,,2026-09-29T02:06:25.083237+00:00
SNDG,,2026-09-29T02:06:29.987658+00:00
SNDQ,,2026-09-29T02:06:32.469878+00:00
SNDR,Road & Rail,2026-09-29T02:06:33.689426+00:00
SNDU,,2026-09-29T02:06:34.921286+00:00
SNK,,2026-09-29T02:06:38.590242+00:00
SNPE,,2026-09-29T02:06:42.257764+00:00
SNX,Electrical Equipment,2026-09-29T02:06:44.699285+00:00
SNXX,,2026-09-29T02:06:45.946065+00:00
SOLT,,2026-09-29T02:06:53.317375+00:00
SON,Packaging,2026-09-29T02:06:55.760203+00:00
SOXL,,2026-09-29T02:06:59.438682+00:00
SOXQ,,2026-09-29T02:07:00.690096+00:00
SOXS,,2026-09-29T02:07:01.914759+00:00
SOXX,,2026-09-29T02:07:03.137718+00:00
SPAB,,2026-09-29T02:07:04.369873+00:00
SPCF,,2026-09-29T02:07:06.824675+00:00
SPDW,,2026-09-29T02:07:09.265918+00:00
SPEM,,2026-09-29T02:07:10.490484+00:00
SPHB,,2026-09-29T02:07:14.161404+00:00
SPHD,,2026-09-29T02:07:15.394645+00:00
SPHQ,,2026-09-29T02:07:16.634695+00:00
SPHY,,2026-09-29T02:07:19.073973+00:00
SPIB,,2026-09-29T02:07:20.295983+00:00
SPLB,,2026-09-29T02:07:21.518860+00:00
SPLV,,2026-09-29T02:07:22.740062+00:00
SPMB,,2026-09-29T02:07:23.989535+00:00
SPMD,,2026-09-29T02:07:25.215476+00:00
SPMO,,2026-09-29T02:07:26.435735+00:00
SPSB,,2026-09-29T02:07:30.091195+00:00
SPSM,,2026-09-29T02:07:32.573720+00:00
SPTI,,2026-09-29T02:07:33.792703+00:00
SPTL,,2026-09-29T02:07:35.016241+00:00
SPTM,,2026-09-29T02:07:36.237310+00:00
SPTS,,2026-09-29T02:07:37.460975+00:00
SPXL,,2026-09-29T02:07:39.905550+00:00
SPXS,,2026-09-29T02:07:41.130437+00:00
SPXU,,2026-09-29T02:07:42.353110+00:00
SPY,,2026-09-29T02:07:43.581672+00:00
SPYD,,2026-09-29T02:07:44.802812+00:00
SPYG,,2026-09-29T02:07:46.027336+00:00
SPYI,,2026-09-29T02:07:47.253129+00:00
SPYM,,2026-09-29T02:07:48.474030+00:00
SPYV,,2026-09-29T02:07:49.719770+00:00
SQQQ,,2026-09-29T02:07:52.159356+00:00
SRLN,,2026-09-29T02:07:57.046893+00:00
SRTY,,2026-09-29T02:08:00.704776+00:00
SSD,Building,2026-09-29T02:08:04.376341+00:00
SSNC,Professional Services,2026-09-29T02:08:06.813881+00:00
SSO,,2026-09-29T02:08:08.046781+00:00
ST,Electrical Equipment,2026-09-29T02:08:10.533065+00:00
STIP,,2026-09-29T02:08:16.652843+00:00
STRA,Diversified Consumer Services,2026-09-29T02:08:24.004833+00:00
SUNB,Trading Companies & Distributors,2026-09-29T02:08:36.222966+00:00
SVIX,,2026-09-29T02:08:39.889608+00:00
SVXY,,2026-09-29T02:08:42.333836+00:00
SW,Packaging,2026-09-29T02:08:43.556421+00:00
TAL,Diversified Consumer Services,2026-09-29T02:09:01.848629+00:00
TAN,,2026-09-29T02:09:04.306238+00:00
TBIL,,2026-09-29T02:09:10.415399+00:00
TCAF,,2026-09-29T02:09:11.652263+00:00
TDIV,,2026-09-29T02:09:18.994384+00:00
TDY,Electrical Equipment,2026-09-29T02:09:22.660998+00:00
TECL,,2026-09-29T02:09:27.537164+00:00
TECS,,2026-09-29T02:09:28.789785+00:00
TEL,Electrical Equipment,2026-09-29T02:09:30.004481+00:00
TETH,,2026-09-29T02:09:36.108997+00:00
TFI,,2026-09-29T02:09:40.990844+00:00
TFII,Road & Rail,2026-09-29T02:09:42.212262+00:00
TFLO,,2026-09-29T02:09:43.433428+00:00
THRO,,2026-09-29T02:09:53.207965+00:00
TIP,,2026-09-29T02:09:55.661983+00:00
TLH,,2026-09-29T02:10:00.557399+00:00
TLT,,2026-09-29T02:10:02.998468+00:00
TLTW,,2026-09-29T02:10:04.222641+00:00
TMF,,2026-09-29T02:10:07.901197+00:00
TMV,,2026-09-29T02:10:11.556113+00:00
TNA,,2026-09-29T02:10:12.778868+00:00
TNET,Professional Services,2026-09-29T02:10:15.214636+00:00
TOTL,,2026-09-29T02:10:22.528831+00:00
TPB,Tobacco,2026-09-29T02:10:23.752556+00:00
TPR,"Textiles, Apparel & Luxury Goods",2026-09-29T02:10:28.629335+00:00
TQQQ,,2026-09-29T02:10:29.842011+00:00
TREX,Building,2026-09-29T02:10:32.295704+00:00
TRI,Professional Services,2026-09-29T02:10:34.738652+00:00
TRU,Professional Services,2026-09-29T02:10:43.325060+00:00
TSLQ,,2026-09-29T02:10:51.874814+00:00
TSLR,,2026-09-29T02:10:53.102927+00:00
TSLT,,2026-09-29T02:10:54.330889+00:00
TSLZ,,2026-09-29T02:10:55.548989+00:00
TT,Building,2026-09-29T02:10:59.221697+00:00
TTEK,Commercial Services & Supplies,2026-09-29T02:11:05.318944+00:00
TTMI,Electrical Equipment,2026-09-29T02:11:06.542097+00:00
TWM,,2026-09-29T02:11:12.798753+00:00
TZA,,2026-09-29T02:11:24.999022+00:00
UBER,Road & Rail,2026-09-29T02:11:28.660988+00:00
UCO,,2026-09-29T02:11:33.549925+00:00
UDOW,,2026-09-29T02:11:35.991297+00:00
UFPI,Building,2026-09-29T02:11:38.439186+00:00
UGL,,2026-09-29T02:11:42.089770+00:00
ULS,Professional Services,2026-09-29T02:11:45.757466+00:00
UMAC,Electrical Equipment,2026-09-29T02:11:48.191117+00:00
UNF,Commercial Services & Supplies,2026-09-29T02:11:51.838909+00:00
UNG,,2026-09-29T02:11:54.278432+00:00
UNP,Road & Rail,2026-09-29T02:11:57.932798+00:00
UPRO,,2026-09-29T02:11:59.155673+00:00
UPS,Logistics & Transportation,2026-09-29T02:12:00.374019+00:00
URA,,2026-09-29T02:12:02.818123+00:00
URI,Trading Companies & Distributors,2026-09-29T02:12:06.473215+00:00
URNM,,2026-09-29T02:12:07.702798+00:00
URTH,,2026-09-29T02:12:08.919877+00:00
URTY,,2026-09-29T02:12:10.141342+00:00
USD,,2026-09-29T02:12:13.811843+00:00
USFR,,2026-09-29T02:12:16.259833+00:00
USHY,,2026-09-29T02:12:17.471969+00:00
USIG,,2026-09-29T02:12:18.693695+00:00
USMV,,2026-09-29T02:12:19.927414+00:00
USO,,2026-09-29T02:12:21.145927+00:00
USRT,,2026-09-29T02:12:22.371356+00:00
UTI,Diversified Consumer Services,2026-09-29T02:12:24.809191+00:00
UUP,,2026-09-29T02:12:27.245213+00:00
UVIX,,2026-09-29T02:12:29.709878+00:00
UVXY,,2026-09-29T02:12:30.931217+00:00
VB,,2026-09-29T02:12:37.045196+00:00
VBK,,2026-09-29T02:12:38.272763+00:00
VBR,,2026-09-29T02:12:39.504425+00:00
VC,Auto Components,2026-09-29T02:12:40.724980+00:00
VCIT,,2026-09-29T02:12:43.173080+00:00
VCLT,,2026-09-29T02:12:44.404482+00:00
VCRB,,2026-09-29T02:12:45.631393+00:00
VCSH,,2026-09-29T02:12:46.880299+00:00
VDC,,2026-09-29T02:12:50.542070+00:00
VDE,,2026-09-29T02:12:51.769117+00:00
VEA,,2026-09-29T02:12:52.988658+00:00
VEU,,2026-09-29T02:12:57.878704+00:00
VFC,"Textiles, Apparel & Luxury Goods",2026-09-29T02:12:59.095006+00:00
VFH,,2026-09-29T02:13:00.315893+00:00
VFLO,,2026-09-29T02:13:01.550125+00:00
VGIT,,2026-09-29T02:13:03.984613+00:00
VGK,,2026-09-29T02:13:05.228470+00:00
VGLT,,2026-09-29T02:13:06.466366+00:00
VGNT,Auto Components,2026-09-29T02:13:07.687390+00:00
VGSH,,2026-09-29T02:13:08.905834+00:00
VGT,,2026-09-29T02:13:10.136907+00:00
VHT,,2026-09-29T02:13:11.353044+00:00
VIAV,Communications,2026-09-29T02:13:13.798803+00:00
VICR,Electrical Equipment,2026-09-29T02:13:16.228681+00:00
VIG,,2026-09-29T02:13:17.443343+00:00
VIGI,,2026-09-29T02:13:18.663051+00:00
VIS,,2026-09-29T02:13:24.764556+00:00
VIXY,,2026-09-29T02:13:27.192209+00:00
VLTO,Commercial Services & Supplies,2026-09-29T02:13:30.860024+00:00
VLUE,,2026-09-29T02:13:32.081954+00:00
VMBS,,2026-09-29T02:13:34.508962+00:00
VNLA,,2026-09-29T02:13:39.390292+00:00
VNQ,,2026-09-29T02:13:43.038648+00:00
VNT,Electrical Equipment,2026-09-29T02:13:44.255526+00:00
VO,,2026-09-29T02:13:45.476777+00:00
VOE,,2026-09-29T02:13:47.905993+00:00
VONE,,2026-09-29T02:13:49.121280+00:00
VONG,,2026-09-29T02:13:50.345987+00:00
VONV,,2026-09-29T02:13:51.576103+00:00
VOO,,2026-09-29T02:13:52.788849+00:00
VOOG,,2026-09-29T02:13:54.013941+00:00
VOT,,2026-09-29T02:13:56.464228+00:00
VOX,,2026-09-29T02:13:57.683515+00:00
VPG,Electrical Equipment,2026-09-29T02:14:01.350341+00:00
VPL,,2026-09-29T02:14:02.576623+00:00
VPLS,,2026-09-29T02:14:03.800941+00:00
VPU,,2026-09-29T02:14:05.018285+00:00
VRSK,Professional Services,2026-09-29T02:14:08.676799+00:00
VRT,Electrical Equipment,2026-09-29T02:14:11.115531+00:00
VSAT,Communications,2026-09-29T02:14:13.550750+00:00
VSH,Electrical Equipment,2026-09-29T02:14:15.996442+00:00
VSS,,2026-09-29T02:14:18.430481+00:00
VSTS,Commercial Services & Supplies,2026-09-29T02:14:20.878317+00:00
VT,,2026-09-29T02:14:23.314538+00:00
VTEB,,2026-09-29T02:14:24.531055+00:00
VTEC,,2026-09-29T02:14:25.744975+00:00
VTEI,,2026-09-29T02:14:26.965626+00:00
VTES,,2026-09-29T02:14:28.185514+00:00
VTI,,2026-09-29T02:14:29.405733+00:00
VTIP,,2026-09-29T02:14:30.625013+00:00
VTV,,2026-09-29T02:14:34.285825+00:00
VTWO,,2026-09-29T02:14:35.520957+00:00
VUG,,2026-09-29T02:14:36.753256+00:00
VUSB,,2026-09-29T02:14:37.974641+00:00
VV,,2026-09-29T02:14:39.193709+00:00
VWO,,2026-09-29T02:14:42.857359+00:00
VWOB,,2026-09-29T02:14:44.079332+00:00
VXF,,2026-09-29T02:14:45.293303+00:00
VXUS,,2026-09-29T02:14:46.511766+00:00
VYM,,2026-09-29T02:14:48.955186+00:00
VYMI,,2026-09-29T02:14:50.180644+00:00
WCC,Trading Companies & Distributors,2026-09-29T02:15:02.439610+00:00
WCLD,,2026-09-29T02:15:03.658748+00:00
WCN,Commercial Services & Supplies,2026-09-29T02:15:04.889089+00:00
WDCX,,2026-09-29T02:15:08.558456+00:00
WERN,Road & Rail,2026-09-29T02:15:13.436148+00:00
WGMI,,2026-09-29T02:15:19.539852+00:00
WM,Commercial Services & Supplies,2026-09-29T02:15:35.198921+00:00
WMS,Building,2026-09-29T02:15:38.856871+00:00
WSO,Trading Companies & Distributors,2026-09-29T02:15:54.768613+00:00
WTV,,2026-09-29T02:16:03.321646+00:00
XAR,,2026-09-29T02:16:11.880987+00:00
XBI,,2026-09-29T02:16:13.123917+00:00
XE,Electrical Equipment,2026-09-29T02:16:14.356368+00:00
XHB,,2026-09-29T02:16:18.002966+00:00
XLB,,2026-09-29T02:16:19.228728+00:00
XLC,,2026-09-29T02:16:20.456178+00:00
XLE,,2026-09-29T02:16:21.676027+00:00
XLF,,2026-09-29T02:16:22.896358+00:00
XLG,,2026-09-29T02:16:24.116369+00:00
XLI,,2026-09-29T02:16:25.341361+00:00
XLK,,2026-09-29T02:16:26.563420+00:00
XLP,,2026-09-29T02:16:27.784082+00:00
XLRE,,2026-09-29T02:16:29.002606+00:00
XLU,,2026-09-29T02:16:30.221518+00:00
XLV,,2026-09-29T02:16:31.447323+00:00
XLY,,2026-09-29T02:16:32.670427+00:00
XME,,2026-09-29T02:16:33.889429+00:00
XMMO,,2026-09-29T02:16:35.109881+00:00
XMTR,Trading Companies & Distributors,2026-09-29T02:16:36.335142+00:00
XOP,,2026-09-29T02:16:39.999966+00:00
XOVR,,2026-09-29T02:16:41.233158+00:00
XPO,Road & Rail,2026-09-29T02:16:43.666512+00:00
XRP,,2026-09-29T02:16:44.897259+00:00
XRT,,2026-09-29T02:16:46.141977+00:00
XSD,,2026-09-29T02:16:47.365008+00:00
XSMO,,2026-09-29T02:16:48.598451+00:00
XXRP,,2026-09-29T02:16:49.814445+00:00
YANG,,2026-09-29T02:16:53.470739+00:00
YETI,Leisure Products,2026-09-29T02:16:55.908401+00:00
YINN,,2026-09-29T02:16:57.130177+00:00
ZBRA,Electrical Equipment,2026-09-29T02:17:06.884842+00:00
ZCSH,,2026-09-29T02:17:08.106043+00:00
ZIM,Marine,2026-09-29T02:17:12.986282+00:00
ZROZ,,2026-09-29T02:17:17.880783+00:00
ZSL,,2026-09-29T02:17:20.320872+00:00
ZTO,Logistics & Transportation,2026-09-29T02:17:21.543492+00:00
ZWS,Building,2026-09-29T02:17:23.975862+00:00
CHPT,Electrical Equipment,2026-10-04T16:18:36.767786+00:00
DAC,Marine,2026-10-04T16:18:37.985047+00:00
DFAR,,2026-10-04T16:18:39.214072+00:00
DFSV,,2026-10-04T16:18:40.432648+00:00
DUHP,,2026-10-04T16:18:42.862661+00:00
IFRA,,2026-10-04T16:18:50.171050+00:00
LPTH,Electrical Equipment,2026-10-04T16:18:56.254208+00:00
MLPI,,2026-10-04T16:18:57.484179+00:00
OMAH,,2026-10-04T16:18:59.917155+00:00
PFFA,,2026-10-04T16:19:01.133389+00:00
SPCG,,2026-10-04T16:19:06.005464+00:00
THRM,Auto Components,2026-10-04T16:19:07.220196+00:00
XRPN,N/A,2026-10-04T16:19:12.093141+00:00
