symbol,date,latest_price,today_volume,today_return,avg_volume_20d,avg_dollar_volume_20d,trailing_vol_20d,is_liquidity_eligible,rel_volume,move_threshold_used,unusual_volume_flag,unusual_move_flag,unusual_activity
MDB,2026-09-28,334.68,17854131,-0.18458239937627907,2853046.3,1066076261.977,0.0610761357300261,True,6.257918422144079,0.15269033932506526,True,True,True
NU,2026-09-28,12.23,143553037,-0.10007358351729212,73072077.5,1040482403.5005001,0.03179165133953444,True,1.9645402445277405,0.0794791283488361,False,True,True
NTES,2026-09-28,121.04,746010,0.04878260116107791,616632.95,72785120.45475,0.01783982652709051,True,1.2098120932395846,0.044599566317726276,False,True,True
POR,2026-09-28,44.18,4621599,-0.05699039487726787,1352768.95,63768306.595000006,0.015070432335597971,True,3.4163993784747944,0.04,True,True,True
ADMA,2026-09-28,10.12,3564398,0.07889125799573549,2926181.0,27322980.158,0.02844968991647626,True,1.2181057836135223,0.07112422479119065,False,True,True
LGND,2026-09-28,314.1,241790,0.041721942159724135,232103.7,67211762.1315,0.016393279424359156,True,1.0417326393331945,0.04098319856089789,False,True,True
MTBA,2026-09-28,46.79,1916595,-0.0059485872105374815,487445.55,23155808.467,0.003553984406159506,True,3.9319160878584287,0.04,True,False,True
KOD,2026-09-28,89.92,38538508,1.7795981452859349,2760918.45,201329512.8675,0.40051941919702577,True,13.958582514452752,1.0012985479925645,True,True,True
LQDA,2026-09-28,73.67,1204339,0.0765746017828437,1223866.85,83282541.118,0.029967704196781755,True,0.9840441384616307,0.07491926049195438,False,True,True
IWY,2026-09-28,294.51,830275,-0.00905114401076712,252411.65,73157126.8195,0.009815120910762127,True,3.289368775173412,0.04,True,False,True
IWX,2026-09-28,110.36,1502477,-0.008801868151607772,352021.55,39298155.1335,0.006154695082527266,True,4.268139265905738,0.04,True,False,True
NESR,2026-09-28,29.81,2351478,-0.07220666044195467,1673402.8,55357291.452,0.02215787378524133,True,1.4052074013501112,0.05539468446310332,False,True,True
MOD,2026-09-28,175.04,3134601,-0.1162720250416519,1297779.4,242358831.60249996,0.03879143194812224,True,2.4153573403923656,0.0969785798703056,False,True,True
ABCL,2026-09-28,13.92,7813857,0.09606299212598435,4370152.0,52573271.0475,0.03627738730032685,True,1.7880057718816187,0.09069346825081712,False,True,True
ZIM,2026-09-28,28.39,4926088,-0.027406646111682087,1536116.8,45008061.1115,0.02233324386129076,True,3.206844687851861,0.0558331096532269,True,False,True
TRP,2026-09-28,58.68,9926606,-0.0017012589316094395,3240525.35,196944187.635,0.010625907572749812,True,3.063270589751751,0.04,True,False,True
UGL,2026-09-28,45.03,4457233,-0.07819856704196515,3141518.75,157008072.1895,0.03071605848930848,True,1.418814705466902,0.0767901462232712,False,True,True
CMF,2026-09-28,53.92,6267236,-0.0024051803885291045,2072490.1,113851634.9329,0.0033223877494627783,True,3.0240125151864414,0.04,True,False,True
TFX,2026-09-28,127.38,1578237,0.04349963135905632,822539.2,106455354.93100001,0.0159032106403559,True,1.9187377331074313,0.04,False,True,True
DASH,2026-09-28,178.39,6845574,-0.07742035581299145,4105331.3,819109152.5979999,0.024809137010439162,True,1.6674839372890564,0.0620228425260979,False,True,True
CVNA,2026-09-28,60.47,15465490,-0.07055026129726416,7153898.65,485018037.646,0.02691023336030803,True,2.161826824314879,0.06727558340077007,False,True,True
BA,2026-09-28,184.39,18043251,-0.06906649164436818,7190207.9,1442865320.599,0.021513703993520896,True,2.5094199292902224,0.05378425998380224,False,True,True
UTI,2026-09-28,18.47,2567553,-0.09014778325123163,1884481.8,38979764.5875,0.02788425128802001,True,1.3624716354384532,0.06971062822005003,False,True,True
BXDC,2026-09-28,18.13,3012595,-0.049790356394129986,2492526.4,48497737.3145,0.016110236974756217,True,1.2086511902140735,0.040275592436890544,False,True,True
XNCR,2026-09-28,25.6,1521457,0.07563025210084029,1436812.0,36141369.31225,0.030199263047165508,True,1.0589116739002737,0.07549815761791377,False,True,True
GLL,2026-09-28,25.3,4982894,0.07981220657277,3242323.15,74582393.8255,0.030950984816021543,True,1.536828307813797,0.07737746204005386,False,True,True
GFI,2026-09-28,35.18,7069640,-0.12877662209014373,3490160.45,151539736.887,0.0391329443401378,True,2.025591688771787,0.09783236085034451,False,True,True
SMG,2026-09-28,48.44,1733422,-0.04814305364511695,983652.35,53500762.997,0.017280626136217107,True,1.7622303245653812,0.04320156534054277,False,True,True
ESLT,2026-09-28,704.27,75070,-0.04180952380952385,70262.45,50919370.971750006,0.012856978403027724,True,1.068422749277886,0.04,False,True,True
SUPN,2026-09-28,44.6,728190,0.04547585560243794,631671.1,26992993.861500002,0.018133864248074647,True,1.1527992969759104,0.045334660620186616,False,True,True
SOBO,2026-09-28,34.01,3479079,0.0005884083553986397,757977.25,27094614.2785,0.010301234434061897,True,4.589951743274617,0.04,True,False,True
FLUT,2026-09-28,76.63,3530243,-0.07929832992911223,3099128.55,289465781.107,0.02952909283062543,True,1.139108282552526,0.07382273207656358,False,True,True
SMMD,2026-09-28,85.95,1674464,-0.007963988919667542,518368.25,45491186.7185,0.007130635138358776,True,3.230259569331262,0.04,True,False,True
